id_retour,id_vente,id_client,id_produit,date_retour,motif,quantite_retournee,montant_rembourse,statut_retour
RET00001,VNT032103,CLT04361,PRD0055,2023-01-28,Mauvaise taille,1,2134.47,en_traitement
RET00002,VNT035584,CLT08397,PRD0293,2024-12-20,Arrivé endommagé,1,457.39,remboursé
RET00003,VNT042647,CLT10942,PRD0103,2023-03-09,Doublon de commande,2,99.75,en_traitement
RET00004,VNT044900,CLT11137,PRD0303,2022-08-27,Ne correspond pas à la description,1,159.57,remboursé
RET00005,VNT013901,CLT06203,PRD0251,2022-04-10,Mauvaise taille,1,111.82,remboursé
RET00006,VNT000332,CLT10808,PRD0298,2024-05-02,Arrivé endommagé,2,515.67,remboursé
RET00007,VNT032925,CLT08655,PRD0303,2022-06-02,Mauvaise taille,2,1026.04,remboursé
RET00008,VNT049627,CLT00648,PRD0159,2022-01-25,Mauvaise taille,2,1439.81,refusé
RET00009,VNT054799,CLT04918,PRD0293,2023-01-15,Produit défectueux,1,412.78,remboursé
RET00010,VNT047191,CLT11944,PRD0383,2024-12-23,Ne correspond pas à la description,1,997.58,remboursé
RET00011,VNT026883,CLT04979,PRD0147,2023-02-24,Mauvaise taille,6,305.6,remboursé
RET00012,VNT051619,CLT02302,PRD0055,2024-08-28,Produit défectueux,2,1258.1,remboursé
RET00013,VNT044088,CLT05656,PRD0220,2025-01-08,Mauvaise taille,5,15434.85,en_traitement
RET00014,VNT031604,CLT11705,PRD0095,2024-04-21,Mauvaise taille,1,417.88,refusé
RET00015,VNT047647,CLT10164,PRD0145,2022-10-02,Mauvaise taille,2,45.15,remboursé
RET00016,VNT044109,CLT01059,PRD0280,2024-01-21,Produit défectueux,1,109.25,en_traitement
RET00017,VNT017529,CLT09649,PRD0002,2022-02-04,Ne correspond pas à la description,2,11361.89,remboursé
RET00018,VNT011611,CLT07909,PRD0282,2022-11-19,Arrivé endommagé,3,342.39,refusé
RET00019,VNT049821,CLT07180,PRD0064,2022-09-28,Produit défectueux,1,202.66,remboursé
RET00020,VNT019842,CLT00558,PRD0393,2022-03-10,Produit défectueux,1,491.89,remboursé
RET00021,VNT039221,CLT00620,PRD0395,2025-01-29,Arrivé endommagé,3,3229.87,remboursé
RET00022,VNT042038,CLT11222,PRD0026,2024-07-28,Ne correspond pas à la description,2,2041.34,remboursé
RET00023,VNT050085,CLT11959,PRD0001,2022-03-30,Ne correspond pas à la description,5,13490.8,en_traitement
RET00024,VNT004336,CLT09958,PRD0267,2023-02-17,Changement d'avis,1,165.06,remboursé
RET00025,VNT031734,CLT02806,PRD0007,2022-05-07,Produit défectueux,4,1516.08,en_traitement
RET00026,VNT010094,CLT00407,PRD0386,2023-03-05,Doublon de commande,2,173.3,remboursé
RET00027,VNT047999,CLT04942,PRD0019,2024-09-26,Doublon de commande,2,10007.01,remboursé
RET00028,VNT048418,CLT07111,PRD0263,2023-06-14,Arrivé endommagé,6,2133.18,remboursé
RET00029,VNT052778,CLT04319,PRD0202,2022-03-06,Produit défectueux,1,1517.57,remboursé
RET00030,VNT028119,CLT05670,PRD0318,2024-03-07,Délai de livraison dépassé,1,184.95,en_traitement
RET00031,VNT041630,CLT00949,PRD0172,2023-12-05,Mauvaise taille,1,483.59,remboursé
RET00032,VNT054612,CLT03283,PRD0057,2023-10-08,Ne correspond pas à la description,1,2598.02,remboursé
RET00033,VNT012611,CLT08164,PRD0094,2023-11-04,Ne correspond pas à la description,5,4751.03,remboursé
RET00034,VNT013132,CLT00430,PRD0301,2023-06-07,Arrivé endommagé,1,503.56,en_traitement
RET00035,VNT027881,CLT07228,PRD0388,2022-05-26,Changement d'avis,3,1303.45,remboursé
RET00036,VNT019601,CLT01346,PRD0126,2022-07-09,Produit défectueux,2,342.06,remboursé
RET00037,VNT007926,CLT09952,PRD0243,2023-02-10,Produit défectueux,3,15714.9,refusé
RET00038,VNT020705,CLT09591,PRD0097,2022-11-08,Arrivé endommagé,1,440.86,remboursé
RET00039,VNT011078,CLT02554,PRD0283,2024-04-11,Mauvaise taille,1,257.03,en_traitement
RET00040,VNT049440,CLT06884,PRD0358,2023-11-11,Changement d'avis,1,64.32,remboursé
RET00041,VNT005703,CLT11749,PRD0079,2022-11-21,Délai de livraison dépassé,4,1126.11,remboursé
RET00042,VNT036076,CLT08613,PRD0051,2023-03-22,Arrivé endommagé,3,1608.89,remboursé
RET00043,VNT020904,CLT11284,PRD0021,2023-05-07,Produit défectueux,1,370.26,refusé
RET00044,VNT049936,CLT01041,PRD0045,2022-08-01,Changement d'avis,3,2305.38,en_traitement
RET00045,VNT036223,CLT06582,PRD0073,2024-02-21,Mauvaise taille,1,509.65,remboursé
RET00046,VNT005900,CLT05847,PRD0330,2024-11-14,Ne correspond pas à la description,1,49.41,remboursé
RET00047,VNT054711,CLT00450,PRD0211,2023-02-21,Mauvaise taille,2,2313.67,remboursé
RET00048,VNT023693,CLT11295,PRD0181,2024-09-13,Arrivé endommagé,5,4966.42,remboursé
RET00049,VNT039281,CLT00676,PRD0190,2022-03-12,Qualité insuffisante,1,1313.33,en_traitement
RET00050,VNT054651,CLT05020,PRD0164,2024-10-18,Ne correspond pas à la description,1,280.48,remboursé
RET00051,VNT005464,CLT08109,PRD0205,2023-03-12,Ne correspond pas à la description,4,5765.43,remboursé
RET00052,VNT032299,CLT04898,PRD0144,2024-06-13,Arrivé endommagé,2,231.86,en_traitement
RET00053,VNT013606,CLT08546,PRD0348,2022-06-16,Arrivé endommagé,2,541.37,en_traitement
RET00054,VNT053253,CLT10588,PRD0192,2024-03-10,Arrivé endommagé,1,848.31,en_traitement
RET00055,VNT006083,CLT03408,PRD0400,2024-11-01,Ne correspond pas à la description,2,576.48,en_traitement
RET00056,VNT026289,CLT02352,PRD0164,2022-04-20,Mauvaise taille,1,653.79,en_traitement
RET00057,VNT043157,CLT07552,PRD0285,2023-12-24,Produit défectueux,2,325.13,refusé
RET00058,VNT033732,CLT09397,PRD0347,2022-11-23,Produit défectueux,1,174.97,remboursé
RET00059,VNT022687,CLT09130,PRD0050,2022-09-13,Changement d'avis,1,3603.47,remboursé
RET00060,VNT007281,CLT01026,PRD0203,2024-03-11,Doublon de commande,7,12671.18,remboursé
RET00061,VNT024964,CLT04162,PRD0360,2024-06-08,Mauvaise taille,1,513.23,remboursé
RET00062,VNT029696,CLT03641,PRD0198,2024-10-02,Produit défectueux,3,2120.84,remboursé
RET00063,VNT048171,CLT06037,PRD0082,2022-11-12,Mauvaise taille,1,547.99,refusé
RET00064,VNT028524,CLT02654,PRD0152,2022-08-19,Arrivé endommagé,2,2610.58,en_traitement
RET00065,VNT033377,CLT08702,PRD0240,2023-01-15,Mauvaise taille,2,2751.06,en_traitement
RET00066,VNT054054,CLT10161,PRD0035,2022-03-17,Ne correspond pas à la description,1,8480.36,remboursé
RET00067,VNT006581,CLT03080,PRD0031,2023-11-18,Doublon de commande,1,3050.05,refusé
RET00068,VNT010810,CLT09471,PRD0284,2024-09-21,Produit défectueux,1,92.87,remboursé
RET00069,VNT017880,CLT06285,PRD0216,2022-07-17,Produit défectueux,1,1460.97,remboursé
RET00070,VNT031822,CLT00829,PRD0014,2022-06-28,Produit défectueux,1,3226.13,remboursé
RET00071,VNT054894,CLT08798,PRD0393,2023-05-24,Délai de livraison dépassé,1,507.92,remboursé
RET00072,VNT053942,CLT03081,PRD0215,2025-01-07,Qualité insuffisante,1,5195.84,remboursé
RET00073,VNT051115,CLT07710,PRD0383,2023-10-09,Produit défectueux,2,837.21,en_traitement
RET00074,VNT031446,CLT05756,PRD0144,2024-07-12,Arrivé endommagé,2,461.16,remboursé
RET00075,VNT027110,CLT11616,PRD0052,2022-02-06,Produit défectueux,1,464.66,remboursé
RET00076,VNT041806,CLT05345,PRD0291,2024-07-23,Arrivé endommagé,2,326.91,remboursé
RET00077,VNT014353,CLT06644,PRD0012,2022-01-16,Ne correspond pas à la description,3,9883.27,remboursé
RET00078,VNT033580,CLT01318,PRD0360,2023-12-03,Mauvaise taille,4,2488.69,remboursé
RET00079,VNT049381,CLT09162,PRD0235,2024-06-04,Produit défectueux,1,2301.39,remboursé
RET00080,VNT007759,CLT06128,PRD0247,2022-12-15,Produit défectueux,1,90.6,remboursé
RET00081,VNT018279,CLT11394,PRD0281,2022-09-19,Ne correspond pas à la description,2,654.5,en_traitement
RET00082,VNT037181,CLT00396,PRD0189,2023-05-14,Ne correspond pas à la description,1,69.8,remboursé
RET00083,VNT000007,CLT09519,PRD0136,2024-10-12,Produit défectueux,1,117.1,remboursé
RET00084,VNT004976,CLT00158,PRD0274,2024-03-30,Mauvaise taille,1,607.2,refusé
RET00085,VNT042172,CLT08445,PRD0247,2024-11-05,Produit défectueux,3,378.05,remboursé
RET00086,VNT047340,CLT01938,PRD0239,2024-05-21,Arrivé endommagé,1,10379.78,remboursé
RET00087,VNT019340,CLT11842,PRD0201,2023-02-17,Mauvaise taille,1,1575.97,remboursé
RET00088,VNT047513,CLT07458,PRD0198,2022-12-14,Produit défectueux,1,415.65,remboursé
RET00089,VNT017791,CLT11713,PRD0015,2023-06-11,Arrivé endommagé,1,1331.18,remboursé
RET00090,VNT002700,CLT04509,PRD0018,2024-12-10,Mauvaise taille,2,5694.73,refusé
RET00091,VNT018292,CLT07901,PRD0042,2024-09-13,Mauvaise taille,1,8962.4,remboursé
RET00092,VNT031666,CLT11440,PRD0194,2024-05-13,Mauvaise taille,2,718.46,en_traitement
RET00093,VNT023278,CLT09842,PRD0137,2023-02-07,Mauvaise taille,1,44.87,refusé
RET00094,VNT034989,CLT05372,PRD0188,2022-04-01,Arrivé endommagé,4,292.96,remboursé
RET00095,VNT007857,CLT11915,PRD0361,2023-07-27,Arrivé endommagé,1,223.01,remboursé
RET00096,VNT006023,CLT03371,PRD0329,2022-11-14,Ne correspond pas à la description,1,654.52,remboursé
RET00097,VNT041142,CLT00519,PRD0037,2022-12-13,Ne correspond pas à la description,3,4397.17,remboursé
RET00098,VNT033068,CLT05175,PRD0371,2023-01-02,Mauvaise taille,3,823.06,remboursé
RET00099,VNT004721,CLT06476,PRD0302,2022-11-03,Ne correspond pas à la description,6,1275.29,remboursé
RET00100,VNT054749,CLT07669,PRD0341,2022-07-06,Ne correspond pas à la description,1,70.59,remboursé
RET00101,VNT007905,CLT07765,PRD0352,2024-03-13,Produit défectueux,3,1628.95,en_traitement
RET00102,VNT036555,CLT03486,PRD0012,2022-06-11,Doublon de commande,1,9032.6,remboursé
RET00103,VNT014368,CLT05027,PRD0241,2024-09-23,Changement d'avis,1,1532.7,remboursé
RET00104,VNT000845,CLT02759,PRD0301,2022-07-30,Délai de livraison dépassé,1,163.3,en_traitement
RET00105,VNT039964,CLT06964,PRD0359,2024-05-12,Doublon de commande,2,815.87,remboursé
RET00106,VNT009417,CLT07703,PRD0275,2022-09-14,Délai de livraison dépassé,1,70.57,remboursé
RET00107,VNT034280,CLT08934,PRD0145,2023-12-11,Arrivé endommagé,2,19.89,en_traitement
RET00108,VNT054732,CLT00805,PRD0275,2023-07-30,Ne correspond pas à la description,1,81.66,remboursé
RET00109,VNT049465,CLT10608,PRD0091,2022-04-07,Produit défectueux,1,425.25,remboursé
RET00110,VNT054913,CLT00302,PRD0097,2024-03-22,Ne correspond pas à la description,1,484.95,remboursé
RET00111,VNT002920,CLT01586,PRD0048,2022-10-03,Produit défectueux,1,5359.44,remboursé
RET00112,VNT021330,CLT09571,PRD0001,2024-06-09,Ne correspond pas à la description,1,16496.86,remboursé
RET00113,VNT015170,CLT07806,PRD0396,2022-03-15,Ne correspond pas à la description,1,88.18,remboursé
RET00114,VNT012095,CLT02259,PRD0019,2024-08-06,Qualité insuffisante,1,2154.3,remboursé
RET00115,VNT035287,CLT03144,PRD0258,2023-07-31,Mauvaise taille,1,928.24,en_traitement
RET00116,VNT006727,CLT10817,PRD0378,2023-03-31,Produit défectueux,1,2095.34,refusé
RET00117,VNT009524,CLT03878,PRD0119,2024-08-06,Qualité insuffisante,4,283.03,remboursé
RET00118,VNT009684,CLT02082,PRD0009,2023-09-11,Ne correspond pas à la description,2,6736.22,refusé
RET00119,VNT007920,CLT07726,PRD0193,2022-02-16,Arrivé endommagé,1,1105.4,remboursé
RET00120,VNT028742,CLT11016,PRD0266,2023-09-12,Ne correspond pas à la description,1,60.34,refusé
RET00121,VNT015693,CLT05357,PRD0332,2022-07-14,Arrivé endommagé,1,81.27,remboursé
RET00122,VNT039027,CLT07821,PRD0356,2022-03-13,Mauvaise taille,1,310.5,remboursé
RET00123,VNT002983,CLT09313,PRD0342,2024-12-05,Ne correspond pas à la description,4,457.59,refusé
RET00124,VNT029560,CLT09931,PRD0291,2024-11-14,Ne correspond pas à la description,5,1553.87,remboursé
RET00125,VNT007510,CLT11805,PRD0177,2023-03-16,Arrivé endommagé,1,1565.78,refusé
RET00126,VNT051384,CLT06197,PRD0173,2022-04-01,Mauvaise taille,1,295.26,remboursé
RET00127,VNT027012,CLT06804,PRD0033,2024-05-30,Produit défectueux,4,5178.88,remboursé
RET00128,VNT030493,CLT04804,PRD0138,2024-01-23,Délai de livraison dépassé,1,143.65,remboursé
RET00129,VNT037748,CLT09300,PRD0271,2023-08-02,Ne correspond pas à la description,1,382.95,refusé
RET00130,VNT008493,CLT01932,PRD0342,2024-03-17,Changement d'avis,6,941.96,en_traitement
RET00131,VNT010274,CLT05593,PRD0377,2023-08-05,Arrivé endommagé,1,192.84,remboursé
RET00132,VNT010370,CLT06242,PRD0217,2024-03-19,Ne correspond pas à la description,1,546.68,remboursé
RET00133,VNT034576,CLT02872,PRD0089,2022-05-12,Produit défectueux,4,2248.17,remboursé
RET00134,VNT000509,CLT07907,PRD0180,2024-10-17,Arrivé endommagé,1,295.54,remboursé
RET00135,VNT045397,CLT10915,PRD0051,2025-01-15,Ne correspond pas à la description,1,729.03,en_traitement
RET00136,VNT036583,CLT09649,PRD0125,2023-11-19,Produit défectueux,1,35.38,remboursé
RET00137,VNT004414,CLT03578,PRD0361,2024-08-30,Doublon de commande,1,137.11,en_traitement
RET00138,VNT038157,CLT09087,PRD0046,2022-09-18,Mauvaise taille,1,4762.98,remboursé
RET00139,VNT018440,CLT04925,PRD0276,2022-05-07,Mauvaise taille,2,1055.15,remboursé
RET00140,VNT041666,CLT07724,PRD0070,2022-09-06,Ne correspond pas à la description,4,4096.86,remboursé
RET00141,VNT022884,CLT07540,PRD0182,2022-01-31,Doublon de commande,1,2240.2,remboursé
RET00142,VNT040655,CLT11233,PRD0199,2023-09-25,Produit défectueux,2,1333.6,remboursé
RET00143,VNT014687,CLT09785,PRD0177,2024-03-28,Mauvaise taille,1,1512.22,remboursé
RET00144,VNT039758,CLT11566,PRD0375,2024-04-09,Produit défectueux,2,404.67,remboursé
RET00145,VNT018250,CLT02420,PRD0094,2023-09-18,Produit défectueux,2,1605.26,en_traitement
RET00146,VNT030599,CLT06029,PRD0349,2023-04-12,Mauvaise taille,1,71.75,remboursé
RET00147,VNT003339,CLT11848,PRD0172,2023-04-29,Arrivé endommagé,1,408.71,remboursé
RET00148,VNT015974,CLT05584,PRD0071,2022-09-25,Ne correspond pas à la description,1,2274.49,remboursé
RET00149,VNT046910,CLT05102,PRD0081,2024-02-17,Arrivé endommagé,1,649.52,remboursé
RET00150,VNT047911,CLT04559,PRD0295,2023-07-23,Mauvaise taille,1,158.03,remboursé
RET00151,VNT007056,CLT08067,PRD0350,2022-03-02,Produit défectueux,1,911.38,refusé
RET00152,VNT054425,CLT02903,PRD0039,2022-02-14,Mauvaise taille,1,3678.31,remboursé
RET00153,VNT022177,CLT07704,PRD0297,2022-03-23,Mauvaise taille,2,708.1,refusé
RET00154,VNT035123,CLT01235,PRD0400,2022-04-16,Ne correspond pas à la description,1,426.8,remboursé
RET00155,VNT025761,CLT10442,PRD0223,2022-10-16,Mauvaise taille,1,3789.35,remboursé
RET00156,VNT024930,CLT08123,PRD0281,2023-09-13,Arrivé endommagé,1,427.47,remboursé
RET00157,VNT054224,CLT02833,PRD0271,2022-08-20,Qualité insuffisante,2,1235.27,remboursé
RET00158,VNT030208,CLT04122,PRD0145,2024-11-22,Produit défectueux,2,19.58,refusé
RET00159,VNT016946,CLT08423,PRD0287,2024-07-13,Mauvaise taille,4,244.35,remboursé
RET00160,VNT015663,CLT10505,PRD0348,2022-07-21,Produit défectueux,1,348.21,en_traitement
RET00161,VNT006418,CLT05721,PRD0015,2024-12-12,Doublon de commande,4,6679.25,refusé
RET00162,VNT047432,CLT04396,PRD0088,2023-05-20,Produit défectueux,2,209.01,remboursé
RET00163,VNT047103,CLT09462,PRD0160,2023-01-23,Doublon de commande,1,3896.27,refusé
RET00164,VNT050576,CLT02900,PRD0364,2025-01-11,Ne correspond pas à la description,3,473.14,remboursé
RET00165,VNT022877,CLT10507,PRD0288,2023-01-11,Arrivé endommagé,2,928.27,remboursé
RET00166,VNT023560,CLT06676,PRD0026,2024-12-01,Changement d'avis,1,965.31,refusé
RET00167,VNT049224,CLT04348,PRD0043,2024-11-12,Ne correspond pas à la description,5,25678.15,en_traitement
RET00168,VNT030922,CLT10060,PRD0362,2024-08-26,Mauvaise taille,3,388.02,remboursé
RET00169,VNT033342,CLT03215,PRD0053,2022-03-21,Qualité insuffisante,2,856.01,remboursé
RET00170,VNT036915,CLT06252,PRD0174,2024-12-16,Arrivé endommagé,2,1747.9,refusé
RET00171,VNT030998,CLT04277,PRD0203,2024-01-21,Ne correspond pas à la description,1,5252.81,remboursé
RET00172,VNT010174,CLT01167,PRD0369,2022-09-09,Mauvaise taille,1,234.53,refusé
RET00173,VNT013451,CLT11842,PRD0183,2022-02-02,Arrivé endommagé,1,1604.15,remboursé
RET00174,VNT005603,CLT03210,PRD0285,2023-02-21,Produit défectueux,1,142.19,remboursé
RET00175,VNT015031,CLT08892,PRD0183,2023-06-07,Arrivé endommagé,1,572.17,remboursé
RET00176,VNT022918,CLT02110,PRD0378,2024-11-20,Changement d'avis,1,1406.83,remboursé
RET00177,VNT010765,CLT07013,PRD0090,2024-10-15,Produit défectueux,1,2958.45,remboursé
RET00178,VNT052551,CLT04793,PRD0210,2024-02-16,Ne correspond pas à la description,1,163.17,refusé
RET00179,VNT040585,CLT03513,PRD0112,2022-06-30,Changement d'avis,1,673.52,remboursé
RET00180,VNT033793,CLT09046,PRD0306,2024-01-20,Mauvaise taille,1,250.75,remboursé
RET00181,VNT050694,CLT11372,PRD0187,2024-11-18,Mauvaise taille,1,1943.99,remboursé
RET00182,VNT044420,CLT03130,PRD0248,2022-08-27,Qualité insuffisante,2,624.47,remboursé
RET00183,VNT040872,CLT04285,PRD0221,2022-09-21,Changement d'avis,2,179.85,en_traitement
RET00184,VNT025302,CLT05217,PRD0228,2024-06-07,Arrivé endommagé,3,1323.49,en_traitement
RET00185,VNT017454,CLT00914,PRD0243,2024-10-03,Ne correspond pas à la description,1,2590.25,remboursé
RET00186,VNT015770,CLT06268,PRD0206,2023-09-13,Doublon de commande,5,11374.83,remboursé
RET00187,VNT035697,CLT11009,PRD0317,2023-09-27,Produit défectueux,1,169.33,en_traitement
RET00188,VNT040911,CLT11847,PRD0287,2023-04-24,Arrivé endommagé,3,333.97,remboursé
RET00189,VNT014656,CLT04054,PRD0038,2024-10-31,Changement d'avis,2,3751.66,refusé
RET00190,VNT053063,CLT05955,PRD0365,2024-09-12,Qualité insuffisante,4,1908.66,remboursé
RET00191,VNT050064,CLT04754,PRD0118,2022-08-30,Arrivé endommagé,2,433.89,en_traitement
RET00192,VNT013594,CLT08704,PRD0141,2023-10-13,Changement d'avis,1,158.63,en_traitement
RET00193,VNT004944,CLT07612,PRD0079,2024-05-16,Ne correspond pas à la description,1,378.77,remboursé
RET00194,VNT043136,CLT02286,PRD0311,2024-05-07,Ne correspond pas à la description,3,356.2,remboursé
RET00195,VNT054844,CLT03748,PRD0005,2024-08-11,Mauvaise taille,1,700.18,remboursé
RET00196,VNT052503,CLT03287,PRD0372,2024-01-23,Changement d'avis,1,684.15,en_traitement
RET00197,VNT025261,CLT02958,PRD0074,2023-02-06,Changement d'avis,1,696.89,remboursé
RET00198,VNT002376,CLT08006,PRD0194,2024-08-22,Produit défectueux,2,626.91,remboursé
RET00199,VNT041454,CLT02484,PRD0143,2023-08-10,Produit défectueux,2,72.9,remboursé
RET00200,VNT030139,CLT06567,PRD0386,2024-10-21,Arrivé endommagé,1,74.98,remboursé
RET00201,VNT040524,CLT11524,PRD0396,2023-02-02,Ne correspond pas à la description,1,489.95,remboursé
RET00202,VNT004498,CLT09700,PRD0002,2022-05-16,Changement d'avis,1,6759.89,remboursé
RET00203,VNT047433,CLT08668,PRD0231,2024-04-06,Arrivé endommagé,2,2450.37,en_traitement
RET00204,VNT046480,CLT06798,PRD0163,2022-12-13,Mauvaise taille,3,2298.33,remboursé
RET00205,VNT000294,CLT10180,PRD0170,2024-03-02,Produit défectueux,1,1099.12,remboursé
RET00206,VNT031078,CLT01383,PRD0242,2024-11-14,Délai de livraison dépassé,1,761.76,refusé
RET00207,VNT053715,CLT01370,PRD0195,2024-08-30,Mauvaise taille,3,2563.28,remboursé
RET00208,VNT040015,CLT10900,PRD0375,2024-10-20,Ne correspond pas à la description,4,1266.37,remboursé
RET00209,VNT017593,CLT09904,PRD0186,2024-06-20,Ne correspond pas à la description,1,2890.99,remboursé
RET00210,VNT008745,CLT09535,PRD0260,2023-09-12,Arrivé endommagé,3,733.55,remboursé
RET00211,VNT014950,CLT07690,PRD0104,2022-12-29,Délai de livraison dépassé,1,111.72,remboursé
RET00212,VNT042249,CLT08005,PRD0211,2024-04-09,Ne correspond pas à la description,1,1409.8,remboursé
RET00213,VNT007785,CLT07143,PRD0166,2022-11-17,Qualité insuffisante,2,433.57,remboursé
RET00214,VNT014243,CLT02779,PRD0373,2024-03-28,Mauvaise taille,2,793.52,remboursé
RET00215,VNT019289,CLT11762,PRD0344,2022-04-11,Produit défectueux,3,690.34,remboursé
RET00216,VNT036099,CLT11745,PRD0199,2024-07-13,Délai de livraison dépassé,1,944.95,remboursé
RET00217,VNT018579,CLT02944,PRD0301,2023-01-09,Mauvaise taille,1,140.9,en_traitement
RET00218,VNT002224,CLT00188,PRD0186,2024-11-04,Qualité insuffisante,1,1856.15,remboursé
RET00219,VNT014563,CLT03133,PRD0111,2023-05-13,Arrivé endommagé,1,320.84,remboursé
RET00220,VNT048052,CLT02514,PRD0190,2023-10-03,Produit défectueux,4,3138.93,en_traitement
RET00221,VNT046667,CLT07090,PRD0381,2025-01-07,Ne correspond pas à la description,1,539.74,remboursé
RET00222,VNT013617,CLT08866,PRD0089,2024-01-23,Qualité insuffisante,1,2522.79,remboursé
RET00223,VNT001131,CLT08511,PRD0094,2022-05-05,Produit défectueux,1,1869.39,remboursé
RET00224,VNT054748,CLT08992,PRD0216,2024-02-07,Ne correspond pas à la description,5,4354.18,remboursé
RET00225,VNT038243,CLT02755,PRD0365,2024-05-31,Arrivé endommagé,1,311.65,remboursé
RET00226,VNT045460,CLT06325,PRD0353,2024-07-27,Ne correspond pas à la description,1,416.32,en_traitement
RET00227,VNT001985,CLT04878,PRD0303,2022-05-19,Ne correspond pas à la description,1,165.05,remboursé
RET00228,VNT053558,CLT06324,PRD0214,2024-10-06,Produit défectueux,1,2257.16,remboursé
RET00229,VNT052290,CLT03401,PRD0334,2023-09-07,Ne correspond pas à la description,2,96.81,remboursé
RET00230,VNT023044,CLT10658,PRD0258,2024-05-05,Qualité insuffisante,1,302.66,remboursé
RET00231,VNT035131,CLT09634,PRD0333,2022-01-27,Doublon de commande,1,95.15,remboursé
RET00232,VNT011082,CLT06781,PRD0287,2023-07-16,Doublon de commande,1,77.82,remboursé
RET00233,VNT001688,CLT07500,PRD0364,2022-09-01,Ne correspond pas à la description,1,169.72,remboursé
RET00234,VNT046963,CLT09965,PRD0274,2024-06-04,Produit défectueux,2,688.15,en_traitement
RET00235,VNT029054,CLT01690,PRD0156,2024-07-19,Arrivé endommagé,3,2016.74,remboursé
RET00236,VNT023391,CLT09481,PRD0044,2024-05-11,Ne correspond pas à la description,1,1866.52,remboursé
RET00237,VNT044526,CLT04194,PRD0029,2024-09-09,Délai de livraison dépassé,2,5676.77,remboursé
RET00238,VNT051964,CLT00911,PRD0266,2023-09-06,Mauvaise taille,1,60.95,remboursé
RET00239,VNT054170,CLT04052,PRD0101,2024-12-23,Mauvaise taille,1,27.66,remboursé
RET00240,VNT018818,CLT09751,PRD0345,2024-09-26,Mauvaise taille,3,393.87,remboursé
RET00241,VNT030933,CLT06086,PRD0279,2024-10-15,Changement d'avis,1,161.8,remboursé
RET00242,VNT015239,CLT00608,PRD0243,2023-11-15,Mauvaise taille,1,3826.96,remboursé
RET00243,VNT046866,CLT06265,PRD0389,2022-05-06,Produit défectueux,1,377.09,remboursé
RET00244,VNT013535,CLT02478,PRD0205,2024-04-26,Délai de livraison dépassé,1,1727.47,en_traitement
RET00245,VNT024570,CLT04561,PRD0212,2023-03-04,Produit défectueux,2,3022.85,remboursé
RET00246,VNT011444,CLT06840,PRD0383,2024-10-25,Produit défectueux,1,282.66,en_traitement
RET00247,VNT050236,CLT00374,PRD0202,2022-09-19,Produit défectueux,1,788.78,remboursé
RET00248,VNT005322,CLT06463,PRD0227,2024-06-03,Mauvaise taille,1,7266.45,en_traitement
RET00249,VNT053246,CLT02012,PRD0206,2024-04-24,Mauvaise taille,1,5249.93,remboursé
RET00250,VNT038215,CLT09015,PRD0135,2022-03-26,Produit défectueux,4,311.31,en_traitement
RET00251,VNT038715,CLT03329,PRD0087,2023-06-21,Ne correspond pas à la description,4,4661.98,remboursé
RET00252,VNT043482,CLT05562,PRD0146,2022-02-12,Produit défectueux,1,66.94,refusé
RET00253,VNT049422,CLT05621,PRD0022,2023-06-29,Ne correspond pas à la description,7,2816.71,remboursé
RET00254,VNT038032,CLT06692,PRD0270,2023-02-08,Doublon de commande,1,795.49,remboursé
RET00255,VNT011032,CLT04310,PRD0128,2022-10-05,Produit défectueux,1,372.16,remboursé
RET00256,VNT018782,CLT07549,PRD0134,2024-08-20,Ne correspond pas à la description,2,182.09,refusé
RET00257,VNT008130,CLT10645,PRD0145,2024-05-05,Ne correspond pas à la description,4,88.2,en_traitement
RET00258,VNT021651,CLT03459,PRD0167,2024-10-29,Mauvaise taille,1,462.54,en_traitement
RET00259,VNT015566,CLT03699,PRD0223,2023-09-08,Produit défectueux,4,5976.62,en_traitement
RET00260,VNT032671,CLT00780,PRD0303,2023-12-29,Arrivé endommagé,1,189.25,remboursé
RET00261,VNT033521,CLT09471,PRD0379,2023-11-05,Ne correspond pas à la description,1,458.59,remboursé
RET00262,VNT009112,CLT11418,PRD0120,2023-11-08,Arrivé endommagé,1,123.53,en_traitement
RET00263,VNT046612,CLT04560,PRD0335,2023-12-05,Produit défectueux,3,551.67,remboursé
RET00264,VNT027082,CLT09168,PRD0044,2022-09-15,Ne correspond pas à la description,3,6214.83,remboursé
RET00265,VNT029646,CLT02283,PRD0380,2024-06-04,Produit défectueux,2,919.78,remboursé
RET00266,VNT048582,CLT09950,PRD0393,2024-03-10,Arrivé endommagé,2,1283.05,remboursé
RET00267,VNT005255,CLT04693,PRD0167,2022-11-26,Produit défectueux,1,2824.47,remboursé
RET00268,VNT010331,CLT05078,PRD0305,2024-05-23,Arrivé endommagé,1,200.15,remboursé
RET00269,VNT044760,CLT08125,PRD0006,2023-11-20,Doublon de commande,1,1901.32,remboursé
RET00270,VNT049323,CLT03763,PRD0069,2023-01-06,Produit défectueux,1,1184.27,remboursé
RET00271,VNT044598,CLT02469,PRD0047,2023-03-31,Ne correspond pas à la description,1,2742.29,en_traitement
RET00272,VNT031039,CLT06807,PRD0366,2025-01-09,Arrivé endommagé,2,665.65,en_traitement
RET00273,VNT032129,CLT00870,PRD0182,2023-12-12,Produit défectueux,1,1998.65,refusé
RET00274,VNT040924,CLT07131,PRD0104,2022-01-18,Ne correspond pas à la description,2,218.15,refusé
RET00275,VNT036799,CLT06722,PRD0113,2022-06-24,Mauvaise taille,1,94.88,remboursé
RET00276,VNT013455,CLT04398,PRD0311,2022-05-02,Mauvaise taille,4,421.84,refusé
RET00277,VNT021609,CLT11639,PRD0398,2023-04-11,Produit défectueux,1,433.79,refusé
RET00278,VNT032891,CLT04365,PRD0048,2022-08-26,Ne correspond pas à la description,2,2535.78,remboursé
RET00279,VNT035532,CLT04160,PRD0357,2023-06-08,Produit défectueux,2,636.34,en_traitement
RET00280,VNT043263,CLT07989,PRD0394,2023-12-29,Produit défectueux,1,171.37,en_traitement
RET00281,VNT034161,CLT09054,PRD0026,2022-09-05,Produit défectueux,1,1714.1,remboursé
RET00282,VNT013381,CLT01074,PRD0174,2023-09-09,Arrivé endommagé,1,975.58,en_traitement
RET00283,VNT037702,CLT03068,PRD0264,2025-01-22,Produit défectueux,1,386.24,remboursé
RET00284,VNT047576,CLT11383,PRD0340,2022-07-11,Produit défectueux,2,477.98,refusé
RET00285,VNT038339,CLT11493,PRD0320,2024-11-09,Qualité insuffisante,4,388.48,en_traitement
RET00286,VNT035408,CLT07480,PRD0018,2023-07-18,Produit défectueux,3,27945.19,remboursé
RET00287,VNT033162,CLT01395,PRD0312,2024-10-09,Ne correspond pas à la description,1,392.3,remboursé
RET00288,VNT004621,CLT10551,PRD0095,2024-07-11,Mauvaise taille,1,510.53,remboursé
RET00289,VNT015821,CLT05732,PRD0164,2024-05-06,Arrivé endommagé,8,2366.94,remboursé
RET00290,VNT006216,CLT03642,PRD0349,2023-07-08,Ne correspond pas à la description,4,346.24,remboursé
RET00291,VNT042802,CLT04688,PRD0042,2024-06-04,Qualité insuffisante,1,3294.78,remboursé
RET00292,VNT006763,CLT01429,PRD0286,2023-08-02,Mauvaise taille,2,761.22,remboursé
RET00293,VNT021481,CLT03736,PRD0062,2022-05-08,Ne correspond pas à la description,1,657.77,remboursé
RET00294,VNT000035,CLT01822,PRD0039,2022-05-20,Ne correspond pas à la description,1,2298.54,refusé
RET00295,VNT020594,CLT10852,PRD0172,2023-09-10,Produit défectueux,1,797.21,remboursé
RET00296,VNT034079,CLT02574,PRD0200,2023-06-22,Mauvaise taille,2,1593.96,remboursé
RET00297,VNT036680,CLT02626,PRD0175,2022-03-05,Doublon de commande,1,2169.03,remboursé
RET00298,VNT005221,CLT11362,PRD0270,2022-10-07,Mauvaise taille,1,370.14,remboursé
RET00299,VNT032139,CLT06921,PRD0381,2022-08-04,Doublon de commande,1,593.98,remboursé
RET00300,VNT049742,CLT10757,PRD0338,2023-05-31,Mauvaise taille,1,85.45,remboursé
RET00301,VNT023178,CLT04855,PRD0041,2023-11-08,Ne correspond pas à la description,1,870.69,remboursé
RET00302,VNT030174,CLT09879,PRD0004,2023-10-21,Produit défectueux,1,175.85,remboursé
RET00303,VNT004405,CLT06527,PRD0224,2022-02-13,Doublon de commande,1,3529.85,remboursé
RET00304,VNT006433,CLT08685,PRD0111,2023-09-24,Délai de livraison dépassé,1,185.61,remboursé
RET00305,VNT009774,CLT10162,PRD0213,2022-09-09,Produit défectueux,1,6788.12,refusé
RET00306,VNT013070,CLT04486,PRD0065,2024-07-18,Arrivé endommagé,4,2498.77,en_traitement
RET00307,VNT007115,CLT01717,PRD0186,2022-11-29,Mauvaise taille,4,3839.13,refusé
RET00308,VNT049012,CLT11637,PRD0397,2023-08-26,Mauvaise taille,2,1023.38,remboursé
RET00309,VNT000250,CLT10323,PRD0332,2022-10-05,Produit défectueux,1,83.41,remboursé
RET00310,VNT041024,CLT07810,PRD0268,2022-11-30,Changement d'avis,1,367.4,en_traitement
RET00311,VNT026523,CLT06487,PRD0073,2023-06-20,Arrivé endommagé,1,1204.21,remboursé
RET00312,VNT008744,CLT03984,PRD0363,2024-08-06,Ne correspond pas à la description,3,1295.61,remboursé
RET00313,VNT022532,CLT05028,PRD0277,2022-10-23,Délai de livraison dépassé,1,209.31,remboursé
RET00314,VNT008929,CLT09084,PRD0133,2022-07-14,Ne correspond pas à la description,1,111.93,refusé
RET00315,VNT033936,CLT10578,PRD0303,2024-10-12,Produit défectueux,4,699.72,remboursé
RET00316,VNT014579,CLT03787,PRD0084,2022-04-22,Produit défectueux,2,1943.28,remboursé
RET00317,VNT049236,CLT04845,PRD0178,2024-10-04,Arrivé endommagé,2,759.92,remboursé
RET00318,VNT047737,CLT01424,PRD0081,2022-06-07,Ne correspond pas à la description,1,993.78,en_traitement
RET00319,VNT044008,CLT09921,PRD0213,2022-02-06,Produit défectueux,2,4400.57,en_traitement
RET00320,VNT007259,CLT02399,PRD0264,2024-09-03,Produit défectueux,5,2355.07,remboursé
RET00321,VNT040882,CLT01463,PRD0208,2022-03-06,Mauvaise taille,1,6252.13,remboursé
RET00322,VNT022950,CLT08486,PRD0350,2024-05-14,Arrivé endommagé,1,213.44,remboursé
RET00323,VNT010906,CLT01270,PRD0126,2023-07-26,Produit défectueux,1,173.26,remboursé
RET00324,VNT007900,CLT09400,PRD0397,2024-04-22,Mauvaise taille,1,644.28,en_traitement
RET00325,VNT005247,CLT10650,PRD0161,2023-04-29,Arrivé endommagé,1,525.82,remboursé
RET00326,VNT004327,CLT10821,PRD0059,2023-10-20,Produit défectueux,1,2315.45,en_traitement
RET00327,VNT027323,CLT05679,PRD0249,2023-12-22,Délai de livraison dépassé,1,2399.07,remboursé
RET00328,VNT051163,CLT02544,PRD0250,2024-11-14,Produit défectueux,1,68.66,refusé
RET00329,VNT020282,CLT10639,PRD0049,2023-11-23,Ne correspond pas à la description,2,5942.84,en_traitement
RET00330,VNT037930,CLT00600,PRD0175,2024-07-25,Mauvaise taille,2,1101.75,remboursé
RET00331,VNT016773,CLT00060,PRD0072,2024-07-07,Produit défectueux,1,413.38,remboursé
RET00332,VNT030205,CLT02662,PRD0234,2022-02-02,Doublon de commande,1,1828.66,en_traitement
RET00333,VNT043527,CLT02973,PRD0052,2022-12-05,Produit défectueux,1,196.66,remboursé
RET00334,VNT020012,CLT07531,PRD0062,2024-05-09,Produit défectueux,1,351.78,remboursé
RET00335,VNT016577,CLT02557,PRD0320,2025-01-10,Produit défectueux,9,572.76,remboursé
RET00336,VNT045156,CLT10255,PRD0276,2022-07-05,Arrivé endommagé,1,358.56,remboursé
RET00337,VNT021384,CLT05306,PRD0193,2024-04-27,Mauvaise taille,2,1534.35,remboursé
RET00338,VNT010798,CLT08196,PRD0073,2022-10-13,Produit défectueux,1,529.22,en_traitement
RET00339,VNT044418,CLT07643,PRD0168,2022-11-05,Arrivé endommagé,2,878.72,remboursé
RET00340,VNT003641,CLT10899,PRD0129,2022-10-24,Arrivé endommagé,4,107.63,en_traitement
RET00341,VNT053038,CLT07487,PRD0339,2023-09-07,Mauvaise taille,1,381.0,remboursé
RET00342,VNT005878,CLT06701,PRD0021,2024-04-09,Produit défectueux,1,461.77,remboursé
RET00343,VNT047526,CLT04189,PRD0051,2024-06-28,Changement d'avis,4,2898.81,refusé
RET00344,VNT025880,CLT04876,PRD0344,2022-10-16,Changement d'avis,1,808.75,remboursé
RET00345,VNT051675,CLT01746,PRD0181,2022-07-23,Délai de livraison dépassé,4,6271.25,en_traitement
RET00346,VNT033194,CLT06328,PRD0238,2024-10-28,Produit défectueux,4,12758.36,remboursé
RET00347,VNT017895,CLT08991,PRD0062,2022-04-21,Mauvaise taille,1,308.65,remboursé
RET00348,VNT035459,CLT07659,PRD0088,2023-02-21,Produit défectueux,2,277.68,remboursé
RET00349,VNT006054,CLT02718,PRD0390,2023-11-14,Mauvaise taille,1,55.2,refusé
RET00350,VNT021546,CLT09869,PRD0079,2024-12-30,Arrivé endommagé,1,299.14,remboursé
RET00351,VNT002221,CLT03395,PRD0245,2024-10-12,Doublon de commande,2,2784.73,remboursé
RET00352,VNT031306,CLT05316,PRD0184,2024-09-26,Arrivé endommagé,3,1300.65,remboursé
RET00353,VNT031708,CLT09274,PRD0151,2024-09-10,Produit défectueux,3,2921.96,remboursé
RET00354,VNT051363,CLT10098,PRD0080,2024-01-31,Arrivé endommagé,1,363.27,remboursé
RET00355,VNT000967,CLT00305,PRD0335,2022-03-30,Délai de livraison dépassé,1,166.92,remboursé
RET00356,VNT029098,CLT07416,PRD0020,2022-08-29,Délai de livraison dépassé,1,2771.32,en_traitement
RET00357,VNT018583,CLT11868,PRD0075,2022-08-01,Arrivé endommagé,1,297.35,remboursé
RET00358,VNT037909,CLT04275,PRD0364,2022-07-21,Ne correspond pas à la description,1,177.8,en_traitement
RET00359,VNT012843,CLT10444,PRD0133,2024-01-24,Ne correspond pas à la description,1,181.35,remboursé
RET00360,VNT032949,CLT10674,PRD0133,2024-06-21,Produit défectueux,2,178.56,remboursé
RET00361,VNT030146,CLT10915,PRD0036,2024-12-30,Changement d'avis,1,839.36,en_traitement
RET00362,VNT051986,CLT05483,PRD0133,2024-02-01,Produit défectueux,2,210.38,refusé
RET00363,VNT038154,CLT04053,PRD0255,2022-11-29,Délai de livraison dépassé,1,321.32,en_traitement
RET00364,VNT025177,CLT08212,PRD0318,2023-12-22,Délai de livraison dépassé,1,187.94,remboursé
RET00365,VNT000077,CLT06312,PRD0217,2023-03-02,Ne correspond pas à la description,3,3689.99,remboursé
RET00366,VNT035758,CLT00660,PRD0237,2023-04-09,Produit défectueux,2,5634.21,refusé
RET00367,VNT016859,CLT03353,PRD0193,2023-01-30,Mauvaise taille,1,1172.07,en_traitement
RET00368,VNT033467,CLT02498,PRD0195,2022-08-01,Ne correspond pas à la description,2,1065.73,remboursé
RET00369,VNT008187,CLT05497,PRD0320,2022-04-30,Changement d'avis,1,134.2,en_traitement
RET00370,VNT043760,CLT05312,PRD0153,2022-02-21,Ne correspond pas à la description,1,96.25,en_traitement
RET00371,VNT017503,CLT04319,PRD0310,2024-02-05,Arrivé endommagé,1,233.59,remboursé
RET00372,VNT050275,CLT09298,PRD0212,2024-01-27,Ne correspond pas à la description,1,1430.43,remboursé
RET00373,VNT014763,CLT09282,PRD0313,2022-12-24,Doublon de commande,1,204.26,en_traitement
RET00374,VNT028492,CLT04041,PRD0195,2022-12-17,Changement d'avis,6,3916.28,refusé
RET00375,VNT043743,CLT03127,PRD0125,2024-05-21,Changement d'avis,2,156.59,remboursé
RET00376,VNT053513,CLT04760,PRD0371,2022-07-10,Produit défectueux,6,1763.93,remboursé
RET00377,VNT037828,CLT04386,PRD0309,2023-08-28,Doublon de commande,5,609.2,refusé
RET00378,VNT052058,CLT01297,PRD0296,2023-07-26,Arrivé endommagé,1,203.94,en_traitement
RET00379,VNT002011,CLT08684,PRD0290,2024-11-16,Arrivé endommagé,1,45.98,en_traitement
RET00380,VNT016474,CLT06796,PRD0026,2024-12-28,Produit défectueux,1,977.74,remboursé
RET00381,VNT006482,CLT10254,PRD0004,2025-01-01,Qualité insuffisante,1,302.04,remboursé
RET00382,VNT047590,CLT11782,PRD0315,2023-01-05,Changement d'avis,1,231.53,en_traitement
RET00383,VNT035795,CLT07711,PRD0226,2023-05-26,Mauvaise taille,1,2683.49,en_traitement
RET00384,VNT005940,CLT02663,PRD0248,2023-10-29,Mauvaise taille,1,921.63,remboursé
RET00385,VNT048959,CLT01604,PRD0052,2023-01-07,Produit défectueux,1,739.43,remboursé
RET00386,VNT030653,CLT04167,PRD0148,2024-09-28,Arrivé endommagé,2,339.48,remboursé
RET00387,VNT044849,CLT00455,PRD0031,2023-01-31,Produit défectueux,2,9118.41,remboursé
RET00388,VNT042306,CLT04136,PRD0006,2022-03-22,Mauvaise taille,2,1080.82,en_traitement
RET00389,VNT003130,CLT10039,PRD0350,2023-03-27,Ne correspond pas à la description,4,541.11,remboursé
RET00390,VNT040803,CLT00779,PRD0353,2024-06-20,Arrivé endommagé,1,366.89,remboursé
RET00391,VNT043121,CLT10192,PRD0109,2023-10-27,Arrivé endommagé,3,333.37,remboursé
RET00392,VNT030809,CLT03123,PRD0295,2022-04-25,Ne correspond pas à la description,1,63.53,remboursé
RET00393,VNT012036,CLT02939,PRD0038,2023-02-23,Mauvaise taille,2,1796.18,remboursé
RET00394,VNT004249,CLT00491,PRD0036,2023-09-28,Doublon de commande,1,1002.11,en_traitement
RET00395,VNT051299,CLT08590,PRD0040,2023-12-22,Ne correspond pas à la description,3,4596.43,remboursé
RET00396,VNT007702,CLT11086,PRD0312,2023-05-26,Mauvaise taille,3,238.01,remboursé
RET00397,VNT052919,CLT09071,PRD0077,2022-09-22,Produit défectueux,2,1306.58,en_traitement
RET00398,VNT037427,CLT02093,PRD0018,2024-01-21,Ne correspond pas à la description,4,14934.93,remboursé
RET00399,VNT014562,CLT09144,PRD0393,2023-08-11,Mauvaise taille,1,544.22,remboursé
RET00400,VNT049358,CLT00850,PRD0124,2022-03-13,Ne correspond pas à la description,1,97.19,en_traitement
RET00401,VNT043165,CLT04326,PRD0327,2024-11-01,Changement d'avis,1,148.59,remboursé
RET00402,VNT051045,CLT01465,PRD0225,2023-03-09,Qualité insuffisante,1,1707.57,remboursé
RET00403,VNT011403,CLT07110,PRD0169,2024-01-31,Produit défectueux,2,1084.55,en_traitement
RET00404,VNT001448,CLT00501,PRD0155,2023-10-13,Changement d'avis,1,344.03,remboursé
RET00405,VNT050709,CLT08164,PRD0262,2024-12-11,Ne correspond pas à la description,1,242.36,remboursé
RET00406,VNT044313,CLT00533,PRD0342,2024-05-25,Changement d'avis,5,1397.64,refusé
RET00407,VNT019521,CLT09470,PRD0181,2024-05-31,Doublon de commande,2,4022.66,remboursé
RET00408,VNT013340,CLT09596,PRD0234,2024-08-12,Produit défectueux,4,2333.24,en_traitement
RET00409,VNT043686,CLT08605,PRD0121,2024-01-19,Produit défectueux,1,296.75,en_traitement
RET00410,VNT023183,CLT03310,PRD0390,2022-06-12,Délai de livraison dépassé,3,204.31,remboursé
RET00411,VNT013324,CLT04970,PRD0107,2023-03-10,Qualité insuffisante,5,176.69,refusé
RET00412,VNT040152,CLT09739,PRD0237,2024-02-12,Doublon de commande,1,1802.26,remboursé
RET00413,VNT007964,CLT11088,PRD0319,2024-12-19,Mauvaise taille,1,207.91,remboursé
RET00414,VNT011331,CLT06331,PRD0210,2022-03-18,Ne correspond pas à la description,1,355.56,remboursé
RET00415,VNT036556,CLT07045,PRD0395,2024-04-06,Produit défectueux,1,404.92,remboursé
RET00416,VNT037510,CLT01108,PRD0385,2023-04-19,Produit défectueux,1,349.69,remboursé
RET00417,VNT042167,CLT05547,PRD0190,2023-07-19,Produit défectueux,5,4841.98,remboursé
RET00418,VNT020470,CLT10352,PRD0245,2024-08-31,Ne correspond pas à la description,4,5097.22,en_traitement
RET00419,VNT050378,CLT03317,PRD0306,2022-01-30,Produit défectueux,1,271.32,remboursé
RET00420,VNT033215,CLT05681,PRD0051,2022-10-26,Changement d'avis,1,555.23,remboursé
RET00421,VNT018130,CLT10613,PRD0364,2023-07-21,Ne correspond pas à la description,1,174.97,remboursé
RET00422,VNT035020,CLT03146,PRD0315,2023-02-03,Délai de livraison dépassé,1,240.15,refusé
RET00423,VNT039047,CLT07295,PRD0191,2024-10-09,Ne correspond pas à la description,1,959.2,refusé
RET00424,VNT018658,CLT02647,PRD0278,2022-12-08,Ne correspond pas à la description,3,581.36,remboursé
RET00425,VNT054259,CLT02015,PRD0321,2024-10-31,Produit défectueux,2,447.72,remboursé
RET00426,VNT051188,CLT06751,PRD0381,2023-05-06,Produit défectueux,1,578.28,en_traitement
RET00427,VNT021248,CLT02585,PRD0177,2022-05-06,Produit défectueux,5,4836.52,remboursé
RET00428,VNT042652,CLT00378,PRD0247,2023-02-25,Ne correspond pas à la description,1,104.43,en_traitement
RET00429,VNT030610,CLT00629,PRD0084,2024-02-10,Ne correspond pas à la description,3,2000.67,en_traitement
RET00430,VNT011225,CLT05409,PRD0241,2023-03-29,Produit défectueux,2,3058.56,remboursé
RET00431,VNT026320,CLT00043,PRD0051,2022-05-31,Produit défectueux,1,652.39,refusé
RET00432,VNT040749,CLT04891,PRD0301,2024-03-06,Produit défectueux,4,715.27,en_traitement
RET00433,VNT024413,CLT04934,PRD0237,2022-05-09,Arrivé endommagé,2,5805.92,en_traitement
RET00434,VNT016297,CLT11599,PRD0343,2022-09-26,Qualité insuffisante,1,214.72,remboursé
RET00435,VNT018685,CLT07916,PRD0162,2022-07-07,Doublon de commande,3,3316.53,en_traitement
RET00436,VNT031254,CLT08640,PRD0012,2022-03-05,Doublon de commande,1,12296.7,en_traitement
RET00437,VNT004487,CLT10175,PRD0264,2024-01-01,Produit défectueux,3,1952.63,remboursé
RET00438,VNT005671,CLT09778,PRD0189,2022-07-21,Produit défectueux,1,117.06,refusé
RET00439,VNT044913,CLT10868,PRD0070,2022-07-09,Mauvaise taille,2,935.0,remboursé
RET00440,VNT048985,CLT04737,PRD0304,2022-02-05,Arrivé endommagé,1,61.93,remboursé
RET00441,VNT034906,CLT09533,PRD0006,2022-04-12,Délai de livraison dépassé,1,420.86,remboursé
RET00442,VNT033346,CLT09896,PRD0285,2023-10-10,Délai de livraison dépassé,1,134.51,remboursé
RET00443,VNT009506,CLT01436,PRD0096,2024-01-08,Ne correspond pas à la description,4,1206.82,remboursé
RET00444,VNT043928,CLT09612,PRD0324,2024-01-15,Mauvaise taille,1,421.92,remboursé
RET00445,VNT000301,CLT03758,PRD0396,2023-01-27,Mauvaise taille,2,161.14,remboursé
RET00446,VNT006894,CLT00988,PRD0144,2023-02-27,Produit défectueux,1,209.05,remboursé
RET00447,VNT014822,CLT08927,PRD0260,2023-05-18,Mauvaise taille,2,390.66,remboursé
RET00448,VNT006392,CLT05150,PRD0079,2022-11-21,Ne correspond pas à la description,2,897.09,en_traitement
RET00449,VNT005483,CLT00145,PRD0343,2022-04-08,Produit défectueux,2,410.88,remboursé
RET00450,VNT003451,CLT03555,PRD0180,2023-02-25,Arrivé endommagé,2,1597.95,remboursé
RET00451,VNT002195,CLT00750,PRD0366,2023-07-28,Arrivé endommagé,1,402.17,remboursé
RET00452,VNT001251,CLT05438,PRD0190,2022-08-05,Arrivé endommagé,1,775.06,remboursé
RET00453,VNT022113,CLT06656,PRD0291,2022-10-24,Délai de livraison dépassé,1,188.17,en_traitement
RET00454,VNT013531,CLT01122,PRD0171,2023-09-22,Mauvaise taille,1,483.96,remboursé
RET00455,VNT000112,CLT05342,PRD0046,2025-01-25,Arrivé endommagé,2,7214.35,remboursé
RET00456,VNT013247,CLT02031,PRD0252,2024-03-25,Produit défectueux,1,236.44,remboursé
RET00457,VNT041056,CLT05709,PRD0346,2022-06-04,Produit défectueux,1,245.74,remboursé
RET00458,VNT009029,CLT08365,PRD0184,2024-10-15,Ne correspond pas à la description,2,1072.21,remboursé
RET00459,VNT032738,CLT10578,PRD0354,2023-02-07,Mauvaise taille,1,215.81,refusé
RET00460,VNT033706,CLT02396,PRD0182,2024-10-17,Ne correspond pas à la description,2,2298.47,remboursé
RET00461,VNT000040,CLT03864,PRD0296,2024-05-17,Ne correspond pas à la description,1,183.61,en_traitement
RET00462,VNT027767,CLT08140,PRD0387,2022-03-05,Ne correspond pas à la description,1,532.54,refusé
RET00463,VNT053868,CLT01185,PRD0086,2022-01-27,Ne correspond pas à la description,2,250.91,en_traitement
RET00464,VNT011368,CLT07549,PRD0221,2023-04-11,Délai de livraison dépassé,2,147.03,remboursé
RET00465,VNT006239,CLT04692,PRD0120,2023-04-21,Arrivé endommagé,2,111.13,remboursé
RET00466,VNT027621,CLT03056,PRD0331,2023-03-14,Produit défectueux,1,60.99,remboursé
RET00467,VNT015545,CLT07236,PRD0279,2023-09-10,Ne correspond pas à la description,1,74.13,remboursé
RET00468,VNT033949,CLT06828,PRD0365,2023-02-14,Produit défectueux,1,820.17,remboursé
RET00469,VNT022482,CLT09444,PRD0008,2024-11-07,Arrivé endommagé,1,2323.57,en_traitement
RET00470,VNT040963,CLT05176,PRD0151,2023-02-27,Produit défectueux,1,575.28,en_traitement
RET00471,VNT002124,CLT02512,PRD0054,2022-09-23,Délai de livraison dépassé,2,719.38,refusé
RET00472,VNT035281,CLT05620,PRD0299,2023-11-16,Doublon de commande,1,549.02,remboursé
RET00473,VNT033934,CLT10028,PRD0347,2024-03-10,Ne correspond pas à la description,1,403.12,en_traitement
RET00474,VNT037678,CLT04311,PRD0246,2022-05-04,Arrivé endommagé,2,5057.17,remboursé
RET00475,VNT028914,CLT11236,PRD0160,2023-10-26,Arrivé endommagé,1,902.6,en_traitement
RET00476,VNT023433,CLT01293,PRD0251,2023-03-10,Produit défectueux,2,365.36,remboursé
RET00477,VNT020273,CLT01545,PRD0224,2023-02-08,Ne correspond pas à la description,1,3954.26,refusé
RET00478,VNT023849,CLT03271,PRD0049,2022-05-24,Changement d'avis,3,9852.82,remboursé
RET00479,VNT042090,CLT09412,PRD0106,2023-05-29,Délai de livraison dépassé,1,77.77,remboursé
RET00480,VNT050010,CLT03487,PRD0345,2022-03-28,Mauvaise taille,3,411.68,en_traitement
RET00481,VNT018812,CLT05636,PRD0106,2024-09-03,Produit défectueux,2,160.33,remboursé
RET00482,VNT039683,CLT02615,PRD0142,2022-10-27,Produit défectueux,1,13.18,remboursé
RET00483,VNT005453,CLT01492,PRD0232,2023-04-23,Mauvaise taille,1,4856.27,remboursé
RET00484,VNT052070,CLT01145,PRD0244,2023-01-02,Ne correspond pas à la description,1,1945.53,remboursé
RET00485,VNT006068,CLT02962,PRD0203,2022-02-21,Produit défectueux,1,2699.44,en_traitement
RET00486,VNT035674,CLT09674,PRD0397,2023-11-06,Ne correspond pas à la description,1,700.97,remboursé
RET00487,VNT054474,CLT05639,PRD0072,2023-07-27,Délai de livraison dépassé,1,390.31,en_traitement
RET00488,VNT013143,CLT03447,PRD0258,2023-04-12,Changement d'avis,2,974.59,remboursé
RET00489,VNT030595,CLT06736,PRD0247,2024-01-15,Arrivé endommagé,1,100.73,remboursé
RET00490,VNT023250,CLT04901,PRD0018,2022-03-24,Produit défectueux,1,8437.13,remboursé
RET00491,VNT015675,CLT04116,PRD0377,2024-12-02,Délai de livraison dépassé,1,255.15,remboursé
RET00492,VNT004396,CLT09216,PRD0392,2022-06-11,Produit défectueux,1,436.83,remboursé
RET00493,VNT038009,CLT11417,PRD0399,2022-10-03,Produit défectueux,1,1145.94,remboursé
RET00494,VNT036824,CLT08449,PRD0125,2024-01-30,Ne correspond pas à la description,2,260.5,remboursé
RET00495,VNT031907,CLT06281,PRD0016,2023-10-24,Changement d'avis,1,5014.06,remboursé
RET00496,VNT005241,CLT11227,PRD0033,2022-10-31,Mauvaise taille,2,2422.28,remboursé
RET00497,VNT047621,CLT10313,PRD0026,2024-07-22,Arrivé endommagé,1,1016.9,remboursé
RET00498,VNT026859,CLT10262,PRD0095,2024-04-21,Produit défectueux,4,2165.62,remboursé
RET00499,VNT039989,CLT06268,PRD0296,2023-01-30,Délai de livraison dépassé,1,158.26,remboursé
RET00500,VNT017392,CLT10653,PRD0260,2022-10-29,Arrivé endommagé,4,601.54,remboursé
RET00501,VNT038143,CLT04766,PRD0215,2022-08-25,Ne correspond pas à la description,2,2840.64,remboursé
RET00502,VNT017057,CLT11257,PRD0065,2022-08-30,Délai de livraison dépassé,1,2686.35,en_traitement
RET00503,VNT033054,CLT08044,PRD0209,2022-03-30,Mauvaise taille,4,1562.27,remboursé
RET00504,VNT018495,CLT05273,PRD0050,2022-10-22,Délai de livraison dépassé,1,13610.2,remboursé
RET00505,VNT027766,CLT01577,PRD0365,2024-08-31,Mauvaise taille,2,672.08,en_traitement
RET00506,VNT036306,CLT06770,PRD0059,2024-08-26,Délai de livraison dépassé,1,2563.0,en_traitement
RET00507,VNT001436,CLT09964,PRD0024,2023-05-09,Mauvaise taille,2,7013.11,remboursé
RET00508,VNT020832,CLT06268,PRD0114,2022-06-08,Mauvaise taille,3,722.94,remboursé
RET00509,VNT022554,CLT04158,PRD0214,2022-03-24,Ne correspond pas à la description,1,2495.13,remboursé
RET00510,VNT026861,CLT02093,PRD0197,2022-10-19,Produit défectueux,1,437.68,remboursé
RET00511,VNT037164,CLT01068,PRD0324,2022-10-28,Ne correspond pas à la description,1,229.19,remboursé
RET00512,VNT046371,CLT07811,PRD0357,2024-10-05,Produit défectueux,6,1593.24,remboursé
RET00513,VNT029323,CLT11508,PRD0240,2023-06-11,Arrivé endommagé,1,1379.67,remboursé
RET00514,VNT021342,CLT09265,PRD0175,2024-05-09,Produit défectueux,1,1182.74,en_traitement
RET00515,VNT006230,CLT02318,PRD0240,2022-06-02,Mauvaise taille,1,1083.42,remboursé
RET00516,VNT013874,CLT00457,PRD0167,2022-06-23,Arrivé endommagé,1,557.13,remboursé
RET00517,VNT037881,CLT02528,PRD0336,2024-04-21,Ne correspond pas à la description,5,1017.95,en_traitement
RET00518,VNT018607,CLT06415,PRD0239,2025-01-02,Changement d'avis,1,4399.23,remboursé
RET00519,VNT013494,CLT10413,PRD0162,2024-04-12,Délai de livraison dépassé,1,963.4,remboursé
RET00520,VNT026221,CLT10335,PRD0400,2022-02-02,Délai de livraison dépassé,1,241.9,remboursé
RET00521,VNT030856,CLT07120,PRD0353,2023-09-16,Produit défectueux,1,336.97,remboursé
RET00522,VNT010566,CLT07282,PRD0059,2023-03-28,Produit défectueux,1,831.79,en_traitement
RET00523,VNT022635,CLT08209,PRD0361,2024-03-08,Qualité insuffisante,1,95.93,refusé
RET00524,VNT054915,CLT05727,PRD0343,2022-10-28,Doublon de commande,1,740.0,remboursé
RET00525,VNT016721,CLT07564,PRD0391,2024-10-01,Délai de livraison dépassé,1,541.31,remboursé
RET00526,VNT030620,CLT00018,PRD0250,2024-09-18,Ne correspond pas à la description,1,107.52,en_traitement
RET00527,VNT051392,CLT00825,PRD0327,2024-07-10,Délai de livraison dépassé,1,179.63,remboursé
RET00528,VNT050426,CLT05902,PRD0342,2022-02-20,Arrivé endommagé,3,451.2,remboursé
RET00529,VNT007051,CLT02533,PRD0141,2023-10-09,Produit défectueux,5,709.53,en_traitement
RET00530,VNT048207,CLT01532,PRD0216,2022-07-23,Produit défectueux,1,636.25,refusé
RET00531,VNT049190,CLT02482,PRD0154,2023-06-23,Arrivé endommagé,1,226.02,remboursé
RET00532,VNT048826,CLT07580,PRD0360,2022-08-05,Produit défectueux,6,4806.77,remboursé
RET00533,VNT003665,CLT02701,PRD0197,2023-07-01,Produit défectueux,1,879.09,remboursé
RET00534,VNT024129,CLT02626,PRD0054,2022-09-24,Délai de livraison dépassé,1,293.9,remboursé
RET00535,VNT010602,CLT00802,PRD0343,2024-08-31,Qualité insuffisante,1,190.7,remboursé
RET00536,VNT007138,CLT08261,PRD0360,2024-04-24,Qualité insuffisante,2,1394.46,remboursé
RET00537,VNT037574,CLT09489,PRD0226,2022-01-18,Mauvaise taille,1,7211.21,remboursé
RET00538,VNT046719,CLT08250,PRD0211,2022-01-10,Changement d'avis,1,2730.93,remboursé
RET00539,VNT038364,CLT01700,PRD0317,2022-04-24,Produit défectueux,1,132.82,en_traitement
RET00540,VNT034496,CLT04058,PRD0147,2022-01-21,Mauvaise taille,1,46.7,remboursé
RET00541,VNT031274,CLT08783,PRD0212,2022-11-06,Arrivé endommagé,1,1678.96,en_traitement
RET00542,VNT010303,CLT04635,PRD0094,2024-11-05,Doublon de commande,2,1201.2,remboursé
RET00543,VNT014426,CLT11433,PRD0113,2022-08-10,Changement d'avis,4,687.42,en_traitement
RET00544,VNT007588,CLT02080,PRD0167,2023-01-06,Produit défectueux,6,4767.45,remboursé
RET00545,VNT035425,CLT09812,PRD0259,2024-03-16,Ne correspond pas à la description,1,743.22,remboursé
RET00546,VNT050941,CLT02603,PRD0283,2024-02-17,Arrivé endommagé,2,724.63,en_traitement
RET00547,VNT046429,CLT00399,PRD0389,2024-07-16,Mauvaise taille,2,965.22,remboursé
RET00548,VNT020539,CLT06942,PRD0296,2023-04-05,Produit défectueux,1,196.32,en_traitement
RET00549,VNT052616,CLT11918,PRD0266,2022-09-23,Arrivé endommagé,1,76.64,refusé
RET00550,VNT038081,CLT03112,PRD0040,2023-05-13,Produit défectueux,2,2011.68,en_traitement
RET00551,VNT036802,CLT10357,PRD0351,2023-12-15,Mauvaise taille,1,53.2,remboursé
RET00552,VNT015990,CLT05676,PRD0031,2023-04-09,Produit défectueux,1,2978.33,refusé
RET00553,VNT012432,CLT08547,PRD0005,2023-02-08,Ne correspond pas à la description,2,1192.17,remboursé
RET00554,VNT032815,CLT03541,PRD0286,2023-08-25,Ne correspond pas à la description,1,577.09,refusé
RET00555,VNT004779,CLT06418,PRD0224,2023-06-15,Ne correspond pas à la description,2,7996.83,remboursé
RET00556,VNT018146,CLT01107,PRD0275,2023-03-10,Ne correspond pas à la description,1,45.7,refusé
RET00557,VNT011399,CLT04968,PRD0149,2024-07-30,Mauvaise taille,1,128.28,remboursé
RET00558,VNT027662,CLT01770,PRD0360,2022-04-01,Arrivé endommagé,1,565.42,en_traitement
RET00559,VNT010316,CLT05025,PRD0304,2024-07-03,Produit défectueux,1,223.49,remboursé
RET00560,VNT004353,CLT03662,PRD0236,2023-05-01,Changement d'avis,1,1403.89,remboursé
RET00561,VNT021726,CLT04604,PRD0080,2022-05-31,Arrivé endommagé,1,396.49,remboursé
RET00562,VNT050122,CLT01120,PRD0399,2023-04-19,Produit défectueux,4,2536.51,remboursé
RET00563,VNT018551,CLT03271,PRD0035,2022-10-27,Produit défectueux,2,5894.32,remboursé
RET00564,VNT009622,CLT06101,PRD0286,2022-10-16,Ne correspond pas à la description,2,3773.77,remboursé
RET00565,VNT012004,CLT11997,PRD0027,2022-02-02,Changement d'avis,1,3539.85,refusé
RET00566,VNT037244,CLT02875,PRD0087,2024-01-12,Ne correspond pas à la description,2,1857.73,en_traitement
RET00567,VNT054947,CLT06383,PRD0116,2025-01-07,Produit défectueux,2,203.12,remboursé
RET00568,VNT036133,CLT10387,PRD0278,2022-12-08,Délai de livraison dépassé,5,907.47,remboursé
RET00569,VNT001347,CLT00542,PRD0132,2022-02-27,Produit défectueux,1,96.5,en_traitement
RET00570,VNT049577,CLT02166,PRD0296,2023-12-04,Ne correspond pas à la description,1,179.2,remboursé
RET00571,VNT043357,CLT08540,PRD0383,2024-07-07,Produit défectueux,1,442.54,remboursé
RET00572,VNT046496,CLT10362,PRD0221,2023-05-16,Arrivé endommagé,1,88.39,remboursé
RET00573,VNT031458,CLT08077,PRD0253,2024-07-22,Arrivé endommagé,2,445.38,en_traitement
RET00574,VNT051388,CLT11619,PRD0097,2022-09-03,Doublon de commande,1,2231.04,remboursé
RET00575,VNT050331,CLT03671,PRD0176,2024-11-13,Ne correspond pas à la description,1,719.64,en_traitement
RET00576,VNT048055,CLT09632,PRD0290,2023-02-06,Délai de livraison dépassé,1,51.33,remboursé
RET00577,VNT004075,CLT04080,PRD0152,2024-02-09,Changement d'avis,1,777.7,remboursé
RET00578,VNT034432,CLT01995,PRD0141,2024-01-22,Changement d'avis,1,142.0,remboursé
RET00579,VNT043341,CLT02587,PRD0160,2023-03-01,Changement d'avis,4,3273.54,remboursé
RET00580,VNT009160,CLT09603,PRD0013,2023-09-18,Produit défectueux,1,1217.45,remboursé
RET00581,VNT036560,CLT09466,PRD0222,2023-11-22,Arrivé endommagé,1,1299.3,remboursé
RET00582,VNT016814,CLT01408,PRD0043,2023-01-20,Délai de livraison dépassé,1,3432.06,en_traitement
RET00583,VNT005821,CLT05758,PRD0330,2024-02-18,Changement d'avis,2,85.06,refusé
RET00584,VNT026218,CLT07166,PRD0087,2024-01-27,Produit défectueux,3,3409.26,remboursé
RET00585,VNT010656,CLT01969,PRD0390,2024-06-09,Produit défectueux,1,39.83,remboursé
RET00586,VNT038431,CLT11281,PRD0147,2023-07-21,Doublon de commande,2,268.98,remboursé
RET00587,VNT034135,CLT10310,PRD0060,2023-05-25,Mauvaise taille,3,1109.53,remboursé
RET00588,VNT032525,CLT06375,PRD0281,2023-01-02,Produit défectueux,2,818.22,en_traitement
RET00589,VNT038005,CLT11772,PRD0296,2023-02-07,Mauvaise taille,1,137.29,refusé
RET00590,VNT043026,CLT07167,PRD0014,2024-09-06,Changement d'avis,1,1562.73,remboursé
RET00591,VNT020739,CLT00282,PRD0120,2024-03-05,Produit défectueux,2,140.62,en_traitement
RET00592,VNT023107,CLT06206,PRD0028,2022-12-15,Produit défectueux,1,4514.07,remboursé
RET00593,VNT008857,CLT01208,PRD0221,2023-01-02,Mauvaise taille,2,134.27,remboursé
RET00594,VNT015444,CLT01123,PRD0008,2024-01-17,Arrivé endommagé,3,6707.6,remboursé
RET00595,VNT001598,CLT11041,PRD0167,2023-04-25,Arrivé endommagé,2,1878.75,remboursé
RET00596,VNT033276,CLT05099,PRD0096,2024-10-29,Mauvaise taille,1,259.72,refusé
RET00597,VNT017006,CLT06461,PRD0075,2023-04-20,Mauvaise taille,1,2357.24,en_traitement
RET00598,VNT038467,CLT11580,PRD0223,2023-09-16,Produit défectueux,1,3264.31,remboursé
RET00599,VNT028008,CLT05937,PRD0213,2022-11-16,Ne correspond pas à la description,1,2715.73,remboursé
RET00600,VNT051071,CLT05640,PRD0210,2022-06-27,Produit défectueux,2,120.9,remboursé
RET00601,VNT010066,CLT07137,PRD0314,2024-04-24,Produit défectueux,3,156.3,remboursé
RET00602,VNT011894,CLT03102,PRD0264,2022-05-08,Mauvaise taille,1,307.68,refusé
RET00603,VNT011154,CLT05336,PRD0375,2022-07-04,Ne correspond pas à la description,1,218.36,remboursé
RET00604,VNT026608,CLT00870,PRD0286,2022-12-31,Délai de livraison dépassé,2,661.23,remboursé
RET00605,VNT015573,CLT10813,PRD0330,2023-07-05,Arrivé endommagé,2,161.0,en_traitement
RET00606,VNT051222,CLT06906,PRD0144,2024-12-06,Arrivé endommagé,1,101.12,remboursé
RET00607,VNT045527,CLT06502,PRD0045,2023-03-05,Produit défectueux,2,2736.52,remboursé
RET00608,VNT027969,CLT00998,PRD0243,2023-04-03,Produit défectueux,1,2029.96,remboursé
RET00609,VNT039413,CLT00091,PRD0278,2023-07-02,Arrivé endommagé,1,169.91,remboursé
RET00610,VNT050699,CLT04075,PRD0400,2023-04-04,Ne correspond pas à la description,1,255.65,remboursé
RET00611,VNT023204,CLT02671,PRD0110,2024-08-16,Changement d'avis,1,29.49,remboursé
RET00612,VNT023819,CLT04440,PRD0350,2023-03-16,Délai de livraison dépassé,5,956.12,remboursé
RET00613,VNT013889,CLT09964,PRD0026,2024-12-18,Mauvaise taille,1,996.43,refusé
RET00614,VNT010469,CLT11778,PRD0355,2023-02-06,Arrivé endommagé,3,1161.64,remboursé
RET00615,VNT037993,CLT09698,PRD0151,2023-10-26,Produit défectueux,1,2772.37,remboursé
RET00616,VNT009691,CLT01984,PRD0169,2024-05-10,Changement d'avis,1,448.89,remboursé
RET00617,VNT043572,CLT09436,PRD0366,2023-01-14,Produit défectueux,2,3820.29,remboursé
RET00618,VNT039569,CLT01785,PRD0234,2023-12-06,Doublon de commande,1,1967.34,remboursé
RET00619,VNT010720,CLT00367,PRD0380,2022-04-06,Ne correspond pas à la description,1,341.72,remboursé
RET00620,VNT025867,CLT03929,PRD0186,2022-12-13,Mauvaise taille,7,9723.58,en_traitement
RET00621,VNT037586,CLT06671,PRD0093,2022-10-21,Arrivé endommagé,1,220.62,remboursé
RET00622,VNT048734,CLT08840,PRD0141,2022-06-01,Produit défectueux,1,1719.08,remboursé
RET00623,VNT046706,CLT11140,PRD0098,2024-01-24,Produit défectueux,1,2585.39,en_traitement
RET00624,VNT024202,CLT07313,PRD0218,2023-09-06,Changement d'avis,2,706.69,remboursé
RET00625,VNT009233,CLT02250,PRD0223,2022-04-30,Mauvaise taille,6,13602.42,remboursé
RET00626,VNT001174,CLT10371,PRD0385,2022-02-20,Ne correspond pas à la description,1,290.15,remboursé
RET00627,VNT003668,CLT04335,PRD0110,2024-06-23,Produit défectueux,1,25.21,en_traitement
RET00628,VNT014876,CLT10368,PRD0234,2023-01-24,Changement d'avis,1,1792.66,remboursé
RET00629,VNT036507,CLT01107,PRD0267,2023-08-12,Changement d'avis,2,242.34,remboursé
RET00630,VNT001730,CLT11183,PRD0154,2022-07-01,Produit défectueux,1,214.64,en_traitement
RET00631,VNT029420,CLT08114,PRD0388,2023-07-01,Produit défectueux,2,892.58,remboursé
RET00632,VNT012499,CLT11415,PRD0223,2023-04-23,Délai de livraison dépassé,1,1466.91,remboursé
RET00633,VNT015075,CLT02586,PRD0233,2023-08-24,Ne correspond pas à la description,1,4402.73,remboursé
RET00634,VNT001272,CLT08640,PRD0005,2024-06-22,Ne correspond pas à la description,2,1918.24,remboursé
RET00635,VNT048491,CLT03712,PRD0390,2024-03-19,Produit défectueux,2,101.31,remboursé
RET00636,VNT023861,CLT08577,PRD0037,2022-03-29,Délai de livraison dépassé,1,1071.76,remboursé
RET00637,VNT036296,CLT00454,PRD0195,2023-06-29,Arrivé endommagé,1,3700.89,remboursé
RET00638,VNT011028,CLT02434,PRD0275,2024-12-31,Mauvaise taille,1,37.97,remboursé
RET00639,VNT045670,CLT05808,PRD0040,2024-02-15,Produit défectueux,1,976.47,en_traitement
RET00640,VNT010539,CLT10462,PRD0137,2023-07-18,Délai de livraison dépassé,1,16.81,remboursé
RET00641,VNT026253,CLT05917,PRD0049,2025-01-05,Arrivé endommagé,2,7011.91,refusé
RET00642,VNT047569,CLT08538,PRD0225,2023-12-14,Changement d'avis,3,7501.97,remboursé
RET00643,VNT033564,CLT01783,PRD0064,2024-06-05,Délai de livraison dépassé,1,100.74,remboursé
RET00644,VNT040736,CLT00989,PRD0147,2023-08-10,Ne correspond pas à la description,2,272.85,en_traitement
RET00645,VNT031478,CLT07015,PRD0054,2023-03-19,Ne correspond pas à la description,1,386.52,remboursé
RET00646,VNT014639,CLT02407,PRD0093,2024-10-07,Produit défectueux,2,516.06,remboursé
RET00647,VNT034968,CLT06899,PRD0338,2023-01-13,Mauvaise taille,1,79.56,remboursé
RET00648,VNT015858,CLT02083,PRD0161,2024-08-16,Changement d'avis,5,3100.73,remboursé
RET00649,VNT036797,CLT03042,PRD0227,2023-07-02,Changement d'avis,1,4794.25,remboursé
RET00650,VNT001358,CLT03521,PRD0360,2022-01-23,Changement d'avis,3,2797.97,en_traitement
RET00651,VNT024743,CLT03601,PRD0048,2023-09-19,Arrivé endommagé,2,6400.42,remboursé
RET00652,VNT005580,CLT11453,PRD0254,2023-08-17,Ne correspond pas à la description,5,715.22,en_traitement
RET00653,VNT011465,CLT05041,PRD0299,2022-09-23,Produit défectueux,1,1151.89,en_traitement
RET00654,VNT035640,CLT00186,PRD0130,2024-12-07,Ne correspond pas à la description,1,118.57,remboursé
RET00655,VNT051464,CLT07041,PRD0366,2022-04-18,Produit défectueux,3,1426.07,en_traitement
RET00656,VNT031894,CLT09351,PRD0379,2024-06-24,Ne correspond pas à la description,2,793.26,en_traitement
RET00657,VNT027860,CLT09621,PRD0163,2023-10-24,Mauvaise taille,1,628.76,remboursé
RET00658,VNT009848,CLT10336,PRD0093,2024-02-02,Ne correspond pas à la description,1,417.23,remboursé
RET00659,VNT010071,CLT06482,PRD0135,2024-08-05,Mauvaise taille,1,50.94,remboursé
RET00660,VNT052489,CLT02939,PRD0320,2022-10-29,Délai de livraison dépassé,2,259.34,remboursé
RET00661,VNT032735,CLT09725,PRD0311,2023-03-24,Ne correspond pas à la description,3,284.91,en_traitement
RET00662,VNT020442,CLT00832,PRD0116,2023-07-29,Arrivé endommagé,1,113.49,remboursé
RET00663,VNT048479,CLT10116,PRD0137,2023-12-06,Qualité insuffisante,1,33.62,remboursé
RET00664,VNT048992,CLT01781,PRD0361,2024-01-10,Arrivé endommagé,3,387.87,remboursé
RET00665,VNT008863,CLT05611,PRD0251,2024-07-26,Ne correspond pas à la description,3,523.18,remboursé
RET00666,VNT040541,CLT03580,PRD0336,2022-07-16,Mauvaise taille,1,387.72,remboursé
RET00667,VNT035073,CLT11956,PRD0181,2024-09-23,Doublon de commande,2,4080.32,refusé
RET00668,VNT033669,CLT08496,PRD0279,2022-08-26,Ne correspond pas à la description,1,71.68,remboursé
RET00669,VNT029510,CLT03614,PRD0300,2022-08-23,Mauvaise taille,1,120.22,en_traitement
RET00670,VNT049261,CLT06055,PRD0330,2022-04-17,Ne correspond pas à la description,1,54.59,remboursé
RET00671,VNT026691,CLT02547,PRD0388,2022-12-14,Mauvaise taille,4,4265.57,remboursé
RET00672,VNT014871,CLT00401,PRD0033,2022-11-02,Produit défectueux,6,7120.98,remboursé
RET00673,VNT026792,CLT07949,PRD0236,2024-04-01,Produit défectueux,1,1747.22,remboursé
RET00674,VNT015662,CLT10167,PRD0270,2023-11-28,Arrivé endommagé,4,1130.32,remboursé
RET00675,VNT006472,CLT11351,PRD0057,2023-05-27,Produit défectueux,2,1129.82,en_traitement
RET00676,VNT039046,CLT10099,PRD0030,2023-05-06,Qualité insuffisante,3,4800.26,refusé
RET00677,VNT023744,CLT07329,PRD0112,2023-03-20,Produit défectueux,1,310.79,remboursé
RET00678,VNT039399,CLT03628,PRD0015,2022-07-16,Délai de livraison dépassé,1,1416.25,en_traitement
RET00679,VNT017140,CLT11366,PRD0155,2023-09-02,Arrivé endommagé,1,373.98,remboursé
RET00680,VNT024164,CLT02908,PRD0327,2023-02-23,Arrivé endommagé,1,182.81,remboursé
RET00681,VNT052110,CLT04428,PRD0295,2022-09-20,Mauvaise taille,1,72.52,remboursé
RET00682,VNT048250,CLT05428,PRD0043,2024-06-14,Arrivé endommagé,3,15685.09,remboursé
RET00683,VNT002039,CLT01386,PRD0029,2022-12-18,Changement d'avis,1,6177.39,remboursé
RET00684,VNT029799,CLT00018,PRD0346,2022-05-15,Arrivé endommagé,2,479.43,en_traitement
RET00685,VNT036451,CLT09102,PRD0264,2024-09-02,Mauvaise taille,2,1279.57,remboursé
RET00686,VNT035647,CLT03079,PRD0283,2022-08-28,Produit défectueux,7,2508.52,remboursé
RET00687,VNT015707,CLT08267,PRD0139,2023-12-30,Produit défectueux,1,79.19,en_traitement
RET00688,VNT021984,CLT02118,PRD0319,2023-09-03,Mauvaise taille,1,168.2,refusé
RET00689,VNT008149,CLT06367,PRD0109,2022-01-31,Produit défectueux,1,68.66,remboursé
RET00690,VNT007773,CLT04742,PRD0132,2023-03-21,Produit défectueux,1,473.04,remboursé
RET00691,VNT011671,CLT01325,PRD0378,2024-07-22,Changement d'avis,2,1212.88,remboursé
RET00692,VNT037299,CLT11295,PRD0349,2024-08-24,Arrivé endommagé,1,167.71,remboursé
RET00693,VNT046988,CLT03280,PRD0310,2024-06-12,Produit défectueux,1,403.22,en_traitement
RET00694,VNT013010,CLT05953,PRD0240,2023-03-21,Mauvaise taille,6,8317.2,remboursé
RET00695,VNT008827,CLT10238,PRD0001,2022-04-17,Mauvaise taille,1,5267.87,remboursé
RET00696,VNT008638,CLT02016,PRD0271,2023-05-21,Changement d'avis,4,2638.47,remboursé
RET00697,VNT021158,CLT05258,PRD0166,2023-09-12,Produit défectueux,1,184.24,en_traitement
RET00698,VNT022965,CLT06530,PRD0207,2024-07-30,Ne correspond pas à la description,2,1637.57,en_traitement
RET00699,VNT049463,CLT10056,PRD0259,2022-01-30,Mauvaise taille,2,1434.2,en_traitement
RET00700,VNT031866,CLT10315,PRD0138,2023-02-06,Ne correspond pas à la description,3,434.85,remboursé
RET00701,VNT051707,CLT11994,PRD0020,2022-06-03,Mauvaise taille,1,9534.21,remboursé
RET00702,VNT045179,CLT05077,PRD0231,2024-07-30,Ne correspond pas à la description,2,1892.98,remboursé
RET00703,VNT027685,CLT02126,PRD0053,2024-12-29,Produit défectueux,2,1121.93,remboursé
RET00704,VNT053880,CLT10669,PRD0018,2023-12-12,Mauvaise taille,2,6595.54,remboursé
RET00705,VNT020809,CLT03944,PRD0347,2022-06-13,Doublon de commande,1,167.04,remboursé
RET00706,VNT023293,CLT05753,PRD0353,2024-09-30,Ne correspond pas à la description,2,1041.44,remboursé
RET00707,VNT044076,CLT03557,PRD0028,2023-08-13,Mauvaise taille,4,8029.98,remboursé
RET00708,VNT026075,CLT08852,PRD0003,2024-09-14,Produit défectueux,2,994.6,refusé
RET00709,VNT029703,CLT02789,PRD0353,2022-01-31,Produit défectueux,2,1129.94,remboursé
RET00710,VNT017691,CLT10712,PRD0342,2022-03-25,Changement d'avis,1,581.34,en_traitement
RET00711,VNT026053,CLT11631,PRD0187,2024-11-11,Mauvaise taille,4,4853.59,refusé
RET00712,VNT051394,CLT04954,PRD0293,2022-11-03,Ne correspond pas à la description,1,700.71,remboursé
RET00713,VNT002865,CLT07923,PRD0109,2022-05-12,Ne correspond pas à la description,1,634.08,remboursé
RET00714,VNT054353,CLT02039,PRD0379,2024-04-22,Délai de livraison dépassé,2,1744.95,en_traitement
RET00715,VNT035078,CLT02016,PRD0247,2024-07-21,Arrivé endommagé,5,486.84,remboursé
RET00716,VNT053853,CLT03395,PRD0006,2022-12-22,Délai de livraison dépassé,6,2151.25,remboursé
RET00717,VNT014617,CLT09981,PRD0247,2023-05-02,Mauvaise taille,5,590.27,remboursé
RET00718,VNT048194,CLT08865,PRD0003,2024-08-11,Produit défectueux,1,441.85,remboursé
RET00719,VNT047695,CLT03782,PRD0350,2024-08-10,Délai de livraison dépassé,1,167.16,remboursé
RET00720,VNT005660,CLT05920,PRD0011,2023-07-25,Arrivé endommagé,2,3670.62,remboursé
RET00721,VNT013803,CLT09637,PRD0313,2023-12-20,Arrivé endommagé,2,256.62,remboursé
RET00722,VNT026015,CLT01584,PRD0360,2023-07-01,Produit défectueux,3,2008.27,en_traitement
RET00723,VNT049384,CLT06241,PRD0359,2023-08-27,Arrivé endommagé,3,2062.58,refusé
RET00724,VNT029468,CLT06130,PRD0363,2024-04-27,Mauvaise taille,1,297.47,remboursé
RET00725,VNT013944,CLT02333,PRD0218,2024-01-30,Mauvaise taille,1,926.6,remboursé
RET00726,VNT021801,CLT07950,PRD0177,2025-01-23,Ne correspond pas à la description,2,1460.57,remboursé
RET00727,VNT024666,CLT03255,PRD0135,2022-03-12,Arrivé endommagé,2,217.08,remboursé
RET00728,VNT023621,CLT00763,PRD0264,2023-02-04,Mauvaise taille,2,1402.41,remboursé
RET00729,VNT013018,CLT11967,PRD0224,2023-02-12,Produit défectueux,1,1480.47,remboursé
RET00730,VNT000092,CLT07631,PRD0295,2022-06-16,Arrivé endommagé,3,357.81,remboursé
RET00731,VNT002484,CLT02493,PRD0001,2024-12-22,Arrivé endommagé,4,15262.18,remboursé
RET00732,VNT015406,CLT06558,PRD0172,2022-04-07,Changement d'avis,3,1201.75,en_traitement
RET00733,VNT004176,CLT04370,PRD0086,2024-07-23,Délai de livraison dépassé,2,570.97,remboursé
RET00734,VNT020933,CLT03597,PRD0060,2024-02-03,Mauvaise taille,1,283.46,refusé
RET00735,VNT033942,CLT04743,PRD0384,2022-12-15,Changement d'avis,2,1336.14,remboursé
RET00736,VNT045301,CLT02577,PRD0107,2023-05-15,Arrivé endommagé,1,31.67,remboursé
RET00737,VNT032449,CLT00965,PRD0257,2024-02-06,Ne correspond pas à la description,1,1214.75,remboursé
RET00738,VNT049666,CLT03717,PRD0400,2023-07-05,Ne correspond pas à la description,1,205.73,remboursé
RET00739,VNT010767,CLT08029,PRD0014,2023-05-12,Mauvaise taille,1,3296.45,en_traitement
RET00740,VNT016130,CLT08821,PRD0368,2022-07-17,Changement d'avis,1,2023.56,remboursé
RET00741,VNT050766,CLT09197,PRD0339,2022-10-27,Ne correspond pas à la description,1,274.64,en_traitement
RET00742,VNT030445,CLT04668,PRD0175,2022-10-01,Ne correspond pas à la description,1,462.0,remboursé
RET00743,VNT000454,CLT00353,PRD0076,2022-05-09,Produit défectueux,2,559.81,remboursé
RET00744,VNT013351,CLT08227,PRD0183,2024-03-10,Mauvaise taille,2,1376.85,refusé
RET00745,VNT005175,CLT11829,PRD0028,2023-07-21,Mauvaise taille,1,7666.29,remboursé
RET00746,VNT054665,CLT07528,PRD0361,2023-03-20,Mauvaise taille,1,507.97,en_traitement
RET00747,VNT004863,CLT11119,PRD0299,2023-09-14,Ne correspond pas à la description,3,842.49,remboursé
RET00748,VNT041341,CLT02180,PRD0043,2022-03-29,Arrivé endommagé,2,7435.49,remboursé
RET00749,VNT051469,CLT00428,PRD0191,2024-05-01,Produit défectueux,4,2917.63,remboursé
RET00750,VNT032199,CLT09217,PRD0361,2022-09-23,Mauvaise taille,1,121.01,remboursé
RET00751,VNT000623,CLT06827,PRD0400,2024-05-28,Produit défectueux,1,1861.81,remboursé
RET00752,VNT035229,CLT05963,PRD0068,2024-06-26,Doublon de commande,1,480.0,remboursé
RET00753,VNT010306,CLT02113,PRD0311,2023-04-04,Ne correspond pas à la description,1,55.83,remboursé
RET00754,VNT014948,CLT06817,PRD0002,2022-06-02,Ne correspond pas à la description,1,3567.35,remboursé
RET00755,VNT004923,CLT04055,PRD0057,2022-04-15,Délai de livraison dépassé,1,624.92,remboursé
RET00756,VNT033296,CLT02047,PRD0233,2024-08-31,Mauvaise taille,1,4048.47,en_traitement
RET00757,VNT023714,CLT00882,PRD0142,2023-07-05,Ne correspond pas à la description,1,12.09,remboursé
RET00758,VNT011688,CLT03980,PRD0357,2024-12-22,Mauvaise taille,2,553.72,en_traitement
RET00759,VNT029567,CLT04531,PRD0081,2024-07-17,Mauvaise taille,1,1118.51,en_traitement
RET00760,VNT011204,CLT00432,PRD0307,2024-09-28,Mauvaise taille,4,671.81,en_traitement
RET00761,VNT031183,CLT03800,PRD0067,2024-02-21,Changement d'avis,1,1080.51,en_traitement
RET00762,VNT005185,CLT00293,PRD0348,2024-07-02,Ne correspond pas à la description,1,296.52,remboursé
RET00763,VNT034193,CLT08129,PRD0028,2024-08-08,Produit défectueux,1,10873.47,remboursé
RET00764,VNT044573,CLT03899,PRD0047,2023-06-08,Produit défectueux,1,3147.41,remboursé
RET00765,VNT006194,CLT07225,PRD0113,2023-07-09,Produit défectueux,2,406.64,remboursé
RET00766,VNT046103,CLT06306,PRD0349,2022-03-30,Doublon de commande,1,77.45,remboursé
RET00767,VNT015988,CLT00176,PRD0081,2022-09-01,Doublon de commande,1,535.92,refusé
RET00768,VNT048778,CLT04503,PRD0064,2024-07-08,Produit défectueux,1,184.38,remboursé
RET00769,VNT035440,CLT11310,PRD0289,2023-08-09,Ne correspond pas à la description,5,175.95,remboursé
RET00770,VNT018625,CLT09223,PRD0087,2023-07-16,Produit défectueux,1,1414.74,remboursé
RET00771,VNT002112,CLT00780,PRD0080,2022-12-17,Doublon de commande,2,1204.39,en_traitement
RET00772,VNT002180,CLT00337,PRD0125,2023-07-08,Arrivé endommagé,6,346.42,remboursé
RET00773,VNT016695,CLT04806,PRD0275,2022-06-15,Arrivé endommagé,2,138.11,remboursé
RET00774,VNT038158,CLT11982,PRD0079,2023-01-21,Produit défectueux,1,304.1,remboursé
RET00775,VNT036368,CLT05824,PRD0287,2023-09-01,Arrivé endommagé,1,59.14,remboursé
RET00776,VNT052116,CLT03361,PRD0131,2023-06-13,Produit défectueux,1,301.02,remboursé
RET00777,VNT008256,CLT08445,PRD0205,2022-03-29,Produit défectueux,1,2199.57,refusé
RET00778,VNT037326,CLT10995,PRD0181,2022-12-15,Qualité insuffisante,2,2784.16,remboursé
RET00779,VNT015830,CLT04341,PRD0011,2022-04-27,Produit défectueux,1,1881.87,remboursé
RET00780,VNT001050,CLT01909,PRD0270,2023-08-07,Ne correspond pas à la description,2,575.27,remboursé
RET00781,VNT040978,CLT07661,PRD0005,2023-08-31,Délai de livraison dépassé,1,940.45,remboursé
RET00782,VNT018655,CLT02717,PRD0239,2023-09-23,Ne correspond pas à la description,1,1753.57,remboursé
RET00783,VNT051578,CLT07648,PRD0258,2022-04-03,Mauvaise taille,1,309.3,refusé
RET00784,VNT022677,CLT06866,PRD0018,2022-10-11,Qualité insuffisante,1,3285.33,remboursé
RET00785,VNT017986,CLT01620,PRD0129,2023-04-05,Arrivé endommagé,2,63.05,remboursé
RET00786,VNT041677,CLT05001,PRD0108,2022-11-02,Ne correspond pas à la description,1,66.69,remboursé
RET00787,VNT013292,CLT06191,PRD0197,2022-09-12,Ne correspond pas à la description,4,1599.63,en_traitement
RET00788,VNT041378,CLT09881,PRD0225,2022-08-21,Changement d'avis,6,18472.14,refusé
RET00789,VNT003748,CLT06632,PRD0381,2022-03-13,Arrivé endommagé,4,2588.47,remboursé
RET00790,VNT018078,CLT07910,PRD0215,2025-01-24,Ne correspond pas à la description,4,4824.78,remboursé
RET00791,VNT035380,CLT07188,PRD0075,2023-05-31,Mauvaise taille,1,345.54,remboursé
RET00792,VNT000371,CLT07211,PRD0218,2022-07-23,Arrivé endommagé,1,305.21,remboursé
RET00793,VNT001841,CLT06296,PRD0174,2022-02-15,Produit défectueux,1,1248.63,remboursé
RET00794,VNT012359,CLT04807,PRD0055,2022-07-21,Qualité insuffisante,3,2297.1,remboursé
RET00795,VNT031384,CLT08333,PRD0085,2022-08-09,Ne correspond pas à la description,1,204.11,remboursé
RET00796,VNT006660,CLT02177,PRD0323,2022-08-08,Changement d'avis,3,454.59,remboursé
RET00797,VNT050296,CLT01870,PRD0048,2022-05-15,Doublon de commande,1,6824.1,en_traitement
RET00798,VNT012590,CLT06226,PRD0074,2022-03-09,Ne correspond pas à la description,2,290.92,en_traitement
RET00799,VNT032622,CLT09402,PRD0369,2022-03-14,Qualité insuffisante,4,916.5,en_traitement
RET00800,VNT005007,CLT07704,PRD0073,2024-11-15,Ne correspond pas à la description,1,535.34,remboursé
RET00801,VNT052302,CLT04776,PRD0208,2024-06-08,Changement d'avis,2,2988.88,remboursé
RET00802,VNT032175,CLT10291,PRD0002,2023-06-19,Ne correspond pas à la description,1,3723.07,refusé
RET00803,VNT017013,CLT04374,PRD0391,2022-12-17,Produit défectueux,1,899.88,remboursé
RET00804,VNT036683,CLT05199,PRD0269,2024-07-19,Mauvaise taille,1,232.04,remboursé
RET00805,VNT007417,CLT02981,PRD0377,2024-07-22,Produit défectueux,1,1243.7,remboursé
RET00806,VNT044500,CLT10452,PRD0063,2024-02-17,Produit défectueux,1,386.83,remboursé
RET00807,VNT031967,CLT03118,PRD0305,2023-04-15,Arrivé endommagé,5,1182.58,en_traitement
RET00808,VNT035302,CLT10783,PRD0229,2023-11-04,Produit défectueux,3,2261.05,refusé
RET00809,VNT016655,CLT01620,PRD0026,2022-02-04,Produit défectueux,1,1746.81,en_traitement
RET00810,VNT042387,CLT00551,PRD0108,2022-11-20,Changement d'avis,1,65.28,remboursé
RET00811,VNT029543,CLT01222,PRD0022,2024-05-23,Produit défectueux,2,994.46,remboursé
RET00812,VNT034727,CLT06927,PRD0276,2024-02-01,Produit défectueux,4,1526.94,remboursé
RET00813,VNT054505,CLT00879,PRD0354,2025-01-23,Ne correspond pas à la description,2,198.4,remboursé
RET00814,VNT008721,CLT07053,PRD0351,2022-08-12,Produit défectueux,2,244.46,remboursé
RET00815,VNT023116,CLT10253,PRD0090,2024-11-03,Changement d'avis,2,777.12,remboursé
RET00816,VNT051939,CLT06863,PRD0222,2023-10-09,Produit défectueux,1,1724.71,remboursé
RET00817,VNT001625,CLT07544,PRD0047,2022-09-22,Produit défectueux,1,2860.34,en_traitement
RET00818,VNT039893,CLT00544,PRD0003,2023-07-06,Mauvaise taille,1,1777.22,remboursé
RET00819,VNT015732,CLT07852,PRD0046,2024-08-21,Ne correspond pas à la description,1,4414.96,remboursé
RET00820,VNT037954,CLT07494,PRD0166,2024-01-01,Changement d'avis,1,381.21,remboursé
RET00821,VNT029964,CLT05620,PRD0302,2023-10-20,Changement d'avis,1,314.43,remboursé
RET00822,VNT048001,CLT10588,PRD0361,2022-03-10,Produit défectueux,1,117.37,remboursé
RET00823,VNT048332,CLT10146,PRD0261,2023-02-06,Mauvaise taille,4,1010.44,remboursé
RET00824,VNT014880,CLT00072,PRD0327,2023-10-30,Produit défectueux,2,532.05,remboursé
RET00825,VNT026687,CLT05905,PRD0169,2022-12-25,Produit défectueux,1,493.61,refusé
RET00826,VNT015844,CLT10885,PRD0227,2023-06-24,Produit défectueux,1,2387.0,remboursé
RET00827,VNT053501,CLT02086,PRD0332,2024-12-20,Changement d'avis,1,95.22,remboursé
RET00828,VNT048732,CLT08568,PRD0316,2022-11-27,Arrivé endommagé,3,782.29,remboursé
RET00829,VNT046654,CLT07291,PRD0225,2024-09-20,Produit défectueux,1,1983.9,remboursé
RET00830,VNT049401,CLT07753,PRD0304,2023-03-10,Mauvaise taille,1,63.19,remboursé
RET00831,VNT019697,CLT09159,PRD0130,2024-11-25,Arrivé endommagé,1,181.54,remboursé
RET00832,VNT032646,CLT01678,PRD0126,2024-05-16,Mauvaise taille,2,411.69,en_traitement
RET00833,VNT004904,CLT06647,PRD0073,2024-06-22,Produit défectueux,1,1070.5,remboursé
RET00834,VNT022790,CLT04751,PRD0350,2022-04-28,Changement d'avis,1,434.12,en_traitement
RET00835,VNT029923,CLT05204,PRD0212,2024-11-10,Arrivé endommagé,2,3962.26,remboursé
RET00836,VNT004238,CLT06272,PRD0317,2024-02-12,Ne correspond pas à la description,5,929.31,en_traitement
RET00837,VNT021091,CLT05716,PRD0182,2024-12-03,Mauvaise taille,1,1161.18,remboursé
RET00838,VNT010484,CLT05934,PRD0299,2024-04-27,Produit défectueux,3,535.45,refusé
RET00839,VNT013423,CLT06889,PRD0194,2023-02-25,Mauvaise taille,1,357.45,remboursé
RET00840,VNT044764,CLT04197,PRD0011,2024-08-28,Mauvaise taille,3,6666.58,en_traitement
RET00841,VNT053689,CLT11234,PRD0178,2024-11-04,Produit défectueux,1,358.47,en_traitement
RET00842,VNT038173,CLT03519,PRD0323,2023-07-09,Arrivé endommagé,2,359.17,remboursé
RET00843,VNT002294,CLT10121,PRD0127,2024-04-14,Ne correspond pas à la description,1,267.92,remboursé
RET00844,VNT018642,CLT09961,PRD0034,2024-05-07,Produit défectueux,1,6374.35,remboursé
RET00845,VNT046440,CLT05283,PRD0333,2024-01-25,Produit défectueux,2,235.89,remboursé
RET00846,VNT024990,CLT07079,PRD0313,2023-03-19,Doublon de commande,2,270.3,en_traitement
RET00847,VNT027070,CLT05559,PRD0293,2023-04-28,Ne correspond pas à la description,2,1429.42,remboursé
RET00848,VNT016591,CLT00264,PRD0400,2024-03-28,Changement d'avis,1,461.47,remboursé
RET00849,VNT044680,CLT03524,PRD0107,2024-06-06,Changement d'avis,1,38.96,remboursé
RET00850,VNT015152,CLT11297,PRD0203,2023-04-03,Ne correspond pas à la description,1,6981.61,remboursé
RET00851,VNT002656,CLT03666,PRD0245,2022-12-10,Mauvaise taille,1,1232.04,remboursé
RET00852,VNT048609,CLT10606,PRD0259,2024-02-23,Changement d'avis,1,323.38,remboursé
RET00853,VNT050443,CLT00216,PRD0391,2022-10-27,Mauvaise taille,2,762.42,remboursé
RET00854,VNT024006,CLT08876,PRD0209,2022-12-14,Mauvaise taille,1,417.56,en_traitement
RET00855,VNT041661,CLT02906,PRD0185,2022-04-03,Qualité insuffisante,1,738.99,remboursé
RET00856,VNT018948,CLT08096,PRD0144,2023-03-19,Doublon de commande,1,99.81,remboursé
RET00857,VNT013646,CLT01989,PRD0116,2025-01-03,Délai de livraison dépassé,2,277.4,remboursé
RET00858,VNT016342,CLT11106,PRD0364,2022-07-20,Doublon de commande,1,165.49,refusé
RET00859,VNT052772,CLT05652,PRD0013,2022-05-12,Ne correspond pas à la description,1,5133.76,remboursé
RET00860,VNT004283,CLT10628,PRD0168,2024-07-18,Changement d'avis,1,491.45,remboursé
RET00861,VNT029464,CLT07315,PRD0105,2022-06-28,Doublon de commande,1,54.22,remboursé
RET00862,VNT018252,CLT11808,PRD0075,2023-10-11,Changement d'avis,2,706.97,remboursé
RET00863,VNT027906,CLT06500,PRD0306,2022-01-20,Produit défectueux,2,407.06,refusé
RET00864,VNT035007,CLT08569,PRD0327,2022-02-22,Ne correspond pas à la description,1,351.44,remboursé
RET00865,VNT034011,CLT01501,PRD0328,2024-02-04,Ne correspond pas à la description,1,70.37,remboursé
RET00866,VNT040674,CLT09123,PRD0044,2024-12-10,Mauvaise taille,4,7800.1,remboursé
RET00867,VNT040257,CLT10879,PRD0034,2024-05-28,Ne correspond pas à la description,2,6910.7,en_traitement
RET00868,VNT028777,CLT02623,PRD0026,2023-04-22,Mauvaise taille,1,2044.88,remboursé
RET00869,VNT006411,CLT00582,PRD0307,2024-10-05,Produit défectueux,1,119.91,remboursé
RET00870,VNT013699,CLT05661,PRD0279,2024-07-28,Produit défectueux,3,648.52,remboursé
RET00871,VNT009478,CLT09255,PRD0054,2024-01-15,Mauvaise taille,8,1389.43,en_traitement
RET00872,VNT041251,CLT02557,PRD0263,2024-08-20,Ne correspond pas à la description,2,1719.4,remboursé
RET00873,VNT011386,CLT01319,PRD0200,2022-02-05,Arrivé endommagé,2,3100.95,refusé
RET00874,VNT019799,CLT07463,PRD0263,2022-05-18,Délai de livraison dépassé,1,321.03,remboursé
RET00875,VNT051636,CLT03599,PRD0296,2025-01-07,Arrivé endommagé,1,945.4,remboursé
RET00876,VNT030543,CLT01910,PRD0305,2022-11-17,Délai de livraison dépassé,2,745.7,remboursé
RET00877,VNT009510,CLT03872,PRD0182,2023-01-02,Arrivé endommagé,2,3697.23,remboursé
RET00878,VNT040742,CLT03562,PRD0241,2024-10-05,Arrivé endommagé,1,1546.31,remboursé
RET00879,VNT029685,CLT08360,PRD0130,2023-07-16,Mauvaise taille,1,278.14,remboursé
RET00880,VNT050604,CLT03562,PRD0095,2024-11-06,Ne correspond pas à la description,4,2226.8,remboursé
RET00881,VNT024052,CLT06708,PRD0324,2023-05-02,Changement d'avis,1,220.54,remboursé
RET00882,VNT038061,CLT11144,PRD0022,2023-04-19,Arrivé endommagé,2,1169.02,remboursé
RET00883,VNT029677,CLT04932,PRD0337,2023-10-11,Changement d'avis,1,209.34,remboursé
RET00884,VNT028610,CLT07147,PRD0095,2024-01-31,Doublon de commande,1,503.27,en_traitement
RET00885,VNT034888,CLT04061,PRD0336,2024-09-07,Ne correspond pas à la description,3,730.6,en_traitement
RET00886,VNT039723,CLT00154,PRD0193,2024-03-26,Ne correspond pas à la description,1,872.45,en_traitement
RET00887,VNT017594,CLT10820,PRD0352,2022-06-07,Produit défectueux,2,1121.86,remboursé
RET00888,VNT017251,CLT02393,PRD0059,2023-03-18,Délai de livraison dépassé,1,722.2,remboursé
RET00889,VNT035720,CLT02068,PRD0120,2023-10-11,Arrivé endommagé,3,353.12,en_traitement
RET00890,VNT050099,CLT06229,PRD0037,2023-06-06,Produit défectueux,1,2358.79,en_traitement
RET00891,VNT012892,CLT10747,PRD0336,2022-03-22,Ne correspond pas à la description,1,711.03,remboursé
RET00892,VNT000060,CLT08542,PRD0013,2022-09-27,Arrivé endommagé,6,5651.6,remboursé
RET00893,VNT037419,CLT10905,PRD0262,2022-06-10,Produit défectueux,1,184.05,remboursé
RET00894,VNT037668,CLT04552,PRD0206,2023-06-24,Produit défectueux,1,2046.13,en_traitement
RET00895,VNT030113,CLT09960,PRD0395,2024-11-12,Doublon de commande,1,481.71,remboursé
RET00896,VNT046232,CLT02369,PRD0237,2022-06-22,Arrivé endommagé,3,6528.61,remboursé
RET00897,VNT017036,CLT09711,PRD0387,2022-11-10,Produit défectueux,1,609.38,en_traitement
RET00898,VNT047508,CLT10355,PRD0225,2022-10-07,Ne correspond pas à la description,3,6957.91,remboursé
RET00899,VNT043272,CLT09329,PRD0149,2024-05-07,Mauvaise taille,1,121.03,remboursé
RET00900,VNT037513,CLT06190,PRD0273,2024-05-19,Mauvaise taille,1,382.25,en_traitement
RET00901,VNT010682,CLT02254,PRD0357,2023-09-08,Doublon de commande,2,708.85,en_traitement
RET00902,VNT019502,CLT10070,PRD0366,2023-08-30,Ne correspond pas à la description,1,339.89,remboursé
RET00903,VNT004637,CLT02961,PRD0180,2022-05-31,Arrivé endommagé,1,308.17,remboursé
RET00904,VNT034066,CLT10860,PRD0248,2023-11-04,Produit défectueux,9,3069.71,remboursé
RET00905,VNT044098,CLT03542,PRD0143,2022-04-21,Produit défectueux,3,138.61,remboursé
RET00906,VNT041215,CLT09110,PRD0056,2022-07-21,Changement d'avis,1,563.39,remboursé
RET00907,VNT052472,CLT09981,PRD0142,2024-09-07,Ne correspond pas à la description,1,15.75,remboursé
RET00908,VNT043863,CLT05621,PRD0331,2022-06-01,Mauvaise taille,1,113.32,remboursé
RET00909,VNT048169,CLT01293,PRD0117,2024-11-23,Ne correspond pas à la description,1,195.41,en_traitement
RET00910,VNT014800,CLT07405,PRD0349,2023-07-24,Mauvaise taille,1,98.48,remboursé
RET00911,VNT004997,CLT03412,PRD0357,2023-04-24,Doublon de commande,1,357.62,remboursé
RET00912,VNT008648,CLT11991,PRD0061,2023-07-18,Changement d'avis,2,809.01,remboursé
RET00913,VNT030961,CLT08987,PRD0381,2023-11-19,Arrivé endommagé,2,1991.92,en_traitement
RET00914,VNT031966,CLT11528,PRD0350,2024-09-13,Arrivé endommagé,1,202.36,en_traitement
RET00915,VNT038888,CLT05877,PRD0145,2023-05-17,Produit défectueux,2,86.01,remboursé
RET00916,VNT009428,CLT08722,PRD0379,2022-07-01,Mauvaise taille,3,1304.04,remboursé
RET00917,VNT043932,CLT09940,PRD0386,2024-11-06,Ne correspond pas à la description,1,92.52,en_traitement
RET00918,VNT006077,CLT06062,PRD0335,2023-07-13,Ne correspond pas à la description,2,405.43,en_traitement
RET00919,VNT006771,CLT08489,PRD0313,2023-07-10,Arrivé endommagé,1,121.49,remboursé
RET00920,VNT003744,CLT04568,PRD0074,2022-11-08,Qualité insuffisante,2,409.47,remboursé
RET00921,VNT018482,CLT11066,PRD0074,2024-09-04,Produit défectueux,1,136.7,remboursé
RET00922,VNT015549,CLT01685,PRD0058,2024-02-29,Arrivé endommagé,2,912.93,remboursé
RET00923,VNT053377,CLT08960,PRD0373,2023-07-06,Mauvaise taille,1,2754.62,en_traitement
RET00924,VNT031749,CLT09067,PRD0105,2023-11-23,Arrivé endommagé,2,60.05,en_traitement
RET00925,VNT004928,CLT01960,PRD0290,2022-11-20,Arrivé endommagé,1,44.61,en_traitement
RET00926,VNT045799,CLT02390,PRD0316,2023-02-10,Arrivé endommagé,4,762.04,en_traitement
RET00927,VNT008764,CLT05778,PRD0282,2023-10-09,Mauvaise taille,1,150.33,refusé
RET00928,VNT028234,CLT08387,PRD0141,2024-08-23,Ne correspond pas à la description,1,182.74,en_traitement
RET00929,VNT052803,CLT02798,PRD0014,2023-02-09,Mauvaise taille,2,2693.6,remboursé
RET00930,VNT048805,CLT03965,PRD0035,2022-10-10,Arrivé endommagé,1,2934.94,remboursé
RET00931,VNT020037,CLT10517,PRD0032,2022-04-05,Changement d'avis,2,6212.25,remboursé
RET00932,VNT048786,CLT10998,PRD0343,2023-05-14,Changement d'avis,2,360.2,en_traitement
RET00933,VNT008632,CLT07991,PRD0230,2022-11-01,Mauvaise taille,1,1091.26,remboursé
RET00934,VNT040293,CLT10938,PRD0244,2024-03-06,Qualité insuffisante,2,4369.54,remboursé
RET00935,VNT041221,CLT10250,PRD0150,2022-02-08,Doublon de commande,1,208.14,en_traitement
RET00936,VNT047282,CLT02896,PRD0285,2022-09-29,Changement d'avis,1,143.8,remboursé
RET00937,VNT048279,CLT06955,PRD0203,2022-06-12,Arrivé endommagé,1,1363.76,remboursé
RET00938,VNT033228,CLT01359,PRD0107,2025-01-01,Produit défectueux,2,140.55,remboursé
RET00939,VNT045870,CLT06507,PRD0360,2023-01-04,Arrivé endommagé,2,1057.45,en_traitement
RET00940,VNT030377,CLT09776,PRD0079,2023-12-10,Arrivé endommagé,5,2916.24,remboursé
RET00941,VNT021905,CLT00364,PRD0227,2023-05-31,Produit défectueux,4,10917.47,remboursé
RET00942,VNT052473,CLT10932,PRD0344,2023-01-17,Arrivé endommagé,3,1882.47,remboursé
RET00943,VNT015314,CLT00962,PRD0042,2024-02-22,Arrivé endommagé,1,3065.93,remboursé
RET00944,VNT007714,CLT10014,PRD0157,2024-03-25,Produit défectueux,3,575.86,remboursé
RET00945,VNT031960,CLT00561,PRD0210,2023-07-29,Changement d'avis,4,330.8,refusé
RET00946,VNT020145,CLT08705,PRD0140,2023-03-08,Produit défectueux,2,197.91,en_traitement
RET00947,VNT018194,CLT01340,PRD0129,2022-07-11,Produit défectueux,1,117.32,remboursé
RET00948,VNT004426,CLT04224,PRD0015,2023-04-24,Mauvaise taille,1,2538.09,remboursé
RET00949,VNT006320,CLT06058,PRD0246,2022-06-17,Produit défectueux,1,3877.89,remboursé
RET00950,VNT048101,CLT02237,PRD0227,2024-07-07,Produit défectueux,1,2538.02,remboursé
RET00951,VNT035637,CLT03518,PRD0293,2023-10-07,Arrivé endommagé,1,380.12,remboursé
RET00952,VNT039449,CLT01721,PRD0259,2024-08-13,Ne correspond pas à la description,1,581.01,remboursé
RET00953,VNT046080,CLT04754,PRD0119,2024-10-30,Arrivé endommagé,1,57.82,remboursé
RET00954,VNT050862,CLT01430,PRD0102,2022-07-04,Produit défectueux,1,148.24,remboursé
RET00955,VNT004137,CLT07836,PRD0133,2022-08-31,Produit défectueux,2,179.98,remboursé
RET00956,VNT042609,CLT02083,PRD0342,2024-07-04,Arrivé endommagé,1,169.59,remboursé
RET00957,VNT017139,CLT11886,PRD0297,2022-06-23,Changement d'avis,3,938.38,remboursé
RET00958,VNT035794,CLT01673,PRD0074,2024-05-23,Mauvaise taille,1,160.68,remboursé
RET00959,VNT053102,CLT11281,PRD0031,2023-11-07,Produit défectueux,1,5979.54,en_traitement
RET00960,VNT044470,CLT03945,PRD0122,2023-08-17,Arrivé endommagé,3,473.17,en_traitement
RET00961,VNT051683,CLT04482,PRD0347,2022-05-06,Arrivé endommagé,1,405.75,remboursé
RET00962,VNT047490,CLT10602,PRD0342,2022-11-04,Produit défectueux,2,454.71,en_traitement
RET00963,VNT053658,CLT02978,PRD0234,2024-07-01,Délai de livraison dépassé,2,2499.04,en_traitement
RET00964,VNT032962,CLT07852,PRD0358,2024-11-18,Ne correspond pas à la description,3,171.74,refusé
RET00965,VNT030157,CLT00946,PRD0011,2024-08-01,Produit défectueux,2,11907.94,refusé
RET00966,VNT042525,CLT10916,PRD0093,2025-01-08,Produit défectueux,2,514.82,remboursé
RET00967,VNT023847,CLT01944,PRD0068,2022-12-12,Délai de livraison dépassé,2,735.72,remboursé
RET00968,VNT039877,CLT00330,PRD0052,2023-10-19,Mauvaise taille,1,214.5,en_traitement
RET00969,VNT051195,CLT00248,PRD0025,2022-10-02,Produit défectueux,1,3097.06,remboursé
RET00970,VNT011727,CLT06718,PRD0340,2022-05-12,Arrivé endommagé,4,1313.04,remboursé
RET00971,VNT047996,CLT04004,PRD0130,2024-12-27,Ne correspond pas à la description,1,117.23,en_traitement
RET00972,VNT021919,CLT01291,PRD0068,2023-02-18,Produit défectueux,1,334.79,remboursé
RET00973,VNT016007,CLT04899,PRD0384,2024-03-20,Produit défectueux,1,1422.35,remboursé
RET00974,VNT024677,CLT11960,PRD0027,2024-05-30,Arrivé endommagé,1,1690.49,remboursé
RET00975,VNT004835,CLT03958,PRD0336,2024-03-04,Changement d'avis,1,221.89,remboursé
RET00976,VNT000661,CLT07412,PRD0118,2022-12-22,Produit défectueux,1,70.89,en_traitement
RET00977,VNT005002,CLT04745,PRD0053,2023-01-26,Produit défectueux,1,618.32,remboursé
RET00978,VNT014346,CLT03032,PRD0337,2023-04-26,Arrivé endommagé,1,508.97,remboursé
RET00979,VNT011064,CLT09368,PRD0144,2024-02-29,Arrivé endommagé,1,344.72,remboursé
RET00980,VNT001360,CLT03386,PRD0131,2022-08-25,Ne correspond pas à la description,4,524.94,refusé
RET00981,VNT024066,CLT02625,PRD0358,2024-11-03,Ne correspond pas à la description,1,74.21,remboursé
RET00982,VNT000361,CLT06155,PRD0295,2024-03-12,Produit défectueux,1,193.81,remboursé
RET00983,VNT006859,CLT07897,PRD0352,2022-07-13,Doublon de commande,1,533.5,remboursé
RET00984,VNT033954,CLT03667,PRD0208,2023-07-09,Ne correspond pas à la description,1,6385.39,remboursé
RET00985,VNT032184,CLT09517,PRD0044,2022-08-21,Arrivé endommagé,1,6325.58,remboursé
RET00986,VNT025921,CLT03408,PRD0177,2023-02-19,Produit défectueux,2,1533.04,remboursé
RET00987,VNT017534,CLT09380,PRD0283,2024-11-06,Produit défectueux,6,2783.96,en_traitement
RET00988,VNT034118,CLT03598,PRD0096,2023-08-28,Délai de livraison dépassé,1,209.99,remboursé
RET00989,VNT052196,CLT10460,PRD0241,2023-10-10,Arrivé endommagé,1,4280.25,refusé
RET00990,VNT026291,CLT09009,PRD0282,2022-08-18,Ne correspond pas à la description,1,524.25,remboursé
RET00991,VNT050509,CLT10745,PRD0161,2024-07-27,Délai de livraison dépassé,1,2459.29,remboursé
RET00992,VNT016157,CLT05567,PRD0054,2024-05-27,Qualité insuffisante,2,466.8,refusé
RET00993,VNT038705,CLT08995,PRD0158,2024-08-14,Produit défectueux,1,506.64,remboursé
RET00994,VNT001096,CLT08400,PRD0152,2023-01-09,Produit défectueux,1,636.37,remboursé
RET00995,VNT019042,CLT03112,PRD0276,2024-04-30,Mauvaise taille,1,320.7,remboursé
RET00996,VNT042200,CLT03575,PRD0237,2024-10-16,Ne correspond pas à la description,3,8914.1,en_traitement
RET00997,VNT054990,CLT07430,PRD0208,2023-07-19,Produit défectueux,1,1954.12,en_traitement
RET00998,VNT043995,CLT02606,PRD0052,2024-03-02,Ne correspond pas à la description,1,669.67,remboursé
RET00999,VNT029490,CLT07240,PRD0019,2023-07-13,Changement d'avis,3,9051.45,en_traitement
RET01000,VNT046070,CLT05666,PRD0326,2022-09-16,Mauvaise taille,2,427.57,remboursé
RET01001,VNT049167,CLT06375,PRD0124,2024-11-12,Ne correspond pas à la description,1,96.76,remboursé
RET01002,VNT009130,CLT06314,PRD0184,2022-04-04,Ne correspond pas à la description,1,359.68,remboursé
RET01003,VNT004665,CLT07141,PRD0210,2022-09-26,Doublon de commande,1,69.04,remboursé
RET01004,VNT040444,CLT04472,PRD0018,2023-06-15,Ne correspond pas à la description,3,11542.32,refusé
RET01005,VNT026457,CLT01555,PRD0254,2022-09-29,Délai de livraison dépassé,1,252.21,remboursé
RET01006,VNT036803,CLT00720,PRD0213,2024-09-06,Produit défectueux,1,8659.38,remboursé
RET01007,VNT047712,CLT06795,PRD0116,2022-10-27,Produit défectueux,7,1509.42,remboursé
RET01008,VNT035798,CLT03596,PRD0022,2022-07-29,Ne correspond pas à la description,1,1102.46,remboursé
RET01009,VNT032654,CLT02665,PRD0003,2024-03-25,Produit défectueux,2,752.06,remboursé
RET01010,VNT044712,CLT03686,PRD0399,2023-09-08,Arrivé endommagé,2,1158.29,en_traitement
RET01011,VNT024546,CLT06876,PRD0058,2023-09-15,Mauvaise taille,5,2366.59,remboursé
RET01012,VNT006338,CLT00443,PRD0329,2022-12-27,Ne correspond pas à la description,3,1130.47,en_traitement
RET01013,VNT004371,CLT04391,PRD0011,2024-04-17,Arrivé endommagé,3,19812.11,remboursé
RET01014,VNT007121,CLT07164,PRD0119,2024-10-15,Ne correspond pas à la description,1,64.86,en_traitement
RET01015,VNT035098,CLT03310,PRD0256,2023-08-10,Mauvaise taille,3,767.34,refusé
RET01016,VNT054142,CLT02186,PRD0094,2023-06-15,Ne correspond pas à la description,2,1711.85,remboursé
RET01017,VNT005987,CLT01628,PRD0188,2023-10-02,Ne correspond pas à la description,1,65.79,remboursé
RET01018,VNT039389,CLT09384,PRD0115,2023-12-17,Produit défectueux,1,343.55,remboursé
RET01019,VNT011296,CLT06357,PRD0060,2022-07-24,Produit défectueux,1,1140.36,remboursé
RET01020,VNT027917,CLT10282,PRD0118,2022-11-14,Mauvaise taille,2,265.2,en_traitement
RET01021,VNT045869,CLT02337,PRD0384,2023-02-14,Changement d'avis,1,420.51,remboursé
RET01022,VNT042694,CLT07939,PRD0319,2025-01-15,Ne correspond pas à la description,1,198.85,remboursé
RET01023,VNT007995,CLT09745,PRD0370,2023-03-25,Mauvaise taille,3,341.61,en_traitement
RET01024,VNT011341,CLT07471,PRD0040,2022-10-10,Produit défectueux,1,1102.31,remboursé
RET01025,VNT044936,CLT08326,PRD0141,2024-07-10,Produit défectueux,3,680.4,remboursé
RET01026,VNT054058,CLT02842,PRD0216,2024-10-18,Doublon de commande,1,670.48,remboursé
RET01027,VNT024455,CLT08751,PRD0018,2022-04-06,Changement d'avis,2,14546.26,remboursé
RET01028,VNT033943,CLT09968,PRD0098,2022-01-31,Produit défectueux,2,1853.41,remboursé
RET01029,VNT011498,CLT11231,PRD0010,2023-06-12,Ne correspond pas à la description,1,4908.02,remboursé
RET01030,VNT022160,CLT09659,PRD0254,2024-11-10,Mauvaise taille,3,475.81,remboursé
RET01031,VNT006615,CLT05853,PRD0320,2023-09-22,Arrivé endommagé,3,171.21,en_traitement
RET01032,VNT031151,CLT07687,PRD0139,2023-05-31,Produit défectueux,1,89.83,remboursé
RET01033,VNT050338,CLT11527,PRD0335,2022-06-22,Mauvaise taille,2,343.34,remboursé
RET01034,VNT013597,CLT07947,PRD0079,2024-09-23,Produit défectueux,1,354.65,remboursé
RET01035,VNT047447,CLT02655,PRD0017,2023-05-05,Produit défectueux,2,12201.81,refusé
RET01036,VNT031094,CLT09391,PRD0023,2023-07-09,Mauvaise taille,1,1259.96,remboursé
RET01037,VNT027080,CLT08388,PRD0382,2022-07-25,Ne correspond pas à la description,1,676.96,remboursé
RET01038,VNT020141,CLT01518,PRD0086,2024-10-17,Ne correspond pas à la description,1,140.6,en_traitement
RET01039,VNT018809,CLT07947,PRD0325,2022-08-30,Ne correspond pas à la description,1,256.87,remboursé
RET01040,VNT031895,CLT10534,PRD0335,2023-08-27,Produit défectueux,3,616.41,remboursé
RET01041,VNT046347,CLT00913,PRD0077,2024-01-24,Arrivé endommagé,2,2832.4,remboursé
RET01042,VNT043822,CLT07892,PRD0275,2024-10-19,Arrivé endommagé,3,153.43,remboursé
RET01043,VNT051750,CLT04548,PRD0287,2024-07-05,Ne correspond pas à la description,2,350.24,remboursé
RET01044,VNT032447,CLT11531,PRD0287,2023-10-19,Mauvaise taille,2,139.83,remboursé
RET01045,VNT032171,CLT00262,PRD0127,2022-02-24,Mauvaise taille,1,133.78,remboursé
RET01046,VNT042784,CLT09784,PRD0269,2023-05-29,Produit défectueux,1,631.29,remboursé
RET01047,VNT015404,CLT04686,PRD0128,2022-11-04,Délai de livraison dépassé,3,710.0,remboursé
RET01048,VNT046698,CLT06173,PRD0062,2022-04-07,Mauvaise taille,1,890.61,remboursé
RET01049,VNT053978,CLT11467,PRD0045,2023-05-12,Produit défectueux,1,648.45,remboursé
RET01050,VNT037304,CLT07381,PRD0151,2022-02-07,Changement d'avis,2,1193.67,remboursé
RET01051,VNT041807,CLT09148,PRD0111,2024-08-17,Ne correspond pas à la description,2,240.71,remboursé
RET01052,VNT007555,CLT03519,PRD0005,2024-03-24,Arrivé endommagé,1,1631.99,remboursé
RET01053,VNT016470,CLT09521,PRD0068,2023-10-05,Ne correspond pas à la description,1,717.56,remboursé
RET01054,VNT054398,CLT07347,PRD0288,2023-07-16,Mauvaise taille,1,338.65,remboursé
RET01055,VNT028283,CLT02944,PRD0013,2022-04-01,Doublon de commande,1,4125.39,en_traitement
RET01056,VNT020791,CLT09278,PRD0287,2024-09-29,Mauvaise taille,2,174.5,en_traitement
RET01057,VNT000099,CLT09914,PRD0259,2022-10-19,Mauvaise taille,4,1779.92,remboursé
RET01058,VNT008783,CLT00480,PRD0295,2025-01-01,Produit défectueux,2,389.5,refusé
RET01059,VNT002669,CLT07280,PRD0170,2023-07-26,Mauvaise taille,1,1637.61,remboursé
RET01060,VNT041177,CLT06949,PRD0373,2022-03-06,Produit défectueux,2,3932.0,remboursé
RET01061,VNT052449,CLT09801,PRD0039,2024-05-26,Ne correspond pas à la description,2,4068.15,en_traitement
RET01062,VNT025126,CLT03106,PRD0058,2023-05-27,Mauvaise taille,1,492.8,refusé
RET01063,VNT002211,CLT08246,PRD0361,2022-07-03,Arrivé endommagé,1,140.18,remboursé
RET01064,VNT004348,CLT08744,PRD0027,2024-08-02,Arrivé endommagé,1,2920.82,remboursé
RET01065,VNT046754,CLT04010,PRD0397,2022-03-05,Produit défectueux,3,4971.99,remboursé
RET01066,VNT028781,CLT03855,PRD0221,2023-01-04,Mauvaise taille,1,443.65,remboursé
RET01067,VNT036443,CLT01377,PRD0355,2023-11-11,Produit défectueux,1,340.21,remboursé
RET01068,VNT044460,CLT09089,PRD0127,2022-07-29,Produit défectueux,3,650.96,refusé
RET01069,VNT024428,CLT03284,PRD0054,2022-09-25,Produit défectueux,2,331.75,refusé
RET01070,VNT014042,CLT11963,PRD0050,2022-12-27,Produit défectueux,1,7170.72,remboursé
RET01071,VNT021263,CLT06687,PRD0028,2024-10-13,Ne correspond pas à la description,1,2344.59,remboursé
RET01072,VNT004952,CLT08227,PRD0250,2023-01-24,Mauvaise taille,2,184.26,en_traitement
RET01073,VNT052228,CLT02222,PRD0309,2023-07-15,Produit défectueux,1,361.08,en_traitement
RET01074,VNT006079,CLT06144,PRD0210,2024-05-22,Ne correspond pas à la description,1,284.04,remboursé
RET01075,VNT023900,CLT00224,PRD0230,2024-06-07,Arrivé endommagé,3,3258.33,en_traitement
RET01076,VNT035031,CLT09778,PRD0292,2024-02-04,Changement d'avis,1,129.38,remboursé
RET01077,VNT008819,CLT02827,PRD0153,2022-02-14,Produit défectueux,1,91.04,remboursé
RET01078,VNT010035,CLT07360,PRD0320,2023-02-03,Ne correspond pas à la description,3,176.65,remboursé
RET01079,VNT020222,CLT06188,PRD0057,2024-03-28,Produit défectueux,1,2407.46,remboursé
RET01080,VNT050377,CLT00582,PRD0079,2022-07-19,Délai de livraison dépassé,3,819.22,remboursé
RET01081,VNT001249,CLT09150,PRD0327,2023-04-01,Mauvaise taille,2,309.93,refusé
RET01082,VNT028775,CLT05730,PRD0273,2022-06-17,Ne correspond pas à la description,1,437.19,refusé
RET01083,VNT026322,CLT09788,PRD0248,2022-09-20,Mauvaise taille,1,1845.11,en_traitement
RET01084,VNT025418,CLT02648,PRD0087,2023-01-12,Ne correspond pas à la description,3,2399.63,remboursé
RET01085,VNT040200,CLT06399,PRD0116,2022-06-26,Doublon de commande,1,147.5,refusé
RET01086,VNT021286,CLT10092,PRD0395,2022-02-13,Changement d'avis,2,1939.12,remboursé
RET01087,VNT044860,CLT11033,PRD0171,2022-05-30,Mauvaise taille,5,5564.59,remboursé
RET01088,VNT030585,CLT06739,PRD0152,2024-01-14,Changement d'avis,2,2430.28,remboursé
RET01089,VNT048347,CLT00495,PRD0044,2022-07-02,Changement d'avis,1,2138.63,en_traitement
RET01090,VNT006485,CLT05106,PRD0151,2023-05-15,Arrivé endommagé,2,2049.14,remboursé
RET01091,VNT028458,CLT04254,PRD0251,2023-01-01,Produit défectueux,1,99.43,remboursé
RET01092,VNT041830,CLT08313,PRD0185,2024-06-10,Produit défectueux,1,1554.61,remboursé
RET01093,VNT041293,CLT07903,PRD0313,2023-10-14,Ne correspond pas à la description,2,223.4,remboursé
RET01094,VNT027074,CLT04405,PRD0234,2024-02-11,Qualité insuffisante,1,932.15,remboursé
RET01095,VNT037822,CLT02814,PRD0027,2023-10-22,Produit défectueux,2,5698.65,remboursé
RET01096,VNT010392,CLT02774,PRD0282,2024-05-03,Mauvaise taille,1,185.91,remboursé
RET01097,VNT045455,CLT00563,PRD0188,2024-03-15,Changement d'avis,2,198.05,remboursé
RET01098,VNT021883,CLT01430,PRD0382,2023-07-05,Arrivé endommagé,1,1041.02,remboursé
RET01099,VNT052018,CLT09653,PRD0274,2024-01-28,Qualité insuffisante,1,555.01,remboursé
RET01100,VNT037160,CLT01027,PRD0337,2022-06-11,Produit défectueux,1,179.48,remboursé
RET01101,VNT053291,CLT03010,PRD0272,2023-01-21,Produit défectueux,2,804.75,remboursé
RET01102,VNT034071,CLT00317,PRD0260,2022-07-09,Ne correspond pas à la description,3,1132.77,en_traitement
RET01103,VNT027994,CLT02797,PRD0394,2022-05-18,Mauvaise taille,1,198.42,remboursé
RET01104,VNT054187,CLT02270,PRD0310,2023-05-31,Délai de livraison dépassé,3,732.63,en_traitement
RET01105,VNT041115,CLT11691,PRD0221,2024-09-16,Changement d'avis,1,136.02,remboursé
RET01106,VNT007113,CLT09959,PRD0240,2022-07-01,Délai de livraison dépassé,1,1095.38,remboursé
RET01107,VNT027013,CLT07051,PRD0029,2022-04-14,Produit défectueux,2,17843.43,en_traitement
RET01108,VNT039104,CLT00700,PRD0381,2024-05-05,Mauvaise taille,1,5440.26,en_traitement
RET01109,VNT024022,CLT08317,PRD0388,2023-06-30,Produit défectueux,1,387.31,remboursé
RET01110,VNT037449,CLT08332,PRD0171,2024-03-27,Arrivé endommagé,2,1242.03,remboursé
RET01111,VNT030051,CLT10587,PRD0013,2024-03-09,Ne correspond pas à la description,3,4997.75,remboursé
RET01112,VNT018155,CLT07721,PRD0327,2022-09-18,Délai de livraison dépassé,1,422.18,en_traitement
RET01113,VNT012868,CLT09303,PRD0227,2023-12-28,Produit défectueux,1,7490.51,remboursé
RET01114,VNT022265,CLT07694,PRD0055,2023-08-06,Produit défectueux,4,2582.6,remboursé
RET01115,VNT015870,CLT04661,PRD0166,2023-09-02,Mauvaise taille,1,251.4,remboursé
RET01116,VNT029026,CLT01451,PRD0132,2023-12-28,Arrivé endommagé,1,109.47,remboursé
RET01117,VNT024735,CLT03718,PRD0144,2024-11-01,Produit défectueux,1,332.74,remboursé
RET01118,VNT037540,CLT07233,PRD0053,2024-04-09,Changement d'avis,1,598.93,remboursé
RET01119,VNT019793,CLT05896,PRD0268,2024-07-29,Produit défectueux,1,692.86,remboursé
RET01120,VNT034793,CLT04962,PRD0035,2023-11-24,Délai de livraison dépassé,4,13459.66,remboursé
RET01121,VNT029196,CLT00783,PRD0202,2024-03-01,Mauvaise taille,1,787.83,remboursé
RET01122,VNT038633,CLT10427,PRD0052,2024-07-13,Mauvaise taille,2,636.03,remboursé
RET01123,VNT026359,CLT05204,PRD0052,2023-08-20,Produit défectueux,1,379.05,remboursé
RET01124,VNT041795,CLT00885,PRD0298,2024-10-28,Arrivé endommagé,6,2204.03,remboursé
RET01125,VNT013948,CLT04783,PRD0287,2024-06-28,Arrivé endommagé,2,109.33,refusé
RET01126,VNT026505,CLT05204,PRD0094,2022-03-12,Produit défectueux,1,648.69,remboursé
RET01127,VNT054675,CLT00652,PRD0251,2022-02-14,Mauvaise taille,1,133.56,remboursé
RET01128,VNT026548,CLT03717,PRD0381,2023-12-01,Mauvaise taille,2,1254.86,remboursé
RET01129,VNT010607,CLT09545,PRD0319,2024-10-29,Produit défectueux,1,186.91,en_traitement
RET01130,VNT029340,CLT06414,PRD0209,2024-03-20,Produit défectueux,1,464.42,en_traitement
RET01131,VNT044625,CLT10773,PRD0219,2024-05-04,Produit défectueux,1,1270.65,en_traitement
RET01132,VNT042509,CLT01211,PRD0112,2025-01-12,Arrivé endommagé,2,514.5,remboursé
RET01133,VNT026634,CLT05185,PRD0067,2023-03-31,Ne correspond pas à la description,1,1049.88,remboursé
RET01134,VNT007128,CLT05479,PRD0117,2023-07-02,Produit défectueux,2,286.76,remboursé
RET01135,VNT022640,CLT01698,PRD0326,2023-11-07,Mauvaise taille,1,104.95,refusé
RET01136,VNT051807,CLT07633,PRD0290,2022-02-20,Arrivé endommagé,7,316.78,remboursé
RET01137,VNT040041,CLT08851,PRD0201,2024-01-31,Arrivé endommagé,4,7319.52,remboursé
RET01138,VNT042058,CLT11287,PRD0183,2023-04-17,Mauvaise taille,1,1329.68,en_traitement
RET01139,VNT039130,CLT06211,PRD0133,2022-11-16,Ne correspond pas à la description,1,338.96,remboursé
RET01140,VNT012485,CLT08485,PRD0231,2024-01-12,Ne correspond pas à la description,1,475.41,remboursé
RET01141,VNT003266,CLT08877,PRD0153,2022-03-07,Doublon de commande,2,225.34,remboursé
RET01142,VNT021174,CLT03551,PRD0026,2023-04-13,Mauvaise taille,2,8047.67,remboursé
RET01143,VNT034345,CLT01502,PRD0269,2023-11-09,Qualité insuffisante,1,448.86,remboursé
RET01144,VNT023798,CLT11812,PRD0187,2022-02-10,Ne correspond pas à la description,1,963.64,en_traitement
RET01145,VNT007805,CLT04412,PRD0370,2024-07-20,Mauvaise taille,1,104.29,remboursé
RET01146,VNT012655,CLT04532,PRD0184,2022-11-15,Changement d'avis,1,295.55,en_traitement
RET01147,VNT031516,CLT06572,PRD0178,2022-05-26,Changement d'avis,2,1484.81,remboursé
RET01148,VNT010197,CLT08791,PRD0018,2023-11-24,Délai de livraison dépassé,1,7002.78,remboursé
RET01149,VNT039262,CLT00352,PRD0370,2023-10-18,Mauvaise taille,2,471.75,remboursé
RET01150,VNT008690,CLT04605,PRD0220,2022-05-11,Produit défectueux,2,4044.13,remboursé
RET01151,VNT009562,CLT03351,PRD0159,2024-01-15,Délai de livraison dépassé,2,1322.19,en_traitement
RET01152,VNT000070,CLT01343,PRD0385,2024-09-09,Ne correspond pas à la description,1,319.75,remboursé
RET01153,VNT016700,CLT07111,PRD0219,2023-07-04,Arrivé endommagé,4,2395.85,remboursé
RET01154,VNT036952,CLT10599,PRD0138,2024-04-21,Ne correspond pas à la description,1,129.94,remboursé
RET01155,VNT016469,CLT11353,PRD0382,2022-07-12,Produit défectueux,1,678.96,remboursé
RET01156,VNT051696,CLT10321,PRD0168,2023-02-15,Arrivé endommagé,2,1134.6,remboursé
RET01157,VNT020734,CLT04098,PRD0235,2023-12-04,Mauvaise taille,1,5069.33,remboursé
RET01158,VNT048265,CLT08608,PRD0065,2022-09-30,Mauvaise taille,2,4070.18,remboursé
RET01159,VNT008160,CLT01900,PRD0105,2024-05-18,Ne correspond pas à la description,1,15.97,remboursé
RET01160,VNT029670,CLT11876,PRD0033,2024-05-10,Ne correspond pas à la description,1,1634.47,refusé
RET01161,VNT021408,CLT09564,PRD0176,2024-09-06,Doublon de commande,5,8122.3,remboursé
RET01162,VNT050981,CLT10798,PRD0232,2024-10-17,Changement d'avis,1,2031.65,remboursé
RET01163,VNT028029,CLT11461,PRD0286,2024-02-27,Mauvaise taille,1,326.9,remboursé
RET01164,VNT028294,CLT03894,PRD0285,2023-01-16,Délai de livraison dépassé,1,156.18,remboursé
RET01165,VNT035554,CLT09357,PRD0156,2023-07-01,Mauvaise taille,1,2016.31,remboursé
RET01166,VNT020487,CLT07217,PRD0324,2023-03-27,Ne correspond pas à la description,1,216.3,refusé
RET01167,VNT017501,CLT00744,PRD0261,2022-10-25,Mauvaise taille,1,208.42,remboursé
RET01168,VNT054229,CLT10318,PRD0057,2024-05-20,Ne correspond pas à la description,1,1945.8,refusé
RET01169,VNT034041,CLT03042,PRD0207,2023-04-22,Arrivé endommagé,1,1989.97,remboursé
RET01170,VNT021169,CLT04024,PRD0091,2023-10-20,Changement d'avis,1,202.19,remboursé
RET01171,VNT035127,CLT02344,PRD0290,2022-10-30,Délai de livraison dépassé,1,45.24,remboursé
RET01172,VNT039849,CLT04777,PRD0398,2024-03-09,Changement d'avis,1,1085.56,en_traitement
RET01173,VNT048914,CLT06056,PRD0374,2023-12-02,Doublon de commande,1,376.59,refusé
RET01174,VNT050075,CLT10652,PRD0273,2023-12-12,Changement d'avis,1,676.07,remboursé
RET01175,VNT023807,CLT02977,PRD0271,2024-08-01,Produit défectueux,1,309.67,remboursé
RET01176,VNT037437,CLT09291,PRD0241,2022-04-20,Ne correspond pas à la description,4,4788.49,en_traitement
RET01177,VNT034758,CLT10125,PRD0103,2023-02-07,Ne correspond pas à la description,2,126.88,remboursé
RET01178,VNT018740,CLT03838,PRD0049,2024-04-09,Produit défectueux,1,8075.86,remboursé
RET01179,VNT022359,CLT02999,PRD0164,2022-10-18,Produit défectueux,6,2559.97,remboursé
RET01180,VNT010970,CLT05270,PRD0175,2023-06-26,Délai de livraison dépassé,1,514.08,refusé
RET01181,VNT025954,CLT09999,PRD0352,2024-11-20,Arrivé endommagé,2,2433.15,en_traitement
RET01182,VNT038092,CLT03412,PRD0138,2023-02-09,Ne correspond pas à la description,1,384.88,remboursé
RET01183,VNT011837,CLT09694,PRD0099,2022-02-05,Produit défectueux,1,317.22,en_traitement
RET01184,VNT032941,CLT01071,PRD0112,2023-02-01,Produit défectueux,2,371.58,en_traitement
RET01185,VNT053592,CLT03672,PRD0085,2024-02-07,Mauvaise taille,1,514.22,remboursé
RET01186,VNT011092,CLT03628,PRD0082,2023-09-18,Arrivé endommagé,2,1243.3,remboursé
RET01187,VNT020642,CLT11722,PRD0037,2023-04-02,Produit défectueux,3,3199.27,remboursé
RET01188,VNT020265,CLT03775,PRD0202,2024-04-18,Arrivé endommagé,1,1001.4,remboursé
RET01189,VNT051626,CLT09540,PRD0113,2022-06-24,Ne correspond pas à la description,1,107.62,remboursé
RET01190,VNT005410,CLT10543,PRD0147,2025-01-01,Produit défectueux,1,125.97,remboursé
RET01191,VNT046331,CLT05982,PRD0062,2022-08-16,Mauvaise taille,2,499.68,remboursé
RET01192,VNT008101,CLT03723,PRD0327,2023-04-02,Mauvaise taille,5,944.27,remboursé
RET01193,VNT047295,CLT05075,PRD0311,2022-09-24,Arrivé endommagé,2,423.13,remboursé
RET01194,VNT024976,CLT01152,PRD0337,2023-04-12,Arrivé endommagé,1,490.25,refusé
RET01195,VNT017754,CLT00429,PRD0316,2022-03-29,Arrivé endommagé,2,380.48,remboursé
RET01196,VNT005631,CLT05431,PRD0219,2024-05-03,Ne correspond pas à la description,2,1813.76,remboursé
RET01197,VNT012600,CLT00386,PRD0392,2022-07-26,Arrivé endommagé,1,449.74,remboursé
RET01198,VNT030184,CLT00199,PRD0156,2022-02-15,Changement d'avis,4,3479.57,remboursé
RET01199,VNT024224,CLT10495,PRD0143,2023-07-24,Délai de livraison dépassé,2,114.84,remboursé
RET01200,VNT013584,CLT02818,PRD0274,2024-01-06,Qualité insuffisante,1,269.86,remboursé
RET01201,VNT035342,CLT01549,PRD0191,2023-03-02,Arrivé endommagé,1,767.08,remboursé
RET01202,VNT039164,CLT04853,PRD0334,2023-09-07,Ne correspond pas à la description,1,47.36,refusé
RET01203,VNT016218,CLT01087,PRD0303,2023-03-16,Ne correspond pas à la description,1,470.7,remboursé
RET01204,VNT018147,CLT00800,PRD0189,2022-12-15,Produit défectueux,1,175.89,remboursé
RET01205,VNT032063,CLT05842,PRD0060,2022-05-21,Produit défectueux,1,283.29,remboursé
RET01206,VNT041632,CLT02667,PRD0171,2022-08-21,Doublon de commande,3,2740.94,remboursé
RET01207,VNT026260,CLT09252,PRD0060,2022-04-09,Produit défectueux,6,2025.06,remboursé
RET01208,VNT013053,CLT02989,PRD0307,2023-06-16,Changement d'avis,1,204.73,remboursé
RET01209,VNT040661,CLT09891,PRD0248,2024-01-01,Qualité insuffisante,3,2599.9,refusé
RET01210,VNT010473,CLT01281,PRD0006,2023-09-18,Mauvaise taille,4,1549.6,remboursé
RET01211,VNT019415,CLT08254,PRD0356,2023-05-25,Produit défectueux,5,2181.4,remboursé
RET01212,VNT044382,CLT06736,PRD0229,2023-11-13,Arrivé endommagé,4,2292.63,remboursé
RET01213,VNT043710,CLT11972,PRD0067,2023-02-22,Ne correspond pas à la description,5,4803.8,refusé
RET01214,VNT049473,CLT00986,PRD0326,2023-12-24,Arrivé endommagé,1,112.47,remboursé
RET01215,VNT014752,CLT01869,PRD0283,2023-05-20,Arrivé endommagé,4,1021.48,remboursé
RET01216,VNT000551,CLT07091,PRD0281,2024-01-26,Changement d'avis,3,1248.9,remboursé
RET01217,VNT031279,CLT07211,PRD0190,2022-07-28,Produit défectueux,1,1338.14,remboursé
RET01218,VNT015596,CLT05038,PRD0130,2022-08-14,Ne correspond pas à la description,1,71.38,remboursé
RET01219,VNT020873,CLT10042,PRD0232,2022-08-12,Qualité insuffisante,1,20919.82,remboursé
RET01220,VNT015750,CLT02610,PRD0239,2023-06-08,Doublon de commande,1,1918.81,en_traitement
RET01221,VNT002657,CLT07183,PRD0287,2023-10-19,Ne correspond pas à la description,3,217.18,en_traitement
RET01222,VNT043757,CLT11818,PRD0181,2022-11-22,Délai de livraison dépassé,1,2021.04,remboursé
RET01223,VNT019329,CLT11039,PRD0385,2024-04-10,Ne correspond pas à la description,1,318.01,remboursé
RET01224,VNT004155,CLT00910,PRD0221,2024-02-08,Produit défectueux,1,73.49,refusé
RET01225,VNT042553,CLT03555,PRD0028,2023-11-18,Ne correspond pas à la description,1,7305.53,remboursé
RET01226,VNT053830,CLT09186,PRD0287,2023-08-29,Changement d'avis,2,145.43,remboursé
RET01227,VNT031449,CLT11787,PRD0135,2024-09-30,Produit défectueux,1,215.33,remboursé
RET01228,VNT037663,CLT10245,PRD0315,2023-03-09,Ne correspond pas à la description,2,414.83,en_traitement
RET01229,VNT013766,CLT03447,PRD0176,2023-11-22,Ne correspond pas à la description,1,806.48,remboursé
RET01230,VNT017863,CLT11234,PRD0353,2022-04-15,Produit défectueux,3,1127.49,refusé
RET01231,VNT023918,CLT11223,PRD0391,2022-11-27,Produit défectueux,4,2005.46,remboursé
RET01232,VNT013167,CLT10356,PRD0112,2023-04-20,Produit défectueux,1,146.7,en_traitement
RET01233,VNT035437,CLT01612,PRD0202,2025-01-07,Ne correspond pas à la description,4,4028.05,remboursé
RET01234,VNT054895,CLT00896,PRD0306,2023-03-04,Ne correspond pas à la description,1,474.47,en_traitement
RET01235,VNT031292,CLT08799,PRD0081,2022-11-01,Mauvaise taille,1,2873.98,remboursé
RET01236,VNT011350,CLT09175,PRD0240,2024-11-03,Doublon de commande,1,1891.42,remboursé
RET01237,VNT030092,CLT04140,PRD0012,2022-04-17,Produit défectueux,1,3255.9,remboursé
RET01238,VNT037571,CLT10972,PRD0307,2023-03-26,Produit défectueux,1,136.28,remboursé
RET01239,VNT025175,CLT08221,PRD0045,2022-10-21,Ne correspond pas à la description,3,4034.68,remboursé
RET01240,VNT028472,CLT03925,PRD0398,2024-03-29,Délai de livraison dépassé,1,576.75,refusé
RET01241,VNT036582,CLT06869,PRD0350,2024-04-12,Ne correspond pas à la description,7,1642.74,remboursé
RET01242,VNT022003,CLT03740,PRD0293,2022-07-26,Produit défectueux,3,1278.33,en_traitement
RET01243,VNT020603,CLT11718,PRD0245,2023-10-06,Doublon de commande,1,1456.57,remboursé
RET01244,VNT024869,CLT06053,PRD0090,2024-12-10,Mauvaise taille,1,1271.82,refusé
RET01245,VNT009694,CLT09366,PRD0316,2022-03-26,Doublon de commande,2,263.76,remboursé
RET01246,VNT013682,CLT03767,PRD0133,2022-02-19,Produit défectueux,2,595.47,remboursé
RET01247,VNT041990,CLT00466,PRD0233,2024-02-28,Produit défectueux,1,4553.72,en_traitement
RET01248,VNT003095,CLT11849,PRD0313,2023-05-17,Changement d'avis,1,527.16,en_traitement
RET01249,VNT054548,CLT07592,PRD0283,2022-12-28,Qualité insuffisante,3,2028.48,remboursé
RET01250,VNT027034,CLT02190,PRD0005,2022-07-11,Produit défectueux,1,620.24,remboursé
RET01251,VNT042319,CLT03480,PRD0254,2023-07-25,Ne correspond pas à la description,2,241.86,remboursé
RET01252,VNT016340,CLT10496,PRD0199,2023-12-16,Produit défectueux,2,1223.04,remboursé
RET01253,VNT033473,CLT07341,PRD0373,2024-03-19,Produit défectueux,1,1622.35,remboursé
RET01254,VNT001621,CLT09581,PRD0113,2022-11-23,Changement d'avis,3,327.36,en_traitement
RET01255,VNT051148,CLT05859,PRD0228,2022-04-24,Mauvaise taille,1,389.18,remboursé
RET01256,VNT040664,CLT04525,PRD0385,2022-03-17,Produit défectueux,1,380.09,remboursé
RET01257,VNT027345,CLT02828,PRD0018,2024-09-22,Changement d'avis,1,3696.81,remboursé
RET01258,VNT040892,CLT00687,PRD0246,2024-01-07,Arrivé endommagé,1,1952.36,remboursé
RET01259,VNT031931,CLT07392,PRD0233,2023-06-15,Arrivé endommagé,2,4304.68,remboursé
RET01260,VNT001559,CLT01329,PRD0310,2023-07-02,Délai de livraison dépassé,1,193.31,remboursé
RET01261,VNT002908,CLT00149,PRD0317,2022-07-11,Arrivé endommagé,1,156.32,refusé
RET01262,VNT044218,CLT08675,PRD0029,2024-09-19,Arrivé endommagé,1,8905.51,remboursé
RET01263,VNT049719,CLT07002,PRD0284,2022-06-25,Mauvaise taille,3,158.55,en_traitement
RET01264,VNT029614,CLT06981,PRD0376,2022-06-26,Ne correspond pas à la description,3,1089.7,remboursé
RET01265,VNT021132,CLT01025,PRD0047,2023-02-07,Produit défectueux,1,8692.27,remboursé
RET01266,VNT017731,CLT07339,PRD0092,2024-04-18,Arrivé endommagé,1,248.08,remboursé
RET01267,VNT029512,CLT00017,PRD0151,2024-11-22,Produit défectueux,1,647.44,refusé
RET01268,VNT025106,CLT11169,PRD0293,2022-11-29,Doublon de commande,3,2754.92,remboursé
RET01269,VNT011011,CLT02856,PRD0293,2023-09-29,Mauvaise taille,1,345.17,remboursé
RET01270,VNT035996,CLT07410,PRD0110,2024-01-02,Arrivé endommagé,1,29.94,en_traitement
RET01271,VNT028656,CLT06893,PRD0041,2023-01-02,Mauvaise taille,2,749.07,remboursé
RET01272,VNT049591,CLT09256,PRD0131,2023-03-18,Doublon de commande,1,112.58,refusé
RET01273,VNT040710,CLT01435,PRD0194,2023-09-09,Ne correspond pas à la description,1,335.07,remboursé
RET01274,VNT050920,CLT05750,PRD0145,2022-07-22,Délai de livraison dépassé,1,71.9,remboursé
RET01275,VNT023540,CLT08724,PRD0062,2022-08-06,Ne correspond pas à la description,1,323.97,remboursé
RET01276,VNT003376,CLT01297,PRD0309,2022-07-29,Ne correspond pas à la description,3,551.03,remboursé
RET01277,VNT037173,CLT10125,PRD0219,2024-07-01,Produit défectueux,1,412.83,remboursé
RET01278,VNT015416,CLT05363,PRD0205,2024-11-22,Mauvaise taille,1,972.13,remboursé
RET01279,VNT054093,CLT01905,PRD0097,2022-11-07,Arrivé endommagé,1,1070.25,remboursé
RET01280,VNT047294,CLT02075,PRD0378,2023-03-08,Mauvaise taille,3,2495.84,remboursé
RET01281,VNT049744,CLT10781,PRD0170,2022-10-30,Qualité insuffisante,2,1779.63,remboursé
RET01282,VNT034706,CLT08342,PRD0330,2023-10-15,Changement d'avis,1,186.8,remboursé
RET01283,VNT020122,CLT10860,PRD0143,2024-10-02,Arrivé endommagé,1,43.86,refusé
RET01284,VNT024010,CLT09904,PRD0362,2023-02-04,Arrivé endommagé,1,131.67,en_traitement
RET01285,VNT012251,CLT00976,PRD0127,2022-05-19,Ne correspond pas à la description,1,147.6,remboursé
RET01286,VNT003661,CLT06614,PRD0335,2024-11-30,Changement d'avis,1,653.29,en_traitement
RET01287,VNT005626,CLT10432,PRD0236,2024-08-05,Changement d'avis,1,954.43,remboursé
RET01288,VNT003486,CLT06218,PRD0042,2023-01-03,Arrivé endommagé,1,3138.2,remboursé
RET01289,VNT048566,CLT07753,PRD0051,2024-11-02,Ne correspond pas à la description,2,1424.79,remboursé
RET01290,VNT047044,CLT07220,PRD0203,2022-10-18,Ne correspond pas à la description,1,3761.82,remboursé
RET01291,VNT023889,CLT09672,PRD0373,2024-12-09,Ne correspond pas à la description,1,521.92,remboursé
RET01292,VNT025030,CLT02088,PRD0031,2024-09-30,Mauvaise taille,1,3600.38,remboursé
RET01293,VNT001193,CLT11441,PRD0286,2022-08-03,Arrivé endommagé,1,285.19,remboursé
RET01294,VNT048425,CLT00801,PRD0086,2022-04-17,Arrivé endommagé,1,133.92,remboursé
RET01295,VNT010638,CLT02962,PRD0097,2023-11-22,Ne correspond pas à la description,1,598.76,remboursé
RET01296,VNT041048,CLT09757,PRD0096,2025-01-15,Arrivé endommagé,1,502.06,en_traitement
RET01297,VNT045093,CLT05379,PRD0019,2023-10-08,Produit défectueux,2,9452.72,remboursé
RET01298,VNT009903,CLT07728,PRD0018,2024-05-24,Produit défectueux,2,10063.72,remboursé
RET01299,VNT049293,CLT05845,PRD0067,2023-05-02,Produit défectueux,1,1427.47,remboursé
RET01300,VNT025809,CLT10569,PRD0146,2022-11-17,Produit défectueux,3,210.62,remboursé
RET01301,VNT020777,CLT05664,PRD0083,2023-06-17,Ne correspond pas à la description,1,381.03,en_traitement
RET01302,VNT042420,CLT11376,PRD0185,2024-06-21,Qualité insuffisante,1,1711.85,remboursé
RET01303,VNT019029,CLT04820,PRD0378,2022-07-28,Produit défectueux,2,1042.9,remboursé
RET01304,VNT008287,CLT02937,PRD0348,2022-09-25,Ne correspond pas à la description,1,191.99,remboursé
RET01305,VNT032488,CLT09718,PRD0078,2024-04-08,Ne correspond pas à la description,1,533.41,remboursé
RET01306,VNT025059,CLT05846,PRD0076,2022-02-14,Arrivé endommagé,6,693.59,remboursé
RET01307,VNT012592,CLT08065,PRD0123,2022-06-02,Ne correspond pas à la description,1,149.48,en_traitement
RET01308,VNT043705,CLT11058,PRD0331,2023-11-21,Ne correspond pas à la description,1,64.69,en_traitement
RET01309,VNT035372,CLT11842,PRD0395,2024-12-08,Produit défectueux,3,1110.19,remboursé
RET01310,VNT021973,CLT02343,PRD0342,2024-06-21,Délai de livraison dépassé,9,1278.13,remboursé
RET01311,VNT051082,CLT08493,PRD0358,2024-07-21,Ne correspond pas à la description,3,228.43,en_traitement
RET01312,VNT039032,CLT05589,PRD0046,2023-01-09,Mauvaise taille,4,7276.44,remboursé
RET01313,VNT008728,CLT06820,PRD0075,2023-02-24,Arrivé endommagé,1,794.29,en_traitement
RET01314,VNT050041,CLT03536,PRD0116,2022-05-24,Produit défectueux,3,515.66,refusé
RET01315,VNT044255,CLT03149,PRD0272,2024-09-30,Arrivé endommagé,1,326.13,remboursé
RET01316,VNT007105,CLT09947,PRD0107,2024-08-02,Arrivé endommagé,1,25.25,refusé
RET01317,VNT031867,CLT01153,PRD0277,2022-10-14,Ne correspond pas à la description,2,847.1,remboursé
RET01318,VNT041155,CLT09002,PRD0251,2023-07-03,Ne correspond pas à la description,4,494.5,remboursé
RET01319,VNT046681,CLT01508,PRD0171,2023-11-17,Délai de livraison dépassé,2,2125.71,en_traitement
RET01320,VNT027314,CLT11915,PRD0192,2022-07-17,Produit défectueux,1,946.67,en_traitement
RET01321,VNT012428,CLT07547,PRD0050,2023-03-09,Produit défectueux,1,7881.41,remboursé
RET01322,VNT034237,CLT03004,PRD0385,2024-08-30,Produit défectueux,3,840.55,remboursé
RET01323,VNT008357,CLT09185,PRD0042,2023-10-06,Ne correspond pas à la description,1,3835.37,remboursé
RET01324,VNT046598,CLT07796,PRD0066,2023-09-27,Produit défectueux,4,2800.14,remboursé
RET01325,VNT045714,CLT01493,PRD0217,2023-09-18,Ne correspond pas à la description,2,2552.98,en_traitement
RET01326,VNT048284,CLT08684,PRD0219,2023-02-04,Changement d'avis,2,712.93,remboursé
RET01327,VNT004437,CLT05569,PRD0063,2022-05-31,Mauvaise taille,2,987.01,remboursé
RET01328,VNT035400,CLT02310,PRD0065,2023-02-25,Ne correspond pas à la description,1,712.8,remboursé
RET01329,VNT010953,CLT02915,PRD0068,2022-06-29,Ne correspond pas à la description,1,427.52,refusé
RET01330,VNT035171,CLT06440,PRD0231,2022-09-29,Produit défectueux,3,1700.39,remboursé
RET01331,VNT038382,CLT09053,PRD0147,2024-02-16,Changement d'avis,1,55.04,remboursé
RET01332,VNT003846,CLT02352,PRD0010,2024-05-25,Ne correspond pas à la description,1,2349.63,remboursé
RET01333,VNT047958,CLT03052,PRD0014,2024-07-22,Arrivé endommagé,3,4483.13,refusé
RET01334,VNT050730,CLT04810,PRD0127,2024-09-30,Délai de livraison dépassé,2,356.47,remboursé
RET01335,VNT009544,CLT11653,PRD0107,2022-03-06,Arrivé endommagé,2,52.59,remboursé
RET01336,VNT010627,CLT03409,PRD0075,2022-03-22,Produit défectueux,4,2489.06,remboursé
RET01337,VNT023598,CLT08705,PRD0119,2022-01-25,Délai de livraison dépassé,3,218.02,remboursé
RET01338,VNT001301,CLT09905,PRD0163,2025-01-20,Arrivé endommagé,2,3071.07,refusé
RET01339,VNT053809,CLT02398,PRD0351,2023-04-10,Qualité insuffisante,1,60.38,remboursé
RET01340,VNT009516,CLT07224,PRD0229,2023-07-25,Mauvaise taille,1,704.7,remboursé
RET01341,VNT028700,CLT05894,PRD0318,2023-05-19,Doublon de commande,6,1364.21,remboursé
RET01342,VNT044872,CLT00095,PRD0084,2024-08-11,Mauvaise taille,7,5935.81,en_traitement
RET01343,VNT009847,CLT02275,PRD0083,2023-03-07,Arrivé endommagé,1,485.01,en_traitement
RET01344,VNT052960,CLT09147,PRD0015,2023-01-06,Ne correspond pas à la description,3,4107.73,remboursé
RET01345,VNT012826,CLT08626,PRD0165,2024-02-27,Ne correspond pas à la description,3,3003.12,remboursé
RET01346,VNT015930,CLT00644,PRD0182,2024-05-30,Doublon de commande,1,2753.67,remboursé
RET01347,VNT013680,CLT11552,PRD0053,2022-09-17,Produit défectueux,1,2904.65,remboursé
RET01348,VNT049612,CLT06946,PRD0169,2023-08-02,Ne correspond pas à la description,2,628.11,remboursé
RET01349,VNT029694,CLT10049,PRD0193,2023-09-08,Ne correspond pas à la description,1,2079.42,remboursé
RET01350,VNT023912,CLT06473,PRD0005,2023-05-30,Ne correspond pas à la description,1,1295.91,remboursé
RET01351,VNT044966,CLT05393,PRD0159,2024-09-18,Ne correspond pas à la description,3,1907.26,remboursé
RET01352,VNT044668,CLT00422,PRD0092,2022-04-12,Doublon de commande,1,583.72,remboursé
RET01353,VNT029462,CLT07686,PRD0072,2023-08-25,Mauvaise taille,6,1935.01,refusé
RET01354,VNT005556,CLT10167,PRD0162,2022-02-23,Mauvaise taille,1,1178.18,remboursé
RET01355,VNT003177,CLT06062,PRD0277,2022-12-11,Produit défectueux,3,639.69,remboursé
RET01356,VNT038180,CLT07869,PRD0293,2024-04-29,Arrivé endommagé,2,864.73,remboursé
RET01357,VNT014087,CLT00397,PRD0206,2023-06-29,Arrivé endommagé,1,18860.66,remboursé
RET01358,VNT051587,CLT09480,PRD0152,2024-11-28,Délai de livraison dépassé,2,1425.46,remboursé
RET01359,VNT043169,CLT11168,PRD0340,2022-11-09,Mauvaise taille,1,726.73,remboursé
RET01360,VNT038912,CLT01836,PRD0310,2022-09-26,Doublon de commande,2,379.33,en_traitement
RET01361,VNT013970,CLT09088,PRD0189,2022-03-10,Ne correspond pas à la description,1,74.63,remboursé
RET01362,VNT003577,CLT11580,PRD0204,2024-11-07,Changement d'avis,1,521.62,refusé
RET01363,VNT054768,CLT11550,PRD0240,2022-10-22,Arrivé endommagé,1,1036.05,en_traitement
RET01364,VNT042725,CLT01781,PRD0251,2024-09-17,Arrivé endommagé,1,344.21,remboursé
RET01365,VNT052759,CLT10781,PRD0336,2023-03-17,Arrivé endommagé,2,370.59,remboursé
RET01366,VNT044339,CLT10594,PRD0040,2022-03-24,Produit défectueux,1,874.85,remboursé
RET01367,VNT017623,CLT08889,PRD0032,2023-01-13,Arrivé endommagé,1,1410.17,remboursé
RET01368,VNT025293,CLT06533,PRD0233,2023-03-22,Délai de livraison dépassé,1,2376.72,en_traitement
RET01369,VNT050563,CLT09473,PRD0285,2024-09-23,Produit défectueux,1,138.03,remboursé
RET01370,VNT035234,CLT05081,PRD0107,2022-09-22,Mauvaise taille,1,115.65,remboursé
RET01371,VNT009002,CLT11685,PRD0394,2023-01-15,Arrivé endommagé,1,214.94,remboursé
RET01372,VNT043520,CLT07466,PRD0185,2024-06-18,Arrivé endommagé,1,807.16,remboursé
RET01373,VNT050777,CLT05014,PRD0065,2023-10-24,Ne correspond pas à la description,1,616.29,refusé
RET01374,VNT016385,CLT10764,PRD0216,2024-10-30,Produit défectueux,3,2163.23,remboursé
RET01375,VNT002354,CLT01355,PRD0076,2024-01-30,Mauvaise taille,1,151.9,remboursé
RET01376,VNT045769,CLT02553,PRD0212,2022-12-18,Changement d'avis,2,2844.21,remboursé
RET01377,VNT046765,CLT07213,PRD0230,2023-09-10,Qualité insuffisante,1,4098.85,remboursé
RET01378,VNT004251,CLT10317,PRD0136,2024-03-30,Arrivé endommagé,1,391.69,remboursé
RET01379,VNT024511,CLT05348,PRD0008,2024-05-10,Mauvaise taille,1,6449.99,remboursé
RET01380,VNT049352,CLT10807,PRD0066,2023-10-03,Changement d'avis,3,2712.32,en_traitement
RET01381,VNT054346,CLT08102,PRD0033,2024-05-15,Ne correspond pas à la description,4,6939.01,remboursé
RET01382,VNT033036,CLT06166,PRD0298,2022-04-29,Doublon de commande,1,778.65,remboursé
RET01383,VNT032992,CLT04727,PRD0092,2023-12-25,Ne correspond pas à la description,1,200.54,refusé
RET01384,VNT038687,CLT03807,PRD0020,2024-04-23,Ne correspond pas à la description,2,9225.39,remboursé
RET01385,VNT045903,CLT01491,PRD0199,2023-06-20,Ne correspond pas à la description,1,609.59,remboursé
RET01386,VNT026538,CLT09828,PRD0292,2022-08-04,Produit défectueux,2,483.64,remboursé
RET01387,VNT054824,CLT02923,PRD0333,2023-02-06,Arrivé endommagé,1,274.03,remboursé
RET01388,VNT035670,CLT08154,PRD0192,2022-05-30,Arrivé endommagé,1,1712.3,en_traitement
RET01389,VNT054859,CLT09277,PRD0268,2022-05-17,Changement d'avis,1,742.05,remboursé
RET01390,VNT014899,CLT05898,PRD0344,2024-06-09,Produit défectueux,1,672.43,en_traitement
RET01391,VNT016055,CLT10375,PRD0052,2024-05-22,Produit défectueux,4,963.93,remboursé
RET01392,VNT025615,CLT09310,PRD0364,2024-02-14,Mauvaise taille,2,292.36,remboursé
RET01393,VNT046123,CLT08659,PRD0278,2023-04-14,Mauvaise taille,1,165.39,refusé
RET01394,VNT004823,CLT06432,PRD0098,2024-11-15,Ne correspond pas à la description,2,872.14,remboursé
RET01395,VNT027330,CLT02362,PRD0078,2022-03-02,Mauvaise taille,1,503.8,remboursé
RET01396,VNT020984,CLT08786,PRD0031,2023-04-14,Doublon de commande,1,3035.53,remboursé
RET01397,VNT007902,CLT06838,PRD0304,2024-03-29,Produit défectueux,1,161.04,remboursé
RET01398,VNT009176,CLT04976,PRD0175,2024-10-03,Arrivé endommagé,2,1804.65,remboursé
RET01399,VNT048384,CLT08790,PRD0230,2023-10-24,Arrivé endommagé,2,11389.0,remboursé
RET01400,VNT006277,CLT09653,PRD0041,2024-07-02,Délai de livraison dépassé,2,2318.02,en_traitement
RET01401,VNT053262,CLT11168,PRD0321,2024-11-16,Ne correspond pas à la description,2,807.52,refusé
RET01402,VNT021355,CLT02108,PRD0242,2023-10-16,Produit défectueux,3,1937.14,en_traitement
RET01403,VNT027042,CLT03811,PRD0235,2022-10-02,Ne correspond pas à la description,3,14808.57,remboursé
RET01404,VNT052506,CLT08525,PRD0086,2024-06-27,Ne correspond pas à la description,1,221.36,remboursé
RET01405,VNT044656,CLT04683,PRD0016,2023-02-13,Mauvaise taille,1,3146.36,en_traitement
RET01406,VNT037637,CLT01407,PRD0031,2023-05-12,Ne correspond pas à la description,1,2881.22,refusé
RET01407,VNT015880,CLT06877,PRD0025,2024-09-10,Produit défectueux,4,20629.96,remboursé
RET01408,VNT023374,CLT06979,PRD0023,2023-02-05,Produit défectueux,3,5827.71,en_traitement
RET01409,VNT049567,CLT06948,PRD0102,2023-12-09,Produit défectueux,2,166.78,remboursé
RET01410,VNT020682,CLT08973,PRD0083,2022-10-31,Produit défectueux,2,812.39,remboursé
RET01411,VNT004223,CLT11146,PRD0070,2023-02-03,Changement d'avis,1,534.31,remboursé
RET01412,VNT012884,CLT01677,PRD0250,2024-05-09,Produit défectueux,3,425.16,en_traitement
RET01413,VNT030729,CLT10607,PRD0327,2022-05-17,Mauvaise taille,2,299.31,remboursé
RET01414,VNT040775,CLT03388,PRD0085,2024-04-10,Ne correspond pas à la description,2,522.83,remboursé
RET01415,VNT051011,CLT01047,PRD0094,2023-02-20,Produit défectueux,1,711.91,refusé
RET01416,VNT013737,CLT06035,PRD0101,2023-09-19,Doublon de commande,1,20.56,remboursé
RET01417,VNT033945,CLT05961,PRD0360,2023-05-06,Mauvaise taille,1,548.57,remboursé
RET01418,VNT011773,CLT03866,PRD0167,2023-02-23,Ne correspond pas à la description,1,505.13,remboursé
RET01419,VNT036174,CLT06666,PRD0066,2023-04-11,Mauvaise taille,1,489.68,remboursé
RET01420,VNT024955,CLT02658,PRD0381,2023-08-23,Produit défectueux,2,1155.88,remboursé
RET01421,VNT017101,CLT05989,PRD0254,2023-11-30,Ne correspond pas à la description,2,338.38,remboursé
RET01422,VNT050705,CLT02408,PRD0222,2022-02-01,Mauvaise taille,3,4919.37,remboursé
RET01423,VNT012809,CLT08687,PRD0246,2024-09-24,Délai de livraison dépassé,3,12425.78,remboursé
RET01424,VNT032071,CLT06572,PRD0351,2022-09-14,Mauvaise taille,3,320.01,remboursé
RET01425,VNT046222,CLT07616,PRD0012,2023-07-03,Doublon de commande,1,3461.73,remboursé
RET01426,VNT002909,CLT10269,PRD0073,2023-10-01,Produit défectueux,1,1532.62,remboursé
RET01427,VNT025893,CLT00666,PRD0060,2023-03-06,Changement d'avis,1,768.35,remboursé
RET01428,VNT047284,CLT04798,PRD0122,2022-02-12,Changement d'avis,3,452.5,remboursé
RET01429,VNT011037,CLT05283,PRD0093,2022-01-22,Mauvaise taille,1,282.22,remboursé
RET01430,VNT015737,CLT00372,PRD0249,2022-08-11,Arrivé endommagé,1,918.86,remboursé
RET01431,VNT048949,CLT08555,PRD0299,2024-08-14,Arrivé endommagé,1,171.11,remboursé
RET01432,VNT016090,CLT02065,PRD0147,2023-03-07,Mauvaise taille,1,131.34,remboursé
RET01433,VNT022549,CLT09376,PRD0254,2023-10-15,Doublon de commande,1,138.46,remboursé
RET01434,VNT028855,CLT05263,PRD0375,2023-11-09,Arrivé endommagé,3,645.24,en_traitement
RET01435,VNT043029,CLT01576,PRD0051,2024-06-05,Arrivé endommagé,1,653.33,remboursé
RET01436,VNT013544,CLT07599,PRD0397,2022-04-08,Changement d'avis,3,2171.01,remboursé
RET01437,VNT036649,CLT10093,PRD0287,2022-06-06,Changement d'avis,1,244.99,remboursé
RET01438,VNT002997,CLT09591,PRD0126,2023-07-18,Ne correspond pas à la description,1,165.03,remboursé
RET01439,VNT018389,CLT01269,PRD0031,2023-12-14,Ne correspond pas à la description,6,15449.42,remboursé
RET01440,VNT028489,CLT07935,PRD0225,2022-02-14,Arrivé endommagé,1,7528.32,en_traitement
RET01441,VNT010160,CLT07338,PRD0081,2022-12-06,Arrivé endommagé,2,938.34,remboursé
RET01442,VNT029298,CLT07685,PRD0124,2024-05-25,Délai de livraison dépassé,6,451.91,remboursé
RET01443,VNT042837,CLT09779,PRD0369,2024-06-07,Arrivé endommagé,1,217.16,remboursé
RET01444,VNT053164,CLT02538,PRD0181,2023-01-05,Produit défectueux,2,1510.1,remboursé
RET01445,VNT037534,CLT01005,PRD0072,2023-07-10,Changement d'avis,2,811.17,remboursé
RET01446,VNT015902,CLT04955,PRD0081,2022-02-18,Arrivé endommagé,3,2437.65,remboursé
RET01447,VNT019343,CLT00673,PRD0198,2022-01-23,Arrivé endommagé,1,484.95,remboursé
RET01448,VNT045621,CLT08150,PRD0030,2024-02-08,Produit défectueux,5,10126.24,remboursé
RET01449,VNT031415,CLT06404,PRD0124,2024-08-24,Changement d'avis,1,85.53,remboursé
RET01450,VNT027180,CLT11303,PRD0113,2024-12-15,Mauvaise taille,1,91.57,refusé
RET01451,VNT015688,CLT00251,PRD0098,2025-01-14,Changement d'avis,1,628.31,refusé
RET01452,VNT054343,CLT08698,PRD0306,2023-10-22,Changement d'avis,1,272.54,en_traitement
RET01453,VNT009064,CLT10623,PRD0359,2022-04-27,Mauvaise taille,3,5527.15,refusé
RET01454,VNT029117,CLT05370,PRD0162,2023-10-04,Ne correspond pas à la description,3,7744.02,remboursé
RET01455,VNT035472,CLT02300,PRD0251,2024-11-08,Ne correspond pas à la description,1,369.06,remboursé
RET01456,VNT019309,CLT09675,PRD0167,2022-12-14,Arrivé endommagé,5,2816.52,en_traitement
RET01457,VNT030203,CLT01172,PRD0017,2024-09-17,Arrivé endommagé,2,5660.5,remboursé
RET01458,VNT025405,CLT00728,PRD0240,2023-07-27,Changement d'avis,3,3926.52,remboursé
RET01459,VNT005721,CLT02849,PRD0016,2022-03-03,Ne correspond pas à la description,1,2707.63,remboursé
RET01460,VNT027488,CLT01627,PRD0065,2023-11-18,Ne correspond pas à la description,1,551.31,en_traitement
RET01461,VNT014861,CLT00465,PRD0163,2024-10-09,Doublon de commande,3,3633.99,en_traitement
RET01462,VNT034675,CLT05406,PRD0073,2024-03-11,Arrivé endommagé,1,2039.74,remboursé
RET01463,VNT034272,CLT10038,PRD0001,2022-10-28,Ne correspond pas à la description,2,6903.62,remboursé
RET01464,VNT045724,CLT09297,PRD0255,2024-09-15,Mauvaise taille,2,381.21,en_traitement
RET01465,VNT051613,CLT05074,PRD0253,2024-04-07,Qualité insuffisante,2,564.56,en_traitement
RET01466,VNT006375,CLT11107,PRD0296,2022-04-07,Arrivé endommagé,2,440.59,en_traitement
RET01467,VNT041639,CLT10849,PRD0093,2022-05-26,Arrivé endommagé,1,265.23,remboursé
RET01468,VNT050728,CLT01437,PRD0069,2024-04-25,Ne correspond pas à la description,4,1727.82,remboursé
RET01469,VNT016905,CLT02875,PRD0311,2023-11-12,Changement d'avis,1,79.9,refusé
RET01470,VNT017500,CLT04736,PRD0324,2024-12-22,Changement d'avis,1,206.38,remboursé
RET01471,VNT013798,CLT05047,PRD0311,2024-11-02,Doublon de commande,2,125.97,remboursé
RET01472,VNT012579,CLT06521,PRD0058,2023-12-07,Ne correspond pas à la description,2,1328.77,remboursé
RET01473,VNT032410,CLT07051,PRD0045,2022-03-19,Mauvaise taille,1,1186.31,remboursé
RET01474,VNT027612,CLT03284,PRD0268,2024-05-22,Produit défectueux,2,1283.55,remboursé
RET01475,VNT002198,CLT05200,PRD0397,2022-09-11,Doublon de commande,1,5253.15,remboursé
RET01476,VNT050289,CLT05262,PRD0113,2023-08-01,Mauvaise taille,8,738.94,remboursé
RET01477,VNT024281,CLT06685,PRD0007,2023-05-25,Produit défectueux,3,1128.01,remboursé
RET01478,VNT029169,CLT02774,PRD0220,2022-03-24,Mauvaise taille,1,1988.36,remboursé
RET01479,VNT018672,CLT06675,PRD0144,2023-05-14,Produit défectueux,2,456.32,remboursé
RET01480,VNT025431,CLT00262,PRD0126,2022-07-07,Ne correspond pas à la description,1,495.24,remboursé
RET01481,VNT044322,CLT00227,PRD0041,2023-03-16,Produit défectueux,2,1641.29,en_traitement
RET01482,VNT017430,CLT03362,PRD0347,2023-02-02,Produit défectueux,1,197.17,remboursé
RET01483,VNT011796,CLT00819,PRD0166,2023-06-11,Changement d'avis,2,417.17,remboursé
RET01484,VNT020397,CLT06778,PRD0004,2024-06-02,Changement d'avis,2,696.11,remboursé
RET01485,VNT019968,CLT00604,PRD0155,2023-06-17,Ne correspond pas à la description,6,2445.39,en_traitement
RET01486,VNT049876,CLT05800,PRD0295,2024-09-22,Délai de livraison dépassé,1,139.01,remboursé
RET01487,VNT018472,CLT00822,PRD0187,2024-06-05,Produit défectueux,1,3905.65,refusé
RET01488,VNT052277,CLT02441,PRD0374,2023-06-11,Arrivé endommagé,1,74.6,remboursé
RET01489,VNT010523,CLT05312,PRD0391,2023-05-24,Changement d'avis,1,411.98,remboursé
RET01490,VNT037290,CLT04203,PRD0323,2023-12-30,Arrivé endommagé,1,133.6,remboursé
RET01491,VNT035574,CLT01767,PRD0256,2024-02-24,Mauvaise taille,1,1156.26,remboursé
RET01492,VNT007697,CLT02537,PRD0299,2024-10-19,Changement d'avis,1,377.96,remboursé
RET01493,VNT048421,CLT11290,PRD0058,2023-08-24,Produit défectueux,1,385.61,remboursé
RET01494,VNT022622,CLT00844,PRD0389,2024-12-26,Changement d'avis,1,1593.34,remboursé
RET01495,VNT050454,CLT05079,PRD0214,2023-06-04,Doublon de commande,1,2198.0,remboursé
RET01496,VNT009527,CLT04339,PRD0391,2024-11-09,Doublon de commande,3,1504.01,remboursé
RET01497,VNT036357,CLT07533,PRD0375,2022-09-02,Arrivé endommagé,2,439.8,remboursé
RET01498,VNT052989,CLT07060,PRD0018,2023-07-02,Produit défectueux,1,3585.52,remboursé
RET01499,VNT014657,CLT01400,PRD0129,2023-05-23,Mauvaise taille,3,140.19,remboursé
RET01500,VNT054528,CLT03953,PRD0342,2024-06-15,Arrivé endommagé,1,759.66,remboursé
RET01501,VNT023229,CLT11462,PRD0258,2022-02-03,Produit défectueux,1,1064.26,remboursé
RET01502,VNT053403,CLT02195,PRD0015,2024-10-01,Délai de livraison dépassé,1,1487.01,remboursé
RET01503,VNT019917,CLT04203,PRD0199,2024-11-03,Produit défectueux,2,1270.91,remboursé
RET01504,VNT039568,CLT09284,PRD0202,2023-04-09,Changement d'avis,1,3875.25,remboursé
RET01505,VNT051141,CLT06512,PRD0144,2024-07-05,Produit défectueux,3,266.31,remboursé
RET01506,VNT052885,CLT02636,PRD0074,2023-04-08,Ne correspond pas à la description,1,150.88,remboursé
RET01507,VNT019876,CLT06184,PRD0158,2024-11-19,Délai de livraison dépassé,1,194.73,remboursé
RET01508,VNT054644,CLT04352,PRD0181,2024-07-05,Produit défectueux,1,4921.3,remboursé
RET01509,VNT001039,CLT04184,PRD0082,2024-10-01,Produit défectueux,1,2627.95,remboursé
RET01510,VNT023898,CLT02279,PRD0082,2022-08-17,Produit défectueux,1,1245.49,en_traitement
RET01511,VNT045914,CLT06787,PRD0216,2024-05-12,Arrivé endommagé,1,2353.13,refusé
RET01512,VNT051410,CLT11848,PRD0327,2022-01-31,Ne correspond pas à la description,2,629.31,remboursé
RET01513,VNT044629,CLT11984,PRD0093,2025-01-02,Arrivé endommagé,3,898.15,remboursé
RET01514,VNT052909,CLT00991,PRD0287,2023-09-14,Ne correspond pas à la description,1,674.71,remboursé
RET01515,VNT050803,CLT06123,PRD0251,2025-01-15,Qualité insuffisante,1,95.79,remboursé
RET01516,VNT002274,CLT01713,PRD0343,2022-03-31,Arrivé endommagé,1,388.46,remboursé
RET01517,VNT024391,CLT08678,PRD0351,2023-04-19,Changement d'avis,2,289.96,en_traitement
RET01518,VNT045394,CLT11736,PRD0181,2024-08-21,Arrivé endommagé,3,3440.35,en_traitement
RET01519,VNT018969,CLT07309,PRD0224,2024-08-31,Mauvaise taille,2,3800.82,remboursé
RET01520,VNT020728,CLT01812,PRD0276,2024-06-25,Produit défectueux,2,717.88,remboursé
RET01521,VNT034256,CLT10554,PRD0027,2024-07-14,Délai de livraison dépassé,1,1418.81,refusé
RET01522,VNT032358,CLT09615,PRD0077,2023-11-10,Mauvaise taille,2,1286.4,refusé
RET01523,VNT016537,CLT11663,PRD0331,2023-11-18,Changement d'avis,1,119.24,remboursé
RET01524,VNT040013,CLT07682,PRD0166,2022-08-14,Ne correspond pas à la description,1,194.73,remboursé
RET01525,VNT014378,CLT09506,PRD0076,2023-02-08,Changement d'avis,2,301.15,en_traitement
RET01526,VNT000953,CLT02923,PRD0199,2023-04-23,Changement d'avis,1,1786.76,en_traitement
RET01527,VNT022956,CLT08298,PRD0003,2023-11-09,Doublon de commande,1,457.74,remboursé
RET01528,VNT039518,CLT10270,PRD0120,2023-05-09,Produit défectueux,2,345.29,remboursé
RET01529,VNT054863,CLT10819,PRD0352,2025-01-18,Produit défectueux,1,931.62,en_traitement
RET01530,VNT019525,CLT01547,PRD0001,2023-10-04,Ne correspond pas à la description,2,5148.99,en_traitement
RET01531,VNT008423,CLT10706,PRD0379,2023-09-26,Mauvaise taille,1,1338.97,en_traitement
RET01532,VNT038424,CLT03787,PRD0334,2022-10-27,Ne correspond pas à la description,1,45.66,remboursé
RET01533,VNT024520,CLT05007,PRD0328,2024-05-17,Changement d'avis,1,61.98,remboursé
RET01534,VNT022349,CLT07627,PRD0144,2024-04-08,Changement d'avis,1,106.72,remboursé
RET01535,VNT037986,CLT01715,PRD0049,2024-06-11,Mauvaise taille,3,8034.11,remboursé
RET01536,VNT048577,CLT07793,PRD0056,2023-11-07,Produit défectueux,2,175.23,en_traitement
RET01537,VNT043872,CLT11244,PRD0039,2024-05-23,Mauvaise taille,2,3622.21,en_traitement
RET01538,VNT000897,CLT02414,PRD0210,2022-02-01,Doublon de commande,1,141.41,refusé
RET01539,VNT020593,CLT02353,PRD0168,2023-02-07,Mauvaise taille,1,880.79,remboursé
RET01540,VNT001009,CLT09487,PRD0282,2024-01-03,Arrivé endommagé,4,399.44,remboursé
RET01541,VNT050861,CLT10842,PRD0035,2023-04-07,Mauvaise taille,1,6939.35,en_traitement
RET01542,VNT042722,CLT04181,PRD0290,2022-09-11,Doublon de commande,4,185.65,remboursé
RET01543,VNT001834,CLT04995,PRD0024,2023-03-02,Produit défectueux,3,2038.6,remboursé
RET01544,VNT019605,CLT09761,PRD0033,2023-07-31,Changement d'avis,2,3280.96,remboursé
RET01545,VNT002414,CLT10657,PRD0385,2022-08-25,Mauvaise taille,2,877.71,en_traitement
RET01546,VNT045328,CLT11273,PRD0184,2023-07-26,Produit défectueux,6,2738.4,en_traitement
RET01547,VNT006394,CLT08482,PRD0089,2022-01-17,Produit défectueux,1,2261.9,refusé
RET01548,VNT047164,CLT01452,PRD0084,2024-05-18,Changement d'avis,4,2987.37,en_traitement
RET01549,VNT029863,CLT10007,PRD0310,2023-07-11,Produit défectueux,1,500.1,remboursé
RET01550,VNT021177,CLT04310,PRD0110,2024-12-27,Arrivé endommagé,1,31.47,remboursé
RET01551,VNT045043,CLT05495,PRD0258,2022-11-12,Produit défectueux,1,630.28,remboursé
RET01552,VNT020477,CLT05804,PRD0252,2023-04-16,Arrivé endommagé,1,95.61,en_traitement
RET01553,VNT008209,CLT05758,PRD0095,2022-12-14,Changement d'avis,3,1956.84,remboursé
RET01554,VNT027934,CLT08644,PRD0048,2023-07-11,Arrivé endommagé,4,5704.47,en_traitement
RET01555,VNT034959,CLT08582,PRD0055,2022-01-24,Mauvaise taille,2,1325.34,en_traitement
RET01556,VNT047403,CLT11672,PRD0069,2022-07-25,Mauvaise taille,1,378.26,remboursé
RET01557,VNT044945,CLT05339,PRD0282,2023-09-24,Produit défectueux,1,254.65,remboursé
RET01558,VNT045377,CLT09308,PRD0317,2023-01-28,Ne correspond pas à la description,2,447.22,remboursé
RET01559,VNT003556,CLT07920,PRD0045,2023-08-19,Produit défectueux,1,1541.02,remboursé
RET01560,VNT029948,CLT01672,PRD0068,2023-06-07,Doublon de commande,1,653.67,remboursé
RET01561,VNT017203,CLT02106,PRD0080,2022-10-31,Délai de livraison dépassé,5,3786.14,remboursé
RET01562,VNT048871,CLT09378,PRD0199,2022-07-21,Ne correspond pas à la description,2,1715.3,en_traitement
RET01563,VNT029845,CLT00449,PRD0142,2022-04-19,Produit défectueux,1,14.53,en_traitement
RET01564,VNT048552,CLT11734,PRD0164,2024-09-04,Ne correspond pas à la description,2,543.53,en_traitement
RET01565,VNT019028,CLT08603,PRD0265,2023-10-07,Mauvaise taille,1,256.39,en_traitement
RET01566,VNT032843,CLT04261,PRD0156,2024-03-10,Produit défectueux,1,486.83,en_traitement
RET01567,VNT051309,CLT07639,PRD0383,2023-12-10,Mauvaise taille,6,1579.3,refusé
RET01568,VNT008404,CLT00034,PRD0252,2024-04-28,Changement d'avis,1,134.42,remboursé
RET01569,VNT030536,CLT08951,PRD0178,2024-07-25,Produit défectueux,2,760.26,en_traitement
RET01570,VNT020497,CLT05057,PRD0210,2024-01-16,Changement d'avis,1,69.13,remboursé
RET01571,VNT041700,CLT06176,PRD0205,2023-12-21,Produit défectueux,1,1514.44,remboursé
RET01572,VNT042849,CLT09189,PRD0062,2024-10-21,Produit défectueux,4,2606.86,remboursé
RET01573,VNT015759,CLT07494,PRD0247,2022-12-25,Produit défectueux,1,109.15,remboursé
RET01574,VNT006541,CLT08012,PRD0191,2022-02-05,Mauvaise taille,1,1894.17,remboursé
RET01575,VNT039017,CLT04276,PRD0336,2022-04-04,Mauvaise taille,1,179.04,remboursé
RET01576,VNT051260,CLT11756,PRD0183,2024-08-15,Produit défectueux,2,1571.25,remboursé
RET01577,VNT011929,CLT01725,PRD0395,2023-01-29,Produit défectueux,1,1194.74,remboursé
RET01578,VNT030740,CLT04904,PRD0240,2024-04-24,Arrivé endommagé,2,2315.43,remboursé
RET01579,VNT008309,CLT00197,PRD0099,2023-01-07,Délai de livraison dépassé,2,871.26,remboursé
RET01580,VNT008765,CLT01422,PRD0038,2022-11-29,Ne correspond pas à la description,2,1726.77,refusé
RET01581,VNT000948,CLT00198,PRD0375,2023-10-17,Arrivé endommagé,1,206.99,remboursé
RET01582,VNT053303,CLT07511,PRD0160,2022-02-24,Ne correspond pas à la description,1,799.07,refusé
RET01583,VNT017715,CLT09423,PRD0112,2024-03-27,Mauvaise taille,1,328.26,remboursé
RET01584,VNT054764,CLT03916,PRD0054,2023-11-07,Ne correspond pas à la description,1,1603.96,en_traitement
RET01585,VNT052718,CLT04172,PRD0300,2022-06-11,Mauvaise taille,1,109.26,remboursé
RET01586,VNT023299,CLT10085,PRD0098,2023-10-05,Ne correspond pas à la description,1,3724.62,remboursé
RET01587,VNT046903,CLT09005,PRD0252,2022-12-05,Changement d'avis,1,126.14,refusé
RET01588,VNT028807,CLT11287,PRD0149,2023-11-13,Mauvaise taille,1,282.67,refusé
RET01589,VNT029095,CLT06382,PRD0029,2024-04-26,Arrivé endommagé,2,6060.52,remboursé
RET01590,VNT018419,CLT04953,PRD0234,2023-01-09,Produit défectueux,1,1357.09,en_traitement
RET01591,VNT033372,CLT00082,PRD0036,2023-01-11,Mauvaise taille,1,2021.4,remboursé
RET01592,VNT000817,CLT05301,PRD0313,2022-07-03,Mauvaise taille,1,109.6,en_traitement
RET01593,VNT015386,CLT05031,PRD0237,2022-01-23,Mauvaise taille,1,1436.6,en_traitement
RET01594,VNT002552,CLT09486,PRD0217,2023-03-06,Mauvaise taille,1,537.54,refusé
RET01595,VNT000976,CLT04117,PRD0280,2024-10-29,Changement d'avis,1,362.88,remboursé
RET01596,VNT033886,CLT02940,PRD0079,2023-04-05,Arrivé endommagé,5,1935.73,remboursé
RET01597,VNT023191,CLT03362,PRD0202,2022-06-22,Délai de livraison dépassé,3,2992.66,en_traitement
RET01598,VNT009889,CLT06517,PRD0144,2022-04-25,Produit défectueux,1,121.57,refusé
RET01599,VNT033980,CLT04797,PRD0318,2022-11-29,Ne correspond pas à la description,4,1109.09,remboursé
RET01600,VNT003624,CLT06721,PRD0345,2023-03-04,Arrivé endommagé,3,640.42,en_traitement
RET01601,VNT043455,CLT01099,PRD0360,2022-07-22,Ne correspond pas à la description,2,958.3,remboursé
RET01602,VNT040212,CLT09905,PRD0343,2023-02-22,Délai de livraison dépassé,1,185.22,refusé
RET01603,VNT054719,CLT10390,PRD0013,2023-10-26,Produit défectueux,4,7610.07,refusé
RET01604,VNT054575,CLT04949,PRD0365,2024-01-27,Produit défectueux,1,347.94,en_traitement
RET01605,VNT004100,CLT05412,PRD0094,2024-04-29,Produit défectueux,1,808.66,remboursé
RET01606,VNT044855,CLT08313,PRD0008,2023-05-25,Mauvaise taille,1,4145.15,remboursé
RET01607,VNT010164,CLT02156,PRD0116,2023-01-25,Qualité insuffisante,1,138.74,refusé
RET01608,VNT012336,CLT08441,PRD0141,2024-01-20,Délai de livraison dépassé,1,462.44,refusé
RET01609,VNT041237,CLT03928,PRD0140,2023-08-10,Mauvaise taille,3,366.83,remboursé
RET01610,VNT014337,CLT09428,PRD0070,2022-08-25,Changement d'avis,4,5280.08,en_traitement
RET01611,VNT030116,CLT01093,PRD0388,2024-01-20,Qualité insuffisante,1,426.67,refusé
RET01612,VNT005460,CLT06040,PRD0090,2024-07-08,Produit défectueux,2,809.76,remboursé
RET01613,VNT025764,CLT01081,PRD0105,2024-02-12,Produit défectueux,1,18.41,remboursé
RET01614,VNT031678,CLT11460,PRD0367,2024-11-21,Arrivé endommagé,6,1913.52,en_traitement
RET01615,VNT006022,CLT10559,PRD0202,2024-08-11,Doublon de commande,1,2932.38,remboursé
RET01616,VNT013172,CLT05750,PRD0188,2023-08-21,Produit défectueux,4,308.23,remboursé
RET01617,VNT021370,CLT01346,PRD0333,2024-10-12,Ne correspond pas à la description,1,106.34,remboursé
RET01618,VNT003488,CLT01992,PRD0236,2023-01-01,Mauvaise taille,8,7139.51,remboursé
RET01619,VNT029185,CLT09592,PRD0152,2024-02-27,Produit défectueux,1,1284.17,remboursé
RET01620,VNT046846,CLT00381,PRD0382,2022-03-10,Arrivé endommagé,2,1185.13,remboursé
RET01621,VNT040006,CLT06500,PRD0326,2024-08-23,Produit défectueux,1,272.74,refusé
RET01622,VNT036236,CLT01111,PRD0215,2023-09-03,Arrivé endommagé,1,2369.31,remboursé
RET01623,VNT009962,CLT02155,PRD0352,2023-03-24,Ne correspond pas à la description,1,509.62,remboursé
RET01624,VNT052149,CLT04103,PRD0215,2023-05-18,Mauvaise taille,2,2940.28,en_traitement
RET01625,VNT009620,CLT03400,PRD0015,2024-07-01,Produit défectueux,1,5029.06,remboursé
RET01626,VNT051756,CLT04027,PRD0054,2024-11-10,Produit défectueux,1,1259.65,remboursé
RET01627,VNT027808,CLT08450,PRD0273,2023-01-05,Qualité insuffisante,1,353.8,remboursé
RET01628,VNT026223,CLT10214,PRD0314,2023-02-16,Ne correspond pas à la description,6,310.29,en_traitement
RET01629,VNT021083,CLT03238,PRD0119,2023-01-13,Mauvaise taille,4,219.94,remboursé
RET01630,VNT039163,CLT01783,PRD0015,2024-10-17,Arrivé endommagé,2,3152.76,remboursé
RET01631,VNT005963,CLT03502,PRD0131,2024-05-18,Arrivé endommagé,1,113.43,en_traitement
RET01632,VNT001960,CLT07894,PRD0018,2023-12-03,Produit défectueux,1,2910.16,remboursé
RET01633,VNT017349,CLT00046,PRD0108,2023-10-09,Mauvaise taille,1,78.35,remboursé
RET01634,VNT021468,CLT03303,PRD0340,2023-05-16,Produit défectueux,2,951.03,refusé
RET01635,VNT019427,CLT04651,PRD0163,2023-09-07,Ne correspond pas à la description,2,3527.69,remboursé
RET01636,VNT049150,CLT01688,PRD0321,2023-05-30,Arrivé endommagé,5,1616.13,remboursé
RET01637,VNT039729,CLT10491,PRD0314,2023-04-04,Mauvaise taille,1,49.78,en_traitement
RET01638,VNT031502,CLT09390,PRD0376,2024-10-22,Produit défectueux,3,1116.36,remboursé
RET01639,VNT043813,CLT00453,PRD0101,2024-01-07,Mauvaise taille,1,22.56,remboursé
RET01640,VNT021592,CLT05666,PRD0293,2024-06-12,Ne correspond pas à la description,1,405.76,remboursé
RET01641,VNT013739,CLT11302,PRD0266,2022-09-08,Qualité insuffisante,2,120.79,remboursé
RET01642,VNT018698,CLT04007,PRD0092,2024-11-04,Changement d'avis,1,625.24,refusé
RET01643,VNT017889,CLT05638,PRD0346,2024-12-30,Mauvaise taille,3,1409.1,refusé
RET01644,VNT054001,CLT08668,PRD0108,2024-07-27,Ne correspond pas à la description,1,75.55,remboursé
RET01645,VNT007825,CLT11189,PRD0353,2023-11-16,Mauvaise taille,1,331.41,en_traitement
RET01646,VNT042906,CLT05753,PRD0079,2023-12-08,Ne correspond pas à la description,2,678.37,remboursé
RET01647,VNT010520,CLT06336,PRD0153,2023-03-02,Changement d'avis,1,100.48,en_traitement
RET01648,VNT040352,CLT07514,PRD0062,2023-07-12,Arrivé endommagé,4,1238.06,remboursé
RET01649,VNT036199,CLT01170,PRD0048,2023-11-26,Ne correspond pas à la description,1,1401.88,remboursé
RET01650,VNT021583,CLT01834,PRD0105,2024-07-30,Doublon de commande,1,37.09,en_traitement
RET01651,VNT023784,CLT10908,PRD0398,2023-11-26,Arrivé endommagé,4,2041.63,remboursé
RET01652,VNT016953,CLT03231,PRD0329,2024-05-14,Produit défectueux,3,606.99,remboursé
RET01653,VNT054167,CLT01469,PRD0150,2024-09-21,Délai de livraison dépassé,1,79.33,remboursé
RET01654,VNT042996,CLT01582,PRD0047,2024-03-03,Mauvaise taille,1,12968.17,refusé
RET01655,VNT029802,CLT06287,PRD0268,2024-01-10,Arrivé endommagé,2,1811.6,refusé
RET01656,VNT032504,CLT08946,PRD0129,2023-03-18,Doublon de commande,1,33.09,refusé
RET01657,VNT014482,CLT10040,PRD0391,2022-05-10,Doublon de commande,1,497.0,remboursé
RET01658,VNT038499,CLT03364,PRD0122,2024-09-26,Arrivé endommagé,1,174.59,remboursé
RET01659,VNT052700,CLT03908,PRD0101,2023-06-25,Changement d'avis,2,74.69,refusé
RET01660,VNT046891,CLT10074,PRD0138,2023-04-22,Produit défectueux,1,382.89,en_traitement
RET01661,VNT046037,CLT11214,PRD0309,2024-01-23,Ne correspond pas à la description,1,212.53,remboursé
RET01662,VNT008776,CLT04805,PRD0298,2022-09-23,Arrivé endommagé,1,1426.38,remboursé
RET01663,VNT024774,CLT02185,PRD0091,2024-01-21,Doublon de commande,1,469.72,remboursé
RET01664,VNT021218,CLT10171,PRD0202,2023-07-30,Arrivé endommagé,1,848.63,remboursé
RET01665,VNT009383,CLT01404,PRD0106,2024-08-11,Qualité insuffisante,1,570.35,en_traitement
RET01666,VNT034768,CLT06586,PRD0082,2023-04-13,Mauvaise taille,5,4732.58,en_traitement
RET01667,VNT046941,CLT05785,PRD0029,2022-07-26,Ne correspond pas à la description,2,4698.98,remboursé
RET01668,VNT040394,CLT07681,PRD0110,2023-05-29,Arrivé endommagé,1,33.66,remboursé
RET01669,VNT010926,CLT00313,PRD0329,2023-05-12,Produit défectueux,2,1723.99,remboursé
RET01670,VNT022915,CLT00322,PRD0073,2023-09-05,Qualité insuffisante,1,614.09,remboursé
RET01671,VNT033460,CLT11351,PRD0154,2024-06-03,Qualité insuffisante,6,1486.59,remboursé
RET01672,VNT002781,CLT10709,PRD0303,2024-12-01,Doublon de commande,2,375.95,en_traitement
RET01673,VNT047153,CLT09097,PRD0103,2022-03-05,Ne correspond pas à la description,2,255.4,remboursé
RET01674,VNT048676,CLT01137,PRD0320,2024-10-12,Produit défectueux,2,185.84,remboursé
RET01675,VNT018678,CLT10678,PRD0223,2022-10-18,Mauvaise taille,1,1605.73,remboursé
RET01676,VNT015792,CLT06364,PRD0114,2023-12-29,Changement d'avis,2,377.06,remboursé
RET01677,VNT047969,CLT01958,PRD0034,2023-05-10,Ne correspond pas à la description,1,3330.18,remboursé
RET01678,VNT048889,CLT03354,PRD0009,2022-06-01,Produit défectueux,4,10634.57,refusé
RET01679,VNT049466,CLT02074,PRD0030,2022-05-23,Arrivé endommagé,2,4907.91,remboursé
RET01680,VNT008559,CLT08169,PRD0326,2022-02-12,Produit défectueux,3,319.44,en_traitement
RET01681,VNT010364,CLT00614,PRD0305,2023-01-06,Produit défectueux,1,435.5,en_traitement
RET01682,VNT003906,CLT05741,PRD0139,2022-07-30,Produit défectueux,4,378.24,remboursé
RET01683,VNT000123,CLT08646,PRD0274,2025-01-27,Mauvaise taille,1,1002.37,remboursé
RET01684,VNT054728,CLT05648,PRD0038,2023-01-09,Mauvaise taille,1,5121.6,en_traitement
RET01685,VNT035973,CLT07098,PRD0028,2022-02-12,Mauvaise taille,1,9230.03,remboursé
RET01686,VNT027963,CLT10835,PRD0083,2024-06-03,Produit défectueux,3,2785.59,remboursé
RET01687,VNT023339,CLT03893,PRD0340,2023-06-19,Arrivé endommagé,1,803.61,remboursé
RET01688,VNT021707,CLT09972,PRD0040,2024-08-30,Mauvaise taille,1,2083.02,remboursé
RET01689,VNT042086,CLT01941,PRD0009,2024-01-24,Produit défectueux,2,5455.75,remboursé
RET01690,VNT013876,CLT08781,PRD0057,2024-05-07,Arrivé endommagé,5,2911.87,remboursé
RET01691,VNT001069,CLT05553,PRD0024,2025-01-01,Mauvaise taille,3,2251.43,remboursé
RET01692,VNT053889,CLT02919,PRD0400,2022-06-19,Doublon de commande,1,269.04,remboursé
RET01693,VNT033778,CLT07479,PRD0123,2023-12-12,Mauvaise taille,1,362.98,en_traitement
RET01694,VNT026389,CLT10067,PRD0188,2023-12-21,Ne correspond pas à la description,1,283.37,remboursé
RET01695,VNT042719,CLT07562,PRD0232,2024-06-27,Arrivé endommagé,1,12012.22,en_traitement
RET01696,VNT006221,CLT09503,PRD0314,2022-11-06,Ne correspond pas à la description,1,124.03,remboursé
RET01697,VNT051996,CLT09567,PRD0087,2024-04-29,Qualité insuffisante,1,541.17,en_traitement
RET01698,VNT040794,CLT06289,PRD0001,2022-01-29,Ne correspond pas à la description,1,3316.02,remboursé
RET01699,VNT025482,CLT06985,PRD0034,2024-12-11,Changement d'avis,1,3373.61,remboursé
RET01700,VNT034925,CLT04453,PRD0378,2023-09-21,Arrivé endommagé,1,719.0,remboursé
RET01701,VNT037476,CLT02198,PRD0194,2022-04-28,Doublon de commande,4,1479.21,en_traitement
RET01702,VNT000939,CLT10430,PRD0205,2025-01-18,Ne correspond pas à la description,1,819.97,en_traitement
RET01703,VNT042938,CLT03954,PRD0387,2022-01-23,Arrivé endommagé,1,528.67,en_traitement
RET01704,VNT004375,CLT07065,PRD0024,2023-10-04,Produit défectueux,1,1390.05,remboursé
RET01705,VNT026080,CLT00093,PRD0248,2024-02-06,Produit défectueux,1,406.98,remboursé
RET01706,VNT044038,CLT10196,PRD0146,2022-02-17,Délai de livraison dépassé,1,56.49,remboursé
RET01707,VNT019079,CLT03868,PRD0219,2024-09-28,Ne correspond pas à la description,2,770.56,refusé
RET01708,VNT045985,CLT08648,PRD0360,2023-11-22,Ne correspond pas à la description,2,2367.08,refusé
RET01709,VNT035178,CLT06839,PRD0138,2022-05-19,Produit défectueux,3,381.87,remboursé
RET01710,VNT054489,CLT07779,PRD0146,2024-06-23,Arrivé endommagé,2,283.57,remboursé
RET01711,VNT049649,CLT05442,PRD0260,2025-01-14,Doublon de commande,1,143.34,remboursé
RET01712,VNT003282,CLT07947,PRD0317,2023-11-10,Doublon de commande,2,281.56,remboursé
RET01713,VNT048763,CLT08383,PRD0177,2023-09-18,Ne correspond pas à la description,6,6504.57,remboursé
RET01714,VNT053034,CLT05987,PRD0055,2024-10-31,Produit défectueux,1,580.17,en_traitement
RET01715,VNT004093,CLT11455,PRD0030,2022-10-12,Changement d'avis,3,4563.61,en_traitement
RET01716,VNT000217,CLT07453,PRD0162,2022-05-23,Produit défectueux,2,4748.72,remboursé
RET01717,VNT018905,CLT02200,PRD0359,2022-12-10,Produit défectueux,7,4850.03,remboursé
RET01718,VNT001418,CLT02276,PRD0003,2022-12-04,Produit défectueux,6,2837.35,refusé
RET01719,VNT010620,CLT06780,PRD0225,2022-09-21,Changement d'avis,1,3925.78,en_traitement
RET01720,VNT043002,CLT06095,PRD0149,2024-08-11,Arrivé endommagé,2,300.07,remboursé
RET01721,VNT024465,CLT05164,PRD0148,2022-09-03,Arrivé endommagé,1,180.53,remboursé
RET01722,VNT017100,CLT01555,PRD0259,2024-07-14,Changement d'avis,8,2986.73,remboursé
RET01723,VNT040111,CLT08032,PRD0252,2023-11-13,Doublon de commande,1,178.66,remboursé
RET01724,VNT007074,CLT08743,PRD0276,2024-03-16,Changement d'avis,1,644.55,remboursé
RET01725,VNT040995,CLT04523,PRD0356,2023-11-27,Changement d'avis,3,1935.78,remboursé
RET01726,VNT008111,CLT05409,PRD0256,2022-10-29,Mauvaise taille,1,233.48,remboursé
RET01727,VNT011376,CLT09841,PRD0009,2024-03-04,Changement d'avis,4,10817.66,remboursé
RET01728,VNT020557,CLT05562,PRD0134,2023-12-31,Doublon de commande,1,100.07,remboursé
RET01729,VNT045806,CLT02829,PRD0352,2022-05-03,Arrivé endommagé,1,1128.49,remboursé
RET01730,VNT046796,CLT08518,PRD0299,2023-09-30,Changement d'avis,1,277.6,remboursé
RET01731,VNT019512,CLT03165,PRD0114,2023-10-22,Produit défectueux,1,143.03,remboursé
RET01732,VNT004287,CLT11748,PRD0278,2022-07-23,Qualité insuffisante,2,381.78,en_traitement
RET01733,VNT027872,CLT02999,PRD0135,2022-05-03,Produit défectueux,5,443.79,refusé
RET01734,VNT023049,CLT04665,PRD0071,2022-05-09,Changement d'avis,1,3154.63,en_traitement
RET01735,VNT014098,CLT05889,PRD0324,2024-09-09,Changement d'avis,2,461.99,remboursé
RET01736,VNT000596,CLT08664,PRD0240,2023-04-12,Produit défectueux,1,1306.76,remboursé
RET01737,VNT027455,CLT10576,PRD0175,2022-06-19,Produit défectueux,4,3816.14,remboursé
RET01738,VNT050676,CLT03129,PRD0155,2023-03-28,Ne correspond pas à la description,2,756.44,en_traitement
RET01739,VNT019266,CLT07457,PRD0139,2024-10-09,Ne correspond pas à la description,3,222.0,remboursé
RET01740,VNT011286,CLT08611,PRD0015,2023-08-12,Changement d'avis,4,6197.69,remboursé
RET01741,VNT011421,CLT11050,PRD0380,2023-07-06,Produit défectueux,1,252.89,remboursé
RET01742,VNT028080,CLT11853,PRD0020,2024-10-12,Arrivé endommagé,1,5528.27,refusé
RET01743,VNT011654,CLT09582,PRD0265,2024-05-13,Ne correspond pas à la description,2,644.25,remboursé
RET01744,VNT025983,CLT02911,PRD0325,2024-12-18,Ne correspond pas à la description,2,384.67,remboursé
RET01745,VNT039317,CLT08810,PRD0082,2023-01-26,Produit défectueux,1,550.76,remboursé
RET01746,VNT029803,CLT01740,PRD0099,2022-03-19,Arrivé endommagé,1,352.84,remboursé
RET01747,VNT011212,CLT06302,PRD0012,2022-09-19,Produit défectueux,1,2465.56,remboursé
RET01748,VNT002586,CLT11825,PRD0042,2023-05-16,Ne correspond pas à la description,1,3815.45,remboursé
RET01749,VNT027839,CLT02124,PRD0145,2022-01-07,Ne correspond pas à la description,2,19.98,remboursé
RET01750,VNT046481,CLT04934,PRD0106,2024-01-30,Ne correspond pas à la description,1,96.16,remboursé
RET01751,VNT024280,CLT05959,PRD0330,2022-04-17,Ne correspond pas à la description,1,38.52,remboursé
RET01752,VNT008734,CLT09832,PRD0156,2022-06-01,Produit défectueux,1,697.64,remboursé
RET01753,VNT053241,CLT00919,PRD0289,2022-09-18,Mauvaise taille,1,25.85,remboursé
RET01754,VNT001943,CLT05431,PRD0319,2024-10-19,Ne correspond pas à la description,2,355.46,refusé
RET01755,VNT039829,CLT00294,PRD0213,2023-06-13,Doublon de commande,2,11751.84,remboursé
RET01756,VNT047665,CLT01818,PRD0121,2023-09-11,Doublon de commande,5,751.36,remboursé
RET01757,VNT027714,CLT05344,PRD0031,2024-09-19,Ne correspond pas à la description,3,7255.88,en_traitement
RET01758,VNT008137,CLT05068,PRD0373,2024-09-05,Ne correspond pas à la description,1,536.11,remboursé
RET01759,VNT010900,CLT06131,PRD0209,2022-02-17,Changement d'avis,1,1269.4,en_traitement
RET01760,VNT021253,CLT05484,PRD0226,2023-09-22,Mauvaise taille,2,10537.81,en_traitement
RET01761,VNT014722,CLT03756,PRD0013,2023-06-05,Doublon de commande,5,5911.38,remboursé
RET01762,VNT043105,CLT05303,PRD0376,2023-12-14,Mauvaise taille,2,688.08,remboursé
RET01763,VNT014933,CLT01126,PRD0077,2023-03-19,Ne correspond pas à la description,1,1603.91,remboursé
RET01764,VNT054658,CLT05896,PRD0181,2024-08-26,Produit défectueux,2,2084.06,remboursé
RET01765,VNT022458,CLT08128,PRD0321,2022-10-21,Produit défectueux,8,2299.92,remboursé
RET01766,VNT051365,CLT02786,PRD0050,2024-06-13,Doublon de commande,1,7774.33,en_traitement
RET01767,VNT023742,CLT00530,PRD0338,2024-05-10,Produit défectueux,1,78.83,remboursé
RET01768,VNT028322,CLT01347,PRD0295,2022-07-11,Produit défectueux,1,89.13,remboursé
RET01769,VNT041654,CLT08728,PRD0023,2023-10-10,Produit défectueux,2,5634.1,refusé
RET01770,VNT005630,CLT11869,PRD0353,2024-06-15,Mauvaise taille,1,1463.07,remboursé
RET01771,VNT014048,CLT07649,PRD0327,2023-06-18,Changement d'avis,2,344.53,en_traitement
RET01772,VNT032201,CLT05144,PRD0258,2024-11-17,Produit défectueux,1,1471.72,en_traitement
RET01773,VNT027168,CLT06518,PRD0347,2024-07-03,Mauvaise taille,3,1102.3,remboursé
RET01774,VNT014507,CLT00900,PRD0215,2023-11-22,Qualité insuffisante,1,1543.29,remboursé
RET01775,VNT022339,CLT03209,PRD0170,2023-01-12,Arrivé endommagé,2,3517.06,remboursé
RET01776,VNT027166,CLT05197,PRD0341,2023-05-03,Ne correspond pas à la description,1,512.75,en_traitement
RET01777,VNT048947,CLT08670,PRD0151,2024-10-02,Ne correspond pas à la description,1,581.51,en_traitement
RET01778,VNT015699,CLT01041,PRD0339,2022-12-28,Produit défectueux,1,668.38,remboursé
RET01779,VNT012062,CLT09929,PRD0187,2022-05-27,Ne correspond pas à la description,1,2354.51,en_traitement
RET01780,VNT041530,CLT09602,PRD0179,2023-04-01,Mauvaise taille,1,110.38,remboursé
RET01781,VNT024112,CLT07102,PRD0370,2022-01-17,Mauvaise taille,1,129.99,remboursé
RET01782,VNT006941,CLT02424,PRD0174,2023-02-25,Mauvaise taille,1,1212.23,refusé
RET01783,VNT023843,CLT08103,PRD0214,2023-06-13,Produit défectueux,2,7001.05,en_traitement
RET01784,VNT026300,CLT03508,PRD0252,2022-06-23,Mauvaise taille,1,122.95,en_traitement
RET01785,VNT016636,CLT11980,PRD0352,2024-05-10,Ne correspond pas à la description,1,1110.39,remboursé
RET01786,VNT026055,CLT00754,PRD0048,2023-05-02,Arrivé endommagé,1,8324.25,remboursé
RET01787,VNT045642,CLT10102,PRD0135,2024-08-15,Ne correspond pas à la description,6,646.12,remboursé
RET01788,VNT029439,CLT00852,PRD0213,2023-11-03,Produit défectueux,1,3933.74,remboursé
RET01789,VNT004475,CLT08052,PRD0170,2023-09-02,Doublon de commande,1,946.17,remboursé
RET01790,VNT004455,CLT07419,PRD0378,2024-09-08,Mauvaise taille,3,1614.21,en_traitement
RET01791,VNT001203,CLT04427,PRD0121,2022-03-11,Produit défectueux,1,352.75,remboursé
RET01792,VNT033565,CLT04858,PRD0026,2024-12-07,Produit défectueux,1,797.46,remboursé
RET01793,VNT019833,CLT04619,PRD0246,2022-05-10,Délai de livraison dépassé,1,2012.98,remboursé
RET01794,VNT033396,CLT11656,PRD0138,2022-04-13,Changement d'avis,1,237.6,remboursé
RET01795,VNT003283,CLT06329,PRD0067,2024-01-09,Délai de livraison dépassé,4,2065.9,en_traitement
RET01796,VNT042640,CLT06649,PRD0311,2024-11-27,Doublon de commande,4,362.48,en_traitement
RET01797,VNT014850,CLT01146,PRD0213,2023-01-07,Changement d'avis,1,2457.69,en_traitement
RET01798,VNT033880,CLT08035,PRD0121,2023-09-23,Mauvaise taille,1,145.54,remboursé
RET01799,VNT026892,CLT05415,PRD0022,2024-11-22,Arrivé endommagé,1,1221.3,en_traitement
RET01800,VNT024739,CLT10791,PRD0166,2023-10-10,Doublon de commande,2,363.71,refusé
RET01801,VNT026343,CLT02031,PRD0314,2024-05-22,Produit défectueux,1,48.44,remboursé
RET01802,VNT041224,CLT06401,PRD0087,2024-04-02,Produit défectueux,1,612.8,remboursé
RET01803,VNT009177,CLT01477,PRD0136,2024-04-09,Changement d'avis,1,967.32,en_traitement
RET01804,VNT024051,CLT08174,PRD0217,2022-04-16,Mauvaise taille,1,598.86,remboursé
RET01805,VNT025916,CLT07749,PRD0095,2024-05-08,Changement d'avis,2,1697.83,remboursé
RET01806,VNT027995,CLT08537,PRD0152,2022-11-26,Arrivé endommagé,1,848.06,remboursé
RET01807,VNT016363,CLT00808,PRD0337,2023-03-15,Ne correspond pas à la description,3,1087.26,remboursé
RET01808,VNT038981,CLT04118,PRD0197,2022-10-16,Ne correspond pas à la description,1,728.67,en_traitement
RET01809,VNT021956,CLT01560,PRD0079,2024-05-16,Produit défectueux,1,611.93,remboursé
RET01810,VNT048431,CLT06525,PRD0250,2024-01-21,Changement d'avis,2,263.63,remboursé
RET01811,VNT044701,CLT02955,PRD0156,2024-01-23,Ne correspond pas à la description,2,2298.51,remboursé
RET01812,VNT043209,CLT00116,PRD0221,2024-01-21,Produit défectueux,1,73.07,refusé
RET01813,VNT047238,CLT04306,PRD0396,2023-01-05,Mauvaise taille,1,103.85,remboursé
RET01814,VNT034083,CLT05003,PRD0311,2023-08-30,Produit défectueux,1,68.69,en_traitement
RET01815,VNT049488,CLT07844,PRD0268,2023-09-04,Mauvaise taille,1,285.06,remboursé
RET01816,VNT034042,CLT07763,PRD0053,2023-03-17,Délai de livraison dépassé,3,2182.7,remboursé
RET01817,VNT038789,CLT03639,PRD0129,2023-12-11,Arrivé endommagé,2,73.24,remboursé
RET01818,VNT034608,CLT06435,PRD0208,2022-07-20,Ne correspond pas à la description,2,4547.36,remboursé
RET01819,VNT044180,CLT03605,PRD0288,2022-12-22,Ne correspond pas à la description,7,3348.86,remboursé
RET01820,VNT030252,CLT11516,PRD0152,2024-11-18,Doublon de commande,2,1249.55,remboursé
RET01821,VNT043021,CLT09284,PRD0353,2023-03-27,Produit défectueux,4,1357.54,remboursé
RET01822,VNT002016,CLT00316,PRD0088,2024-07-21,Changement d'avis,2,537.87,refusé
RET01823,VNT024294,CLT06703,PRD0153,2024-04-14,Doublon de commande,3,428.8,remboursé
RET01824,VNT008359,CLT00503,PRD0138,2022-10-04,Qualité insuffisante,4,1012.68,remboursé
RET01825,VNT001258,CLT02976,PRD0393,2023-05-05,Produit défectueux,2,1656.12,en_traitement
RET01826,VNT028636,CLT02925,PRD0282,2023-11-13,Ne correspond pas à la description,2,164.14,remboursé
RET01827,VNT002040,CLT02036,PRD0278,2023-09-21,Mauvaise taille,1,380.99,remboursé
RET01828,VNT053218,CLT07196,PRD0042,2023-11-14,Qualité insuffisante,3,21192.85,remboursé
RET01829,VNT036303,CLT07428,PRD0080,2022-05-13,Ne correspond pas à la description,1,456.49,en_traitement
RET01830,VNT030600,CLT10748,PRD0261,2022-12-21,Délai de livraison dépassé,4,1404.26,en_traitement
RET01831,VNT003697,CLT05654,PRD0168,2023-06-20,Ne correspond pas à la description,3,1532.85,remboursé
RET01832,VNT051616,CLT00583,PRD0176,2024-12-26,Arrivé endommagé,1,828.56,remboursé
RET01833,VNT035279,CLT11121,PRD0210,2024-02-28,Changement d'avis,1,84.26,remboursé
RET01834,VNT039394,CLT05377,PRD0377,2022-01-19,Arrivé endommagé,1,240.0,remboursé
RET01835,VNT006734,CLT06489,PRD0049,2024-06-29,Mauvaise taille,1,4643.32,remboursé
RET01836,VNT009238,CLT05170,PRD0050,2022-08-23,Produit défectueux,1,3472.8,remboursé
RET01837,VNT035139,CLT05892,PRD0100,2024-06-11,Changement d'avis,4,2044.17,en_traitement
RET01838,VNT033470,CLT02615,PRD0276,2024-08-21,Produit défectueux,2,1114.83,remboursé
RET01839,VNT034420,CLT01346,PRD0124,2023-12-13,Ne correspond pas à la description,1,85.65,remboursé
RET01840,VNT013595,CLT06942,PRD0177,2024-07-22,Arrivé endommagé,1,862.23,remboursé
RET01841,VNT024625,CLT07623,PRD0024,2022-12-28,Changement d'avis,6,4358.06,refusé
RET01842,VNT036624,CLT01756,PRD0176,2022-04-06,Produit défectueux,1,834.68,remboursé
RET01843,VNT012578,CLT02414,PRD0319,2023-01-25,Délai de livraison dépassé,1,162.81,refusé
RET01844,VNT025998,CLT04301,PRD0388,2022-04-20,Doublon de commande,2,763.08,refusé
RET01845,VNT053022,CLT03519,PRD0247,2022-10-10,Doublon de commande,2,345.83,en_traitement
RET01846,VNT054368,CLT02755,PRD0388,2023-09-12,Changement d'avis,1,501.42,en_traitement
RET01847,VNT042989,CLT06917,PRD0038,2022-03-18,Mauvaise taille,1,844.55,en_traitement
RET01848,VNT000704,CLT00317,PRD0087,2022-10-15,Mauvaise taille,1,713.27,remboursé
RET01849,VNT016172,CLT04794,PRD0330,2022-07-09,Mauvaise taille,1,148.6,en_traitement
RET01850,VNT028006,CLT01400,PRD0149,2024-06-30,Arrivé endommagé,4,817.9,refusé
RET01851,VNT015156,CLT10893,PRD0121,2022-10-09,Arrivé endommagé,1,171.52,remboursé
RET01852,VNT020189,CLT10813,PRD0323,2022-09-30,Ne correspond pas à la description,1,188.49,remboursé
RET01853,VNT000749,CLT07256,PRD0319,2023-09-18,Mauvaise taille,1,199.88,remboursé
RET01854,VNT034967,CLT05312,PRD0292,2022-02-20,Délai de livraison dépassé,4,1187.78,remboursé
RET01855,VNT035293,CLT06239,PRD0314,2024-12-17,Qualité insuffisante,8,523.74,en_traitement
RET01856,VNT014151,CLT05976,PRD0131,2024-06-09,Changement d'avis,2,354.35,remboursé
RET01857,VNT049277,CLT07539,PRD0310,2024-10-20,Arrivé endommagé,1,254.2,remboursé
RET01858,VNT009499,CLT11546,PRD0243,2024-01-07,Arrivé endommagé,1,8072.23,remboursé
RET01859,VNT007319,CLT11167,PRD0029,2023-08-10,Produit défectueux,2,14340.92,remboursé
RET01860,VNT036404,CLT07579,PRD0389,2022-02-18,Arrivé endommagé,1,592.13,remboursé
RET01861,VNT039483,CLT07064,PRD0063,2024-04-11,Arrivé endommagé,2,1107.04,remboursé
RET01862,VNT033164,CLT00123,PRD0147,2025-01-08,Changement d'avis,2,117.58,remboursé
RET01863,VNT006059,CLT02610,PRD0077,2023-05-14,Doublon de commande,1,3627.92,remboursé
RET01864,VNT047491,CLT07622,PRD0106,2024-04-16,Doublon de commande,2,127.84,remboursé
RET01865,VNT021986,CLT08069,PRD0056,2023-01-26,Produit défectueux,1,90.74,en_traitement
RET01866,VNT004748,CLT08857,PRD0064,2024-03-24,Mauvaise taille,1,79.25,remboursé
RET01867,VNT016752,CLT01432,PRD0070,2024-05-26,Changement d'avis,2,1055.79,refusé
RET01868,VNT004711,CLT09512,PRD0172,2024-04-23,Produit défectueux,3,2602.96,remboursé
RET01869,VNT005193,CLT03056,PRD0308,2022-11-26,Changement d'avis,2,951.28,remboursé
RET01870,VNT010700,CLT02980,PRD0149,2023-11-23,Mauvaise taille,1,157.83,remboursé
RET01871,VNT038669,CLT04251,PRD0080,2024-09-21,Ne correspond pas à la description,1,435.48,remboursé
RET01872,VNT030507,CLT08324,PRD0060,2024-01-02,Produit défectueux,1,584.62,remboursé
RET01873,VNT003394,CLT11376,PRD0083,2024-02-19,Produit défectueux,1,816.94,remboursé
RET01874,VNT015553,CLT08797,PRD0024,2024-09-19,Délai de livraison dépassé,1,1231.72,en_traitement
RET01875,VNT004675,CLT04625,PRD0190,2022-08-03,Produit défectueux,1,745.15,refusé
RET01876,VNT003592,CLT02138,PRD0202,2024-05-29,Produit défectueux,3,5314.24,remboursé
RET01877,VNT041787,CLT00102,PRD0081,2023-07-19,Changement d'avis,1,551.53,en_traitement
RET01878,VNT050256,CLT09701,PRD0212,2023-05-30,Doublon de commande,1,1274.14,remboursé
RET01879,VNT012716,CLT07545,PRD0024,2024-10-17,Mauvaise taille,1,642.78,remboursé
RET01880,VNT054998,CLT06410,PRD0360,2022-05-09,Arrivé endommagé,3,2396.07,en_traitement
RET01881,VNT006425,CLT09452,PRD0155,2024-02-17,Changement d'avis,1,390.33,remboursé
RET01882,VNT026865,CLT01664,PRD0017,2023-02-21,Produit défectueux,1,5596.0,remboursé
RET01883,VNT020552,CLT11124,PRD0258,2024-09-01,Arrivé endommagé,3,1230.85,en_traitement
RET01884,VNT049315,CLT01770,PRD0261,2024-06-26,Ne correspond pas à la description,1,450.41,en_traitement
RET01885,VNT049689,CLT06076,PRD0263,2024-08-08,Délai de livraison dépassé,2,709.15,remboursé
RET01886,VNT000300,CLT06778,PRD0121,2022-02-25,Ne correspond pas à la description,1,272.62,remboursé
RET01887,VNT005589,CLT06830,PRD0304,2023-07-06,Mauvaise taille,1,50.25,remboursé
RET01888,VNT016059,CLT05344,PRD0135,2023-04-18,Qualité insuffisante,1,62.62,remboursé
RET01889,VNT039833,CLT08251,PRD0106,2023-02-14,Changement d'avis,1,77.44,remboursé
RET01890,VNT049761,CLT01704,PRD0332,2023-11-26,Ne correspond pas à la description,1,87.76,remboursé
RET01891,VNT020381,CLT07194,PRD0346,2024-06-01,Ne correspond pas à la description,1,683.15,remboursé
RET01892,VNT027997,CLT09193,PRD0339,2022-05-23,Doublon de commande,1,263.54,remboursé
RET01893,VNT046948,CLT01101,PRD0236,2024-11-28,Mauvaise taille,1,1549.14,en_traitement
RET01894,VNT044867,CLT07976,PRD0093,2022-07-25,Produit défectueux,2,1304.49,en_traitement
RET01895,VNT019893,CLT07304,PRD0294,2023-11-09,Ne correspond pas à la description,1,504.92,remboursé
RET01896,VNT024479,CLT09244,PRD0098,2023-04-20,Produit défectueux,4,2659.74,remboursé
RET01897,VNT025318,CLT03641,PRD0049,2023-05-21,Changement d'avis,3,9465.41,remboursé
RET01898,VNT019689,CLT06093,PRD0350,2023-11-20,Doublon de commande,2,402.19,remboursé
RET01899,VNT052708,CLT01770,PRD0248,2022-04-18,Doublon de commande,1,1360.17,remboursé
RET01900,VNT006829,CLT02511,PRD0347,2022-12-10,Mauvaise taille,2,991.71,remboursé
RET01901,VNT026603,CLT05704,PRD0172,2024-03-13,Changement d'avis,2,650.46,remboursé
RET01902,VNT030829,CLT01385,PRD0050,2024-01-01,Changement d'avis,2,7594.39,en_traitement
RET01903,VNT026577,CLT07544,PRD0267,2024-04-08,Changement d'avis,1,450.09,remboursé
RET01904,VNT051943,CLT04051,PRD0026,2024-12-28,Arrivé endommagé,1,1003.28,en_traitement
RET01905,VNT036217,CLT01105,PRD0367,2023-05-02,Arrivé endommagé,1,686.23,remboursé
RET01906,VNT035895,CLT10338,PRD0341,2024-08-11,Changement d'avis,1,229.42,refusé
RET01907,VNT007088,CLT07572,PRD0280,2024-02-28,Changement d'avis,3,422.5,remboursé
RET01908,VNT045863,CLT01764,PRD0088,2022-06-22,Mauvaise taille,1,108.67,refusé
RET01909,VNT051791,CLT06586,PRD0095,2024-02-12,Ne correspond pas à la description,1,426.31,remboursé
RET01910,VNT031421,CLT08099,PRD0247,2023-10-01,Arrivé endommagé,2,376.7,remboursé
RET01911,VNT023536,CLT00729,PRD0086,2024-12-04,Mauvaise taille,3,303.47,remboursé
RET01912,VNT044289,CLT03890,PRD0226,2022-07-14,Délai de livraison dépassé,1,2753.43,refusé
RET01913,VNT041938,CLT02702,PRD0111,2024-04-09,Délai de livraison dépassé,1,83.93,remboursé
RET01914,VNT001472,CLT08265,PRD0344,2024-06-18,Mauvaise taille,3,1504.93,en_traitement
RET01915,VNT046147,CLT05528,PRD0270,2024-05-20,Ne correspond pas à la description,1,384.38,en_traitement
RET01916,VNT016414,CLT07818,PRD0382,2023-12-30,Ne correspond pas à la description,2,796.46,remboursé
RET01917,VNT047594,CLT01450,PRD0223,2022-12-31,Produit défectueux,1,1881.02,remboursé
RET01918,VNT051765,CLT03338,PRD0348,2024-06-29,Mauvaise taille,2,492.87,remboursé
RET01919,VNT029297,CLT02489,PRD0249,2024-05-23,Arrivé endommagé,2,1707.64,remboursé
RET01920,VNT010736,CLT10758,PRD0282,2024-03-07,Produit défectueux,1,80.86,remboursé
RET01921,VNT028900,CLT08115,PRD0077,2024-05-24,Mauvaise taille,1,708.58,remboursé
RET01922,VNT043582,CLT11881,PRD0223,2023-08-27,Changement d'avis,2,3267.52,en_traitement
RET01923,VNT046964,CLT06020,PRD0178,2024-01-14,Mauvaise taille,2,834.34,remboursé
RET01924,VNT047234,CLT02122,PRD0261,2023-07-11,Produit défectueux,1,255.18,remboursé
RET01925,VNT042383,CLT01102,PRD0091,2022-05-11,Qualité insuffisante,2,651.66,refusé
RET01926,VNT029755,CLT11734,PRD0326,2022-12-02,Mauvaise taille,2,532.3,remboursé
RET01927,VNT046472,CLT05679,PRD0010,2023-08-23,Produit défectueux,1,5683.62,remboursé
RET01928,VNT052451,CLT06432,PRD0283,2024-03-26,Produit défectueux,1,1446.16,remboursé
RET01929,VNT031453,CLT03990,PRD0352,2023-07-10,Produit défectueux,6,3338.06,remboursé
RET01930,VNT032559,CLT07154,PRD0179,2024-05-23,Changement d'avis,1,256.9,remboursé
RET01931,VNT022746,CLT00155,PRD0168,2022-12-28,Produit défectueux,1,1489.88,en_traitement
RET01932,VNT016927,CLT10427,PRD0005,2024-07-21,Ne correspond pas à la description,1,1752.49,remboursé
RET01933,VNT031993,CLT02438,PRD0004,2024-12-29,Produit défectueux,1,290.43,remboursé
RET01934,VNT022555,CLT08971,PRD0289,2023-10-18,Arrivé endommagé,1,50.39,remboursé
RET01935,VNT003144,CLT04088,PRD0250,2022-04-26,Produit défectueux,1,72.92,remboursé
RET01936,VNT053313,CLT06807,PRD0184,2023-10-15,Changement d'avis,1,308.94,remboursé
RET01937,VNT028484,CLT03050,PRD0182,2022-03-05,Arrivé endommagé,2,4523.17,refusé
RET01938,VNT019357,CLT07542,PRD0320,2022-10-19,Changement d'avis,1,120.9,refusé
RET01939,VNT048697,CLT05607,PRD0317,2023-05-16,Ne correspond pas à la description,3,504.15,remboursé
RET01940,VNT026701,CLT03355,PRD0145,2023-03-03,Produit défectueux,1,19.79,remboursé
RET01941,VNT001798,CLT09080,PRD0155,2024-10-10,Ne correspond pas à la description,1,382.43,refusé
RET01942,VNT013511,CLT08323,PRD0258,2023-01-01,Délai de livraison dépassé,1,618.95,remboursé
RET01943,VNT025258,CLT00981,PRD0389,2022-07-28,Ne correspond pas à la description,1,654.68,refusé
RET01944,VNT000618,CLT04496,PRD0022,2023-07-28,Produit défectueux,8,3742.59,remboursé
RET01945,VNT018149,CLT05259,PRD0043,2024-04-03,Ne correspond pas à la description,9,37694.81,remboursé
RET01946,VNT024665,CLT00059,PRD0245,2024-07-24,Mauvaise taille,1,4067.65,remboursé
RET01947,VNT028937,CLT02224,PRD0185,2024-02-02,Mauvaise taille,4,3841.92,en_traitement
RET01948,VNT050791,CLT02744,PRD0395,2024-11-28,Produit défectueux,3,1303.34,en_traitement
RET01949,VNT052769,CLT07759,PRD0262,2022-03-13,Doublon de commande,1,479.94,remboursé
RET01950,VNT000572,CLT07161,PRD0265,2024-01-04,Mauvaise taille,1,302.06,remboursé
RET01951,VNT052757,CLT05334,PRD0033,2022-03-17,Ne correspond pas à la description,1,1345.21,refusé
RET01952,VNT054448,CLT00798,PRD0348,2024-06-13,Mauvaise taille,1,177.9,en_traitement
RET01953,VNT016424,CLT08767,PRD0166,2022-02-01,Doublon de commande,3,782.71,remboursé
RET01954,VNT030405,CLT05340,PRD0023,2022-12-10,Ne correspond pas à la description,2,5016.26,remboursé
RET01955,VNT011786,CLT02009,PRD0121,2022-06-12,Changement d'avis,1,249.26,remboursé
RET01956,VNT034051,CLT03054,PRD0226,2024-06-01,Mauvaise taille,7,17748.29,remboursé
RET01957,VNT028130,CLT05167,PRD0218,2022-05-27,Ne correspond pas à la description,1,305.13,remboursé
RET01958,VNT017687,CLT02234,PRD0108,2023-12-15,Produit défectueux,2,362.12,remboursé
RET01959,VNT040274,CLT06444,PRD0097,2022-04-30,Arrivé endommagé,1,983.29,remboursé
RET01960,VNT017104,CLT11162,PRD0100,2023-03-21,Ne correspond pas à la description,1,1034.68,remboursé
RET01961,VNT008435,CLT00458,PRD0226,2023-05-23,Arrivé endommagé,2,5268.6,remboursé
RET01962,VNT013946,CLT06872,PRD0120,2022-02-24,Produit défectueux,1,65.85,remboursé
RET01963,VNT022531,CLT10797,PRD0251,2022-01-29,Ne correspond pas à la description,1,634.4,remboursé
RET01964,VNT032584,CLT00901,PRD0311,2024-05-03,Mauvaise taille,1,79.97,remboursé
RET01965,VNT027208,CLT03581,PRD0176,2024-08-28,Arrivé endommagé,1,1552.61,remboursé
RET01966,VNT040350,CLT07946,PRD0254,2022-05-26,Arrivé endommagé,2,277.13,refusé
RET01967,VNT000734,CLT08642,PRD0367,2023-03-14,Produit défectueux,2,555.44,remboursé
RET01968,VNT028934,CLT09591,PRD0108,2024-11-26,Produit défectueux,1,74.76,remboursé
RET01969,VNT008272,CLT03506,PRD0162,2024-05-09,Mauvaise taille,2,2466.02,remboursé
RET01970,VNT035593,CLT00196,PRD0051,2023-04-15,Mauvaise taille,1,685.58,en_traitement
RET01971,VNT049129,CLT03140,PRD0389,2022-04-12,Produit défectueux,1,734.62,remboursé
RET01972,VNT026079,CLT03504,PRD0348,2023-01-12,Arrivé endommagé,1,212.36,remboursé
RET01973,VNT014159,CLT04061,PRD0264,2023-01-23,Ne correspond pas à la description,1,602.74,remboursé
RET01974,VNT031298,CLT01835,PRD0194,2024-07-24,Ne correspond pas à la description,3,762.36,en_traitement
RET01975,VNT020733,CLT06617,PRD0121,2023-07-04,Délai de livraison dépassé,2,269.82,en_traitement
RET01976,VNT010077,CLT11675,PRD0371,2022-11-01,Produit défectueux,3,1238.62,remboursé
RET01977,VNT009934,CLT06521,PRD0357,2022-09-02,Produit défectueux,4,1673.99,en_traitement
RET01978,VNT014556,CLT02083,PRD0235,2023-12-13,Mauvaise taille,1,2455.43,refusé
RET01979,VNT025729,CLT05025,PRD0007,2022-11-17,Produit défectueux,3,2421.61,refusé
RET01980,VNT039005,CLT03172,PRD0222,2022-03-17,Produit défectueux,1,1583.29,refusé
RET01981,VNT016683,CLT11183,PRD0105,2024-04-19,Doublon de commande,1,17.66,remboursé
RET01982,VNT048981,CLT00071,PRD0242,2022-12-15,Produit défectueux,2,1343.52,refusé
RET01983,VNT012658,CLT04197,PRD0344,2023-12-01,Ne correspond pas à la description,2,861.16,en_traitement
RET01984,VNT002056,CLT03469,PRD0223,2024-08-25,Changement d'avis,1,1611.55,remboursé
RET01985,VNT049194,CLT01973,PRD0118,2023-06-06,Produit défectueux,2,150.73,remboursé
RET01986,VNT044011,CLT00128,PRD0190,2022-04-13,Changement d'avis,1,2909.62,remboursé
RET01987,VNT037860,CLT05143,PRD0087,2024-04-27,Changement d'avis,1,799.4,remboursé
RET01988,VNT037446,CLT02843,PRD0002,2022-03-06,Changement d'avis,1,3044.3,remboursé
RET01989,VNT035582,CLT08116,PRD0222,2023-07-24,Produit défectueux,2,5199.23,remboursé
RET01990,VNT017737,CLT03392,PRD0364,2024-05-26,Produit défectueux,2,634.88,remboursé
RET01991,VNT026524,CLT03852,PRD0235,2023-08-16,Doublon de commande,1,2401.96,remboursé
RET01992,VNT043475,CLT00670,PRD0015,2023-07-12,Délai de livraison dépassé,2,5891.91,remboursé
RET01993,VNT039560,CLT10202,PRD0053,2024-01-12,Mauvaise taille,1,1022.57,remboursé
RET01994,VNT017531,CLT02857,PRD0134,2024-05-07,Ne correspond pas à la description,3,461.81,en_traitement
RET01995,VNT027371,CLT06869,PRD0130,2024-12-20,Produit défectueux,1,67.16,remboursé
RET01996,VNT029684,CLT09343,PRD0366,2023-03-25,Produit défectueux,1,589.01,remboursé
RET01997,VNT000407,CLT03962,PRD0294,2023-10-07,Produit défectueux,1,172.74,remboursé
RET01998,VNT031643,CLT03928,PRD0285,2022-08-18,Arrivé endommagé,3,700.7,remboursé
RET01999,VNT045017,CLT08357,PRD0286,2023-12-23,Qualité insuffisante,1,308.78,remboursé
RET02000,VNT008071,CLT11233,PRD0280,2023-02-14,Arrivé endommagé,2,389.68,remboursé
RET02001,VNT018456,CLT04009,PRD0079,2024-02-06,Mauvaise taille,4,1732.62,en_traitement
RET02002,VNT052102,CLT07681,PRD0333,2023-08-07,Changement d'avis,9,1034.32,en_traitement
RET02003,VNT021013,CLT07702,PRD0374,2022-12-02,Produit défectueux,2,287.2,refusé
RET02004,VNT019997,CLT00175,PRD0100,2022-02-01,Produit défectueux,5,3797.83,refusé
RET02005,VNT028203,CLT10677,PRD0356,2023-08-06,Produit défectueux,1,329.54,remboursé
RET02006,VNT012584,CLT07018,PRD0078,2025-01-06,Produit défectueux,1,2105.79,remboursé
RET02007,VNT009651,CLT11849,PRD0136,2024-09-26,Délai de livraison dépassé,6,1333.04,remboursé
RET02008,VNT012626,CLT02232,PRD0333,2024-10-06,Changement d'avis,1,82.86,remboursé
RET02009,VNT009216,CLT02995,PRD0308,2023-06-14,Mauvaise taille,2,995.26,en_traitement
RET02010,VNT049245,CLT11189,PRD0388,2024-07-24,Produit défectueux,2,1074.41,remboursé
RET02011,VNT019016,CLT11755,PRD0101,2023-02-22,Changement d'avis,3,69.71,remboursé
RET02012,VNT026595,CLT04935,PRD0042,2023-01-24,Produit défectueux,1,8543.11,refusé
RET02013,VNT032315,CLT00679,PRD0397,2024-05-11,Arrivé endommagé,1,1164.08,remboursé
RET02014,VNT039797,CLT00675,PRD0378,2022-02-03,Produit défectueux,1,5779.39,remboursé
RET02015,VNT030151,CLT08914,PRD0105,2024-04-01,Produit défectueux,2,40.94,en_traitement
RET02016,VNT044457,CLT02449,PRD0285,2023-09-17,Délai de livraison dépassé,3,649.15,remboursé
RET02017,VNT034842,CLT03056,PRD0338,2023-06-08,Ne correspond pas à la description,1,159.71,remboursé
RET02018,VNT022016,CLT01262,PRD0190,2022-11-22,Ne correspond pas à la description,2,1105.75,remboursé
RET02019,VNT047937,CLT00109,PRD0057,2024-07-15,Ne correspond pas à la description,1,615.44,remboursé
RET02020,VNT015892,CLT06914,PRD0259,2023-06-05,Mauvaise taille,1,1123.53,remboursé
RET02021,VNT038189,CLT11870,PRD0316,2023-10-05,Qualité insuffisante,1,472.37,remboursé
RET02022,VNT045566,CLT04959,PRD0334,2023-06-25,Qualité insuffisante,2,126.14,remboursé
RET02023,VNT019639,CLT02582,PRD0001,2023-12-13,Changement d'avis,4,27614.2,remboursé
RET02024,VNT007475,CLT07213,PRD0181,2022-12-30,Doublon de commande,2,1847.46,remboursé
RET02025,VNT011418,CLT04767,PRD0172,2022-10-17,Arrivé endommagé,6,3463.16,remboursé
RET02026,VNT037377,CLT05993,PRD0184,2023-06-20,Ne correspond pas à la description,3,858.62,en_traitement
RET02027,VNT033076,CLT10610,PRD0314,2024-02-26,Ne correspond pas à la description,1,57.01,en_traitement
RET02028,VNT040920,CLT10713,PRD0179,2022-02-14,Ne correspond pas à la description,1,231.78,remboursé
RET02029,VNT047258,CLT03143,PRD0177,2024-11-25,Arrivé endommagé,5,2857.18,remboursé
RET02030,VNT012298,CLT05970,PRD0083,2023-04-14,Produit défectueux,1,406.89,en_traitement
RET02031,VNT050591,CLT03038,PRD0142,2024-09-20,Ne correspond pas à la description,1,27.91,remboursé
RET02032,VNT006089,CLT01207,PRD0059,2023-11-11,Mauvaise taille,1,626.69,remboursé
RET02033,VNT012276,CLT08193,PRD0301,2024-05-27,Doublon de commande,1,411.73,refusé
RET02034,VNT028170,CLT07527,PRD0211,2023-11-28,Changement d'avis,3,3211.95,en_traitement
RET02035,VNT012179,CLT01674,PRD0357,2023-09-12,Doublon de commande,1,1114.13,remboursé
RET02036,VNT004518,CLT09656,PRD0206,2024-11-02,Doublon de commande,4,6381.13,remboursé
RET02037,VNT018101,CLT01076,PRD0156,2024-01-07,Ne correspond pas à la description,2,3383.04,refusé
RET02038,VNT047043,CLT11180,PRD0020,2024-11-05,Mauvaise taille,4,22702.58,remboursé
RET02039,VNT043656,CLT09714,PRD0366,2022-08-07,Mauvaise taille,2,1487.89,remboursé
RET02040,VNT023645,CLT11582,PRD0233,2024-07-22,Produit défectueux,3,12599.14,refusé
RET02041,VNT017545,CLT10033,PRD0282,2022-12-10,Produit défectueux,1,181.03,remboursé
RET02042,VNT041741,CLT04993,PRD0250,2024-03-23,Doublon de commande,4,314.57,remboursé
RET02043,VNT014783,CLT05432,PRD0109,2023-05-22,Ne correspond pas à la description,1,394.91,remboursé
RET02044,VNT005687,CLT06220,PRD0037,2023-08-07,Arrivé endommagé,1,4926.71,remboursé
RET02045,VNT033525,CLT06400,PRD0080,2024-04-03,Qualité insuffisante,1,355.32,refusé
RET02046,VNT014026,CLT11215,PRD0355,2024-12-22,Ne correspond pas à la description,1,688.11,remboursé
RET02047,VNT025819,CLT08348,PRD0240,2024-11-04,Changement d'avis,2,4329.65,en_traitement
RET02048,VNT012558,CLT03920,PRD0150,2025-01-02,Délai de livraison dépassé,2,164.42,remboursé
RET02049,VNT044156,CLT03812,PRD0207,2024-06-15,Ne correspond pas à la description,4,3048.45,remboursé
RET02050,VNT011319,CLT11832,PRD0329,2023-10-20,Ne correspond pas à la description,1,280.25,remboursé
RET02051,VNT053576,CLT07644,PRD0166,2022-08-08,Mauvaise taille,3,759.11,remboursé
RET02052,VNT048978,CLT00077,PRD0357,2024-03-06,Changement d'avis,1,294.52,remboursé
RET02053,VNT047872,CLT08070,PRD0169,2023-04-18,Qualité insuffisante,2,506.28,refusé
RET02054,VNT025798,CLT11789,PRD0338,2024-10-12,Mauvaise taille,1,89.08,en_traitement
RET02055,VNT024968,CLT05835,PRD0309,2024-11-10,Mauvaise taille,1,229.25,en_traitement
RET02056,VNT012163,CLT09611,PRD0297,2022-04-28,Mauvaise taille,1,659.86,remboursé
RET02057,VNT040706,CLT03280,PRD0088,2022-12-25,Mauvaise taille,1,115.52,remboursé
RET02058,VNT041331,CLT09687,PRD0190,2024-10-30,Ne correspond pas à la description,1,2713.16,en_traitement
RET02059,VNT028000,CLT10120,PRD0273,2024-10-27,Produit défectueux,1,639.27,remboursé
RET02060,VNT048548,CLT11603,PRD0174,2023-09-29,Ne correspond pas à la description,1,2278.95,en_traitement
RET02061,VNT053578,CLT10695,PRD0137,2023-05-25,Doublon de commande,1,22.16,remboursé
RET02062,VNT051172,CLT01421,PRD0315,2024-08-16,Délai de livraison dépassé,2,228.57,en_traitement
RET02063,VNT027511,CLT11782,PRD0220,2023-06-28,Ne correspond pas à la description,2,5444.78,en_traitement
RET02064,VNT033089,CLT10215,PRD0237,2022-01-31,Changement d'avis,2,7356.6,refusé
RET02065,VNT037771,CLT09692,PRD0136,2022-12-12,Arrivé endommagé,1,608.64,remboursé
RET02066,VNT053456,CLT04225,PRD0030,2022-08-02,Qualité insuffisante,1,1547.21,remboursé
RET02067,VNT016871,CLT08244,PRD0089,2023-05-11,Changement d'avis,1,643.86,en_traitement
RET02068,VNT001848,CLT00422,PRD0286,2023-08-21,Produit défectueux,3,1343.87,remboursé
RET02069,VNT001454,CLT04723,PRD0287,2022-12-13,Changement d'avis,7,663.77,remboursé
RET02070,VNT034978,CLT01256,PRD0392,2022-01-22,Mauvaise taille,1,812.41,remboursé
RET02071,VNT028206,CLT04795,PRD0299,2024-05-27,Changement d'avis,1,350.53,remboursé
RET02072,VNT035602,CLT11287,PRD0198,2024-03-12,Arrivé endommagé,2,1656.83,remboursé
RET02073,VNT023368,CLT07421,PRD0036,2023-06-01,Délai de livraison dépassé,1,1828.49,remboursé
RET02074,VNT031560,CLT02832,PRD0127,2023-08-21,Produit défectueux,4,571.7,refusé
RET02075,VNT049600,CLT10046,PRD0011,2023-12-12,Délai de livraison dépassé,2,3818.35,remboursé
RET02076,VNT030592,CLT08838,PRD0010,2022-06-03,Ne correspond pas à la description,2,5483.84,refusé
RET02077,VNT030330,CLT03895,PRD0109,2024-09-07,Produit défectueux,1,246.98,refusé
RET02078,VNT033542,CLT06693,PRD0364,2022-08-19,Changement d'avis,1,181.28,en_traitement
RET02079,VNT033777,CLT09754,PRD0085,2024-03-27,Ne correspond pas à la description,3,767.37,remboursé
RET02080,VNT022837,CLT09410,PRD0115,2024-08-01,Produit défectueux,1,148.12,remboursé
RET02081,VNT005564,CLT07729,PRD0063,2023-02-01,Arrivé endommagé,2,779.84,en_traitement
RET02082,VNT041076,CLT02676,PRD0081,2023-04-09,Arrivé endommagé,1,505.71,refusé
RET02083,VNT042531,CLT01188,PRD0369,2024-01-03,Changement d'avis,1,237.52,remboursé
RET02084,VNT015854,CLT10743,PRD0240,2022-09-12,Produit défectueux,6,8765.19,remboursé
RET02085,VNT000731,CLT04115,PRD0386,2023-10-26,Mauvaise taille,3,689.19,remboursé
RET02086,VNT048768,CLT01431,PRD0155,2022-07-16,Qualité insuffisante,3,1050.33,remboursé
RET02087,VNT038698,CLT04360,PRD0232,2024-04-09,Doublon de commande,1,2083.42,refusé
RET02088,VNT020708,CLT10370,PRD0250,2025-01-23,Arrivé endommagé,5,515.31,remboursé
RET02089,VNT043412,CLT09043,PRD0329,2023-05-22,Ne correspond pas à la description,2,388.56,remboursé
RET02090,VNT027975,CLT06951,PRD0218,2024-08-07,Ne correspond pas à la description,1,1465.09,en_traitement
RET02091,VNT027666,CLT01872,PRD0086,2022-05-20,Ne correspond pas à la description,4,559.31,refusé
RET02092,VNT013044,CLT07670,PRD0231,2023-03-30,Ne correspond pas à la description,1,971.54,refusé
RET02093,VNT026545,CLT02722,PRD0039,2022-10-28,Ne correspond pas à la description,1,5315.26,remboursé
RET02094,VNT041292,CLT04401,PRD0384,2022-12-12,Mauvaise taille,1,1222.79,remboursé
RET02095,VNT033838,CLT02400,PRD0097,2025-01-09,Produit défectueux,2,1005.23,remboursé
RET02096,VNT004868,CLT08379,PRD0070,2023-10-12,Ne correspond pas à la description,1,927.73,remboursé
RET02097,VNT033695,CLT09766,PRD0309,2023-11-21,Mauvaise taille,1,222.12,remboursé
RET02098,VNT052583,CLT11708,PRD0267,2022-04-12,Produit défectueux,1,326.76,remboursé
RET02099,VNT052698,CLT03442,PRD0017,2022-08-04,Arrivé endommagé,4,18370.35,remboursé
RET02100,VNT030288,CLT07950,PRD0204,2023-05-09,Doublon de commande,1,204.23,remboursé
RET02101,VNT015989,CLT06637,PRD0260,2022-10-26,Changement d'avis,2,303.39,remboursé
RET02102,VNT034069,CLT08032,PRD0208,2023-10-26,Doublon de commande,1,4088.7,remboursé
RET02103,VNT041704,CLT08681,PRD0059,2022-11-19,Produit défectueux,3,1776.17,remboursé
RET02104,VNT023067,CLT11359,PRD0259,2024-11-08,Changement d'avis,2,1020.79,remboursé
RET02105,VNT020534,CLT07376,PRD0382,2024-04-28,Mauvaise taille,1,291.85,remboursé
RET02106,VNT021420,CLT04335,PRD0220,2022-09-11,Ne correspond pas à la description,1,2814.92,remboursé
RET02107,VNT010455,CLT03064,PRD0022,2023-11-11,Arrivé endommagé,2,1035.48,remboursé
RET02108,VNT041163,CLT07332,PRD0238,2023-12-21,Ne correspond pas à la description,5,20890.88,remboursé
RET02109,VNT015946,CLT00701,PRD0302,2023-11-13,Produit défectueux,1,146.4,remboursé
RET02110,VNT002402,CLT01895,PRD0038,2024-01-02,Mauvaise taille,2,4675.41,remboursé
RET02111,VNT003259,CLT01080,PRD0157,2024-10-20,Délai de livraison dépassé,2,938.97,remboursé
RET02112,VNT052603,CLT06738,PRD0078,2022-05-06,Produit défectueux,1,573.9,remboursé
RET02113,VNT002768,CLT03879,PRD0017,2022-03-16,Changement d'avis,2,9076.55,remboursé
RET02114,VNT029424,CLT07231,PRD0196,2023-10-15,Ne correspond pas à la description,1,150.36,en_traitement
RET02115,VNT053900,CLT01909,PRD0344,2022-04-23,Changement d'avis,1,798.6,remboursé
RET02116,VNT035596,CLT03991,PRD0218,2022-07-16,Mauvaise taille,3,745.06,remboursé
RET02117,VNT035198,CLT00068,PRD0032,2022-11-28,Changement d'avis,2,2744.43,remboursé
RET02118,VNT037137,CLT10152,PRD0026,2022-09-01,Arrivé endommagé,1,2320.37,remboursé
RET02119,VNT019611,CLT11035,PRD0126,2023-10-30,Produit défectueux,1,245.4,remboursé
RET02120,VNT018617,CLT02034,PRD0306,2023-04-09,Produit défectueux,1,205.42,remboursé
RET02121,VNT046422,CLT04256,PRD0099,2023-11-11,Produit défectueux,2,831.16,remboursé
RET02122,VNT030929,CLT11125,PRD0111,2022-03-24,Délai de livraison dépassé,4,370.91,remboursé
RET02123,VNT048910,CLT10170,PRD0160,2023-02-22,Ne correspond pas à la description,5,4595.06,refusé
RET02124,VNT019886,CLT03163,PRD0080,2023-09-14,Ne correspond pas à la description,1,806.17,en_traitement
RET02125,VNT020958,CLT03144,PRD0043,2022-12-21,Mauvaise taille,1,5930.43,remboursé
RET02126,VNT037800,CLT03384,PRD0049,2023-04-16,Mauvaise taille,1,19492.3,remboursé
RET02127,VNT004006,CLT02510,PRD0086,2024-07-11,Mauvaise taille,7,1032.35,remboursé
RET02128,VNT006021,CLT05238,PRD0196,2024-11-18,Produit défectueux,1,148.69,remboursé
RET02129,VNT044767,CLT11358,PRD0265,2022-08-23,Ne correspond pas à la description,1,338.44,refusé
RET02130,VNT046001,CLT09441,PRD0020,2023-04-24,Produit défectueux,1,3104.24,en_traitement
RET02131,VNT029535,CLT03013,PRD0360,2023-08-03,Changement d'avis,1,475.06,remboursé
RET02132,VNT042842,CLT10308,PRD0213,2022-02-27,Produit défectueux,1,2129.0,remboursé
RET02133,VNT009931,CLT08683,PRD0172,2022-09-30,Changement d'avis,3,1289.92,remboursé
RET02134,VNT041016,CLT02413,PRD0111,2022-02-20,Mauvaise taille,1,104.85,remboursé
RET02135,VNT029344,CLT06354,PRD0037,2022-02-20,Produit défectueux,1,2088.34,remboursé
RET02136,VNT022385,CLT03106,PRD0090,2023-09-19,Arrivé endommagé,2,1453.38,remboursé
RET02137,VNT051680,CLT06290,PRD0370,2024-03-02,Délai de livraison dépassé,2,236.0,refusé
RET02138,VNT038601,CLT05957,PRD0363,2024-07-09,Doublon de commande,1,808.77,refusé
RET02139,VNT019879,CLT11469,PRD0194,2024-12-22,Ne correspond pas à la description,2,683.09,remboursé
RET02140,VNT054978,CLT11077,PRD0205,2024-10-21,Ne correspond pas à la description,1,1524.54,remboursé
RET02141,VNT001888,CLT01737,PRD0221,2024-11-25,Produit défectueux,1,59.8,remboursé
RET02142,VNT028501,CLT06079,PRD0377,2024-08-17,Mauvaise taille,1,447.8,remboursé
RET02143,VNT027206,CLT02773,PRD0251,2024-11-29,Mauvaise taille,1,210.29,remboursé
RET02144,VNT029240,CLT01665,PRD0112,2024-12-08,Produit défectueux,5,796.25,remboursé
RET02145,VNT005399,CLT06214,PRD0148,2024-06-25,Arrivé endommagé,2,368.04,remboursé
RET02146,VNT040666,CLT05295,PRD0263,2024-11-04,Changement d'avis,2,1733.14,remboursé
RET02147,VNT006925,CLT02019,PRD0113,2023-11-03,Ne correspond pas à la description,2,200.2,refusé
RET02148,VNT006834,CLT04877,PRD0044,2022-04-28,Produit défectueux,1,10017.63,remboursé
RET02149,VNT026621,CLT11665,PRD0029,2022-09-22,Mauvaise taille,4,10581.55,remboursé
RET02150,VNT031969,CLT01024,PRD0327,2024-01-09,Changement d'avis,1,197.86,refusé
RET02151,VNT003475,CLT08583,PRD0185,2023-10-06,Arrivé endommagé,1,740.2,remboursé
RET02152,VNT050686,CLT06368,PRD0286,2024-08-10,Produit défectueux,2,663.93,remboursé
RET02153,VNT046004,CLT06604,PRD0134,2024-08-22,Ne correspond pas à la description,1,62.39,remboursé
RET02154,VNT014618,CLT05169,PRD0212,2022-10-19,Arrivé endommagé,2,5568.95,remboursé
RET02155,VNT007762,CLT03259,PRD0139,2023-02-05,Arrivé endommagé,7,822.43,refusé
RET02156,VNT004892,CLT11019,PRD0186,2024-11-09,Mauvaise taille,3,3093.78,remboursé
RET02157,VNT011633,CLT10146,PRD0278,2024-05-27,Mauvaise taille,3,433.61,remboursé
RET02158,VNT003303,CLT07926,PRD0034,2024-09-01,Mauvaise taille,1,3654.59,remboursé
RET02159,VNT004102,CLT05906,PRD0288,2023-08-03,Mauvaise taille,1,1187.92,remboursé
RET02160,VNT008255,CLT03530,PRD0259,2022-08-19,Ne correspond pas à la description,1,2320.1,remboursé
RET02161,VNT022597,CLT06323,PRD0368,2024-09-22,Produit défectueux,1,814.38,remboursé
RET02162,VNT046434,CLT01702,PRD0039,2022-08-19,Ne correspond pas à la description,4,14415.12,en_traitement
RET02163,VNT007667,CLT08030,PRD0388,2024-12-29,Qualité insuffisante,1,895.6,remboursé
RET02164,VNT041617,CLT05219,PRD0342,2025-01-04,Mauvaise taille,2,347.64,en_traitement
RET02165,VNT029519,CLT00943,PRD0190,2023-10-15,Mauvaise taille,1,1164.17,refusé
RET02166,VNT053258,CLT10411,PRD0340,2023-03-02,Ne correspond pas à la description,4,949.3,remboursé
RET02167,VNT028401,CLT08118,PRD0100,2024-03-15,Mauvaise taille,1,626.56,remboursé
RET02168,VNT002386,CLT09778,PRD0044,2023-06-17,Changement d'avis,1,1646.57,remboursé
RET02169,VNT054851,CLT03448,PRD0223,2024-01-30,Arrivé endommagé,1,1726.56,refusé
RET02170,VNT002719,CLT10676,PRD0060,2022-07-01,Mauvaise taille,5,1261.1,remboursé
RET02171,VNT051586,CLT06304,PRD0116,2022-07-14,Changement d'avis,1,270.8,en_traitement
RET02172,VNT026087,CLT00530,PRD0003,2022-01-20,Ne correspond pas à la description,6,4354.48,remboursé
RET02173,VNT023886,CLT07426,PRD0287,2024-06-05,Ne correspond pas à la description,1,67.23,remboursé
RET02174,VNT041797,CLT02546,PRD0020,2024-03-05,Ne correspond pas à la description,3,7653.82,remboursé
RET02175,VNT039595,CLT01594,PRD0385,2024-02-12,Doublon de commande,3,1219.21,remboursé
RET02176,VNT053036,CLT01663,PRD0155,2023-12-29,Produit défectueux,1,350.34,en_traitement
RET02177,VNT002787,CLT07182,PRD0285,2023-03-19,Produit défectueux,1,125.02,remboursé
RET02178,VNT005023,CLT08728,PRD0133,2024-01-26,Mauvaise taille,4,408.62,remboursé
RET02179,VNT018134,CLT02462,PRD0279,2022-10-30,Qualité insuffisante,1,85.06,remboursé
RET02180,VNT048399,CLT06643,PRD0150,2024-09-06,Produit défectueux,1,68.61,remboursé
RET02181,VNT034655,CLT02350,PRD0274,2023-01-30,Ne correspond pas à la description,2,2416.72,remboursé
RET02182,VNT052726,CLT10904,PRD0239,2022-05-18,Ne correspond pas à la description,1,2286.51,remboursé
RET02183,VNT034851,CLT04428,PRD0027,2023-06-01,Changement d'avis,2,3255.35,remboursé
RET02184,VNT024946,CLT03578,PRD0217,2024-12-02,Changement d'avis,2,883.06,remboursé
RET02185,VNT038769,CLT05562,PRD0343,2023-05-15,Mauvaise taille,2,867.48,remboursé
RET02186,VNT029639,CLT03078,PRD0376,2022-06-01,Produit défectueux,1,1421.43,remboursé
RET02187,VNT044554,CLT02030,PRD0315,2024-10-15,Arrivé endommagé,1,121.53,remboursé
RET02188,VNT000032,CLT03771,PRD0214,2023-10-29,Produit défectueux,1,2013.02,remboursé
RET02189,VNT043924,CLT10296,PRD0075,2024-04-25,Mauvaise taille,2,602.04,remboursé
RET02190,VNT028743,CLT01895,PRD0045,2023-11-11,Ne correspond pas à la description,1,950.49,remboursé
RET02191,VNT007901,CLT07040,PRD0240,2022-03-21,Arrivé endommagé,2,3802.31,remboursé
RET02192,VNT008154,CLT03122,PRD0206,2024-08-20,Produit défectueux,1,1922.56,remboursé
RET02193,VNT043461,CLT04300,PRD0232,2023-01-07,Arrivé endommagé,2,4424.4,remboursé
RET02194,VNT017551,CLT04891,PRD0220,2023-02-12,Produit défectueux,1,2513.4,refusé
RET02195,VNT022283,CLT03108,PRD0144,2024-05-30,Produit défectueux,1,245.56,remboursé
RET02196,VNT050761,CLT05354,PRD0314,2022-04-05,Ne correspond pas à la description,2,81.18,remboursé
RET02197,VNT037425,CLT03427,PRD0400,2024-05-20,Ne correspond pas à la description,2,578.4,remboursé
RET02198,VNT043476,CLT03954,PRD0145,2022-11-08,Mauvaise taille,3,62.77,remboursé
RET02199,VNT052512,CLT06071,PRD0098,2023-11-15,Arrivé endommagé,4,2122.76,remboursé
RET02200,VNT023947,CLT05384,PRD0357,2024-03-19,Arrivé endommagé,2,573.9,en_traitement
RET02201,VNT037106,CLT04043,PRD0061,2023-03-23,Qualité insuffisante,1,635.31,remboursé
RET02202,VNT018352,CLT09671,PRD0148,2022-09-05,Produit défectueux,1,129.79,remboursé
RET02203,VNT000581,CLT10185,PRD0135,2024-03-16,Arrivé endommagé,3,223.18,remboursé
RET02204,VNT053042,CLT11583,PRD0284,2022-06-18,Arrivé endommagé,2,103.36,en_traitement
RET02205,VNT014884,CLT01299,PRD0349,2023-01-27,Mauvaise taille,1,89.03,en_traitement
RET02206,VNT007362,CLT09730,PRD0221,2024-11-18,Produit défectueux,1,56.97,remboursé
RET02207,VNT038070,CLT00239,PRD0099,2023-02-06,Changement d'avis,1,1009.24,remboursé
RET02208,VNT020078,CLT00539,PRD0117,2023-12-14,Ne correspond pas à la description,2,245.31,refusé
RET02209,VNT016786,CLT02600,PRD0383,2023-01-02,Changement d'avis,1,341.26,remboursé
RET02210,VNT005308,CLT08393,PRD0151,2024-10-05,Changement d'avis,1,542.55,en_traitement
RET02211,VNT024554,CLT11182,PRD0257,2023-08-04,Mauvaise taille,4,1635.07,remboursé
RET02212,VNT013045,CLT03692,PRD0333,2023-01-30,Ne correspond pas à la description,3,349.89,remboursé
RET02213,VNT029493,CLT07650,PRD0222,2024-10-20,Ne correspond pas à la description,2,3868.47,remboursé
RET02214,VNT019467,CLT07132,PRD0096,2023-03-27,Produit défectueux,1,351.32,remboursé
RET02215,VNT025903,CLT04493,PRD0286,2022-02-06,Mauvaise taille,1,322.02,refusé
RET02216,VNT006598,CLT03257,PRD0087,2023-08-09,Arrivé endommagé,1,781.71,remboursé
RET02217,VNT041429,CLT05737,PRD0033,2024-09-19,Mauvaise taille,1,1330.62,remboursé
RET02218,VNT020166,CLT02042,PRD0193,2022-03-10,Ne correspond pas à la description,2,2210.88,remboursé
RET02219,VNT045962,CLT04522,PRD0069,2024-08-15,Ne correspond pas à la description,8,3367.44,en_traitement
RET02220,VNT032953,CLT02670,PRD0267,2023-11-05,Produit défectueux,1,420.18,remboursé
RET02221,VNT033061,CLT10429,PRD0320,2022-10-27,Mauvaise taille,5,258.27,refusé
RET02222,VNT034517,CLT02556,PRD0154,2022-04-20,Ne correspond pas à la description,1,168.4,remboursé
RET02223,VNT052287,CLT09893,PRD0156,2022-02-05,Changement d'avis,2,1412.22,remboursé
RET02224,VNT036977,CLT01946,PRD0348,2024-04-15,Produit défectueux,1,170.07,remboursé
RET02225,VNT001415,CLT07408,PRD0058,2022-11-30,Qualité insuffisante,2,2237.24,remboursé
RET02226,VNT022868,CLT11072,PRD0341,2024-01-12,Ne correspond pas à la description,2,181.44,remboursé
RET02227,VNT033363,CLT03658,PRD0296,2023-07-16,Ne correspond pas à la description,3,837.6,remboursé
RET02228,VNT042620,CLT02492,PRD0015,2023-06-05,Arrivé endommagé,1,1507.36,remboursé
RET02229,VNT005468,CLT10329,PRD0043,2023-07-27,Mauvaise taille,1,3085.12,en_traitement
RET02230,VNT029269,CLT07339,PRD0129,2023-12-11,Mauvaise taille,3,90.38,en_traitement
RET02231,VNT029730,CLT09703,PRD0361,2024-10-10,Ne correspond pas à la description,2,894.67,remboursé
RET02232,VNT021409,CLT04294,PRD0206,2024-02-01,Ne correspond pas à la description,2,2801.42,remboursé
RET02233,VNT045902,CLT06287,PRD0364,2023-10-05,Arrivé endommagé,1,179.96,remboursé
RET02234,VNT015242,CLT03143,PRD0357,2022-07-07,Changement d'avis,1,304.68,remboursé
RET02235,VNT009896,CLT10831,PRD0349,2022-07-19,Ne correspond pas à la description,1,73.61,remboursé
RET02236,VNT040422,CLT00525,PRD0189,2023-11-12,Ne correspond pas à la description,6,554.62,refusé
RET02237,VNT053559,CLT08688,PRD0372,2024-01-25,Mauvaise taille,1,1182.42,refusé
RET02238,VNT042718,CLT09208,PRD0221,2023-11-27,Produit défectueux,4,409.6,remboursé
RET02239,VNT007676,CLT10405,PRD0259,2022-06-11,Produit défectueux,3,1020.92,refusé
RET02240,VNT009311,CLT06151,PRD0371,2023-04-03,Produit défectueux,2,1505.35,remboursé
RET02241,VNT029061,CLT11241,PRD0183,2023-05-04,Doublon de commande,1,802.08,remboursé
RET02242,VNT028754,CLT03622,PRD0058,2023-07-18,Mauvaise taille,3,2342.77,remboursé
RET02243,VNT035988,CLT02001,PRD0111,2022-06-16,Ne correspond pas à la description,1,80.15,remboursé
RET02244,VNT048343,CLT11085,PRD0091,2024-06-13,Produit défectueux,1,182.83,remboursé
RET02245,VNT050471,CLT11357,PRD0365,2022-11-27,Ne correspond pas à la description,2,1319.0,remboursé
RET02246,VNT032635,CLT01107,PRD0263,2023-07-26,Produit défectueux,1,270.84,remboursé
RET02247,VNT033390,CLT04577,PRD0326,2022-10-06,Ne correspond pas à la description,4,1146.25,remboursé
RET02248,VNT012784,CLT08527,PRD0256,2024-08-07,Ne correspond pas à la description,2,782.89,remboursé
RET02249,VNT044003,CLT06602,PRD0161,2023-09-23,Mauvaise taille,1,2102.05,remboursé
RET02250,VNT039368,CLT01509,PRD0277,2024-05-03,Ne correspond pas à la description,1,400.8,remboursé
RET02251,VNT037048,CLT05787,PRD0129,2022-04-13,Arrivé endommagé,7,257.13,remboursé
RET02252,VNT051298,CLT04856,PRD0323,2022-03-18,Produit défectueux,1,165.21,remboursé
RET02253,VNT007804,CLT06109,PRD0324,2022-06-26,Produit défectueux,4,736.23,remboursé
RET02254,VNT019852,CLT06789,PRD0353,2024-10-28,Mauvaise taille,1,580.53,remboursé
RET02255,VNT047372,CLT09007,PRD0279,2024-11-22,Produit défectueux,1,92.52,remboursé
RET02256,VNT005250,CLT09034,PRD0334,2023-04-13,Délai de livraison dépassé,3,152.06,remboursé
RET02257,VNT016417,CLT01413,PRD0122,2022-09-25,Changement d'avis,1,543.29,en_traitement
RET02258,VNT050081,CLT11921,PRD0139,2024-05-29,Produit défectueux,8,555.76,remboursé
RET02259,VNT042060,CLT00989,PRD0118,2022-09-29,Doublon de commande,1,77.89,remboursé
RET02260,VNT030959,CLT08139,PRD0070,2022-10-21,Produit défectueux,2,1876.39,remboursé
RET02261,VNT023586,CLT00292,PRD0205,2024-04-28,Produit défectueux,2,6321.01,en_traitement
RET02262,VNT017027,CLT01206,PRD0267,2023-04-21,Mauvaise taille,2,289.68,remboursé
RET02263,VNT019410,CLT11911,PRD0199,2022-07-24,Changement d'avis,1,562.5,remboursé
RET02264,VNT033185,CLT10638,PRD0358,2023-07-25,Délai de livraison dépassé,1,40.68,remboursé
RET02265,VNT028429,CLT00661,PRD0230,2024-03-26,Changement d'avis,2,2118.75,remboursé
RET02266,VNT033369,CLT05587,PRD0319,2024-07-17,Produit défectueux,1,310.32,en_traitement
RET02267,VNT016453,CLT07756,PRD0115,2023-06-29,Délai de livraison dépassé,3,470.43,remboursé
RET02268,VNT007251,CLT11099,PRD0010,2022-09-26,Produit défectueux,4,12270.02,remboursé
RET02269,VNT004202,CLT09024,PRD0159,2023-12-19,Ne correspond pas à la description,2,1030.5,remboursé
RET02270,VNT000254,CLT01551,PRD0042,2023-12-28,Arrivé endommagé,1,3852.81,refusé
RET02271,VNT004271,CLT01600,PRD0031,2024-12-01,Doublon de commande,5,20108.13,remboursé
RET02272,VNT041662,CLT08399,PRD0005,2023-03-25,Qualité insuffisante,6,5266.62,en_traitement
RET02273,VNT051437,CLT03429,PRD0324,2022-07-10,Changement d'avis,1,153.06,remboursé
RET02274,VNT020461,CLT11638,PRD0224,2024-08-01,Doublon de commande,1,3890.02,remboursé
RET02275,VNT021173,CLT03111,PRD0123,2023-12-15,Produit défectueux,2,183.71,remboursé
RET02276,VNT052056,CLT09390,PRD0228,2023-10-12,Produit défectueux,2,635.67,remboursé
RET02277,VNT026469,CLT06884,PRD0196,2023-10-05,Arrivé endommagé,1,126.09,remboursé
RET02278,VNT035180,CLT02200,PRD0112,2022-03-14,Changement d'avis,1,305.57,remboursé
RET02279,VNT047163,CLT08497,PRD0270,2024-08-14,Produit défectueux,2,384.02,remboursé
RET02280,VNT002301,CLT08786,PRD0005,2023-01-12,Arrivé endommagé,1,2703.27,refusé
RET02281,VNT013543,CLT02202,PRD0313,2024-08-14,Mauvaise taille,3,443.93,remboursé
RET02282,VNT032034,CLT06865,PRD0217,2022-02-09,Mauvaise taille,1,559.49,remboursé
RET02283,VNT032202,CLT10676,PRD0313,2024-04-01,Mauvaise taille,1,108.37,en_traitement
RET02284,VNT039599,CLT07494,PRD0055,2022-03-07,Produit défectueux,1,679.42,remboursé
RET02285,VNT050759,CLT06877,PRD0108,2023-12-03,Arrivé endommagé,1,55.02,remboursé
RET02286,VNT008872,CLT05359,PRD0259,2024-11-23,Changement d'avis,1,346.1,remboursé
RET02287,VNT010499,CLT11638,PRD0209,2022-10-06,Qualité insuffisante,2,1277.41,refusé
RET02288,VNT046911,CLT03276,PRD0326,2024-06-10,Changement d'avis,1,136.13,remboursé
RET02289,VNT007437,CLT06481,PRD0280,2023-12-03,Ne correspond pas à la description,2,292.23,remboursé
RET02290,VNT031158,CLT05924,PRD0261,2024-09-11,Mauvaise taille,2,1049.61,remboursé
RET02291,VNT046657,CLT09174,PRD0194,2024-06-09,Doublon de commande,1,289.79,remboursé
RET02292,VNT053741,CLT06811,PRD0115,2024-08-24,Produit défectueux,4,562.05,remboursé
RET02293,VNT041065,CLT02381,PRD0276,2024-11-22,Mauvaise taille,3,1141.64,refusé
RET02294,VNT044282,CLT10827,PRD0119,2022-05-11,Produit défectueux,2,194.58,remboursé
RET02295,VNT028786,CLT01592,PRD0126,2024-06-16,Produit défectueux,2,302.85,en_traitement
RET02296,VNT004135,CLT00911,PRD0175,2024-08-10,Changement d'avis,1,612.82,en_traitement
RET02297,VNT043566,CLT02165,PRD0157,2023-01-06,Ne correspond pas à la description,1,173.54,remboursé
RET02298,VNT019401,CLT06704,PRD0245,2023-03-13,Produit défectueux,3,3953.08,en_traitement
RET02299,VNT006518,CLT00759,PRD0210,2022-10-23,Arrivé endommagé,2,149.84,remboursé
RET02300,VNT010075,CLT05960,PRD0153,2023-07-05,Ne correspond pas à la description,1,88.73,remboursé
RET02301,VNT011185,CLT05144,PRD0339,2023-11-04,Arrivé endommagé,1,553.53,remboursé
RET02302,VNT018534,CLT01847,PRD0202,2024-03-15,Produit défectueux,1,1440.12,remboursé
RET02303,VNT038298,CLT02350,PRD0124,2023-03-04,Arrivé endommagé,1,221.77,remboursé
RET02304,VNT045599,CLT06652,PRD0341,2024-11-23,Ne correspond pas à la description,2,158.98,remboursé
RET02305,VNT021906,CLT06724,PRD0050,2024-08-30,Arrivé endommagé,1,11710.7,remboursé
RET02306,VNT020256,CLT10139,PRD0363,2025-01-09,Ne correspond pas à la description,4,1431.26,remboursé
RET02307,VNT018711,CLT07624,PRD0349,2023-02-28,Produit défectueux,3,379.34,remboursé
RET02308,VNT033172,CLT11349,PRD0346,2024-10-01,Qualité insuffisante,1,244.4,refusé
RET02309,VNT036818,CLT02776,PRD0132,2024-12-21,Doublon de commande,1,128.62,remboursé
RET02310,VNT037826,CLT11953,PRD0235,2023-11-18,Produit défectueux,1,7777.73,remboursé
RET02311,VNT041766,CLT05994,PRD0169,2022-11-24,Changement d'avis,1,177.25,remboursé
RET02312,VNT006497,CLT08521,PRD0132,2024-05-22,Produit défectueux,2,337.36,remboursé
RET02313,VNT046617,CLT08658,PRD0038,2024-01-28,Mauvaise taille,1,3529.77,remboursé
RET02314,VNT036307,CLT04304,PRD0119,2024-09-09,Ne correspond pas à la description,1,71.74,remboursé
RET02315,VNT029072,CLT09175,PRD0166,2023-06-03,Qualité insuffisante,1,201.78,remboursé
RET02316,VNT035526,CLT00030,PRD0142,2022-01-25,Ne correspond pas à la description,1,11.93,refusé
RET02317,VNT050508,CLT05483,PRD0276,2024-03-11,Ne correspond pas à la description,1,1629.55,remboursé
RET02318,VNT027118,CLT00139,PRD0378,2023-03-18,Ne correspond pas à la description,2,1766.3,en_traitement
RET02319,VNT050774,CLT03832,PRD0108,2023-06-09,Mauvaise taille,4,304.67,remboursé
RET02320,VNT039090,CLT10502,PRD0105,2024-07-23,Arrivé endommagé,1,16.46,remboursé
RET02321,VNT045915,CLT08304,PRD0074,2024-05-14,Arrivé endommagé,1,171.66,remboursé
RET02322,VNT048064,CLT08553,PRD0361,2024-12-31,Produit défectueux,1,385.71,remboursé
RET02323,VNT038450,CLT06555,PRD0224,2023-11-26,Qualité insuffisante,1,2109.81,remboursé
RET02324,VNT003016,CLT06157,PRD0254,2023-07-07,Arrivé endommagé,3,415.06,refusé
RET02325,VNT011879,CLT05291,PRD0166,2023-01-13,Arrivé endommagé,1,239.45,refusé
RET02326,VNT047385,CLT04753,PRD0101,2023-02-23,Changement d'avis,1,26.29,remboursé
RET02327,VNT024014,CLT00577,PRD0118,2024-02-25,Produit défectueux,3,263.5,remboursé
RET02328,VNT025767,CLT04771,PRD0128,2022-11-24,Ne correspond pas à la description,1,116.9,remboursé
RET02329,VNT038868,CLT06968,PRD0227,2024-09-11,Mauvaise taille,2,6781.75,remboursé
RET02330,VNT053709,CLT00577,PRD0297,2023-05-03,Mauvaise taille,6,3045.87,en_traitement
RET02331,VNT039284,CLT00745,PRD0275,2024-10-09,Arrivé endommagé,3,186.14,remboursé
RET02332,VNT052238,CLT11570,PRD0277,2024-01-28,Arrivé endommagé,3,1121.76,en_traitement
RET02333,VNT042924,CLT02985,PRD0140,2022-05-14,Ne correspond pas à la description,2,435.09,remboursé
RET02334,VNT042358,CLT03956,PRD0052,2022-02-10,Arrivé endommagé,2,1705.46,refusé
RET02335,VNT032770,CLT09785,PRD0110,2022-09-12,Produit défectueux,5,138.57,remboursé
RET02336,VNT018283,CLT02376,PRD0341,2024-08-25,Produit défectueux,1,390.83,remboursé
RET02337,VNT053091,CLT05953,PRD0339,2022-10-01,Doublon de commande,1,155.19,remboursé
RET02338,VNT010133,CLT06424,PRD0251,2022-06-05,Ne correspond pas à la description,1,126.43,remboursé
RET02339,VNT002270,CLT01804,PRD0183,2024-03-25,Produit défectueux,2,1614.55,remboursé
RET02340,VNT010907,CLT06962,PRD0093,2022-10-20,Produit défectueux,3,739.79,refusé
RET02341,VNT054450,CLT10407,PRD0134,2024-07-06,Produit défectueux,1,87.41,en_traitement
RET02342,VNT012799,CLT06198,PRD0169,2024-07-20,Changement d'avis,1,240.64,en_traitement
RET02343,VNT033233,CLT01890,PRD0050,2023-02-28,Produit défectueux,2,6171.94,remboursé
RET02344,VNT016259,CLT06822,PRD0186,2022-02-20,Arrivé endommagé,1,4245.07,remboursé
RET02345,VNT022186,CLT10526,PRD0110,2022-01-31,Mauvaise taille,1,59.24,remboursé
RET02346,VNT052543,CLT06484,PRD0182,2023-09-18,Arrivé endommagé,1,1100.72,remboursé
RET02347,VNT020953,CLT07162,PRD0158,2024-06-01,Délai de livraison dépassé,1,493.01,remboursé
RET02348,VNT026914,CLT10046,PRD0393,2023-01-21,Produit défectueux,1,2631.08,en_traitement
RET02349,VNT000978,CLT07596,PRD0083,2024-08-22,Doublon de commande,1,448.1,en_traitement
RET02350,VNT029702,CLT11828,PRD0183,2024-04-23,Ne correspond pas à la description,4,6654.98,en_traitement
RET02351,VNT028836,CLT09939,PRD0200,2022-09-17,Produit défectueux,1,812.65,remboursé
RET02352,VNT006116,CLT07977,PRD0057,2023-11-05,Produit défectueux,1,1535.46,en_traitement
RET02353,VNT053170,CLT07833,PRD0315,2022-04-26,Mauvaise taille,1,109.38,remboursé
RET02354,VNT025619,CLT08814,PRD0374,2024-04-16,Produit défectueux,1,173.15,remboursé
RET02355,VNT033955,CLT11843,PRD0295,2022-09-21,Ne correspond pas à la description,4,427.01,en_traitement
RET02356,VNT012177,CLT04787,PRD0284,2023-09-25,Produit défectueux,2,146.68,remboursé
RET02357,VNT002392,CLT08421,PRD0395,2024-03-05,Produit défectueux,1,978.32,remboursé
RET02358,VNT030977,CLT09146,PRD0164,2023-01-27,Ne correspond pas à la description,3,838.99,refusé
RET02359,VNT043353,CLT08481,PRD0275,2023-10-23,Produit défectueux,3,155.34,remboursé
RET02360,VNT025901,CLT01773,PRD0267,2024-04-28,Qualité insuffisante,1,332.16,remboursé
RET02361,VNT032940,CLT09139,PRD0060,2024-06-01,Changement d'avis,1,264.29,remboursé
RET02362,VNT022721,CLT07885,PRD0353,2023-10-19,Qualité insuffisante,2,606.59,remboursé
RET02363,VNT028975,CLT02798,PRD0107,2022-10-12,Doublon de commande,1,27.87,remboursé
RET02364,VNT042958,CLT09410,PRD0178,2023-01-18,Produit défectueux,1,436.87,en_traitement
RET02365,VNT011856,CLT05776,PRD0352,2023-03-03,Ne correspond pas à la description,1,915.01,remboursé
RET02366,VNT047351,CLT08534,PRD0284,2022-07-19,Arrivé endommagé,4,201.55,remboursé
RET02367,VNT026885,CLT03202,PRD0232,2023-02-23,Produit défectueux,1,7144.54,remboursé
RET02368,VNT012968,CLT10877,PRD0029,2022-03-25,Changement d'avis,8,33095.6,remboursé
RET02369,VNT030197,CLT09969,PRD0250,2023-01-06,Qualité insuffisante,1,410.6,remboursé
RET02370,VNT052134,CLT01209,PRD0071,2024-10-27,Arrivé endommagé,8,5357.57,remboursé
RET02371,VNT026378,CLT05908,PRD0253,2024-01-27,Arrivé endommagé,1,240.66,remboursé
RET02372,VNT017463,CLT04723,PRD0212,2025-01-04,Changement d'avis,1,1520.41,en_traitement
RET02373,VNT026725,CLT05182,PRD0384,2022-07-18,Ne correspond pas à la description,6,3651.08,remboursé
RET02374,VNT035465,CLT03683,PRD0015,2022-08-13,Arrivé endommagé,1,1327.16,remboursé
RET02375,VNT049938,CLT04647,PRD0391,2023-07-18,Produit défectueux,2,1098.65,remboursé
RET02376,VNT028803,CLT09260,PRD0211,2025-01-12,Produit défectueux,1,1539.82,refusé
RET02377,VNT043859,CLT05016,PRD0342,2023-02-27,Produit défectueux,2,251.35,remboursé
RET02378,VNT034647,CLT02597,PRD0043,2024-11-25,Produit défectueux,2,10465.73,remboursé
RET02379,VNT020403,CLT11308,PRD0297,2023-06-26,Doublon de commande,1,299.93,en_traitement
RET02380,VNT054003,CLT11495,PRD0002,2024-08-04,Ne correspond pas à la description,4,13342.7,remboursé
RET02381,VNT004384,CLT01270,PRD0073,2024-04-08,Produit défectueux,1,618.33,en_traitement
RET02382,VNT037594,CLT10571,PRD0183,2024-04-19,Ne correspond pas à la description,1,1857.05,en_traitement
RET02383,VNT039429,CLT01357,PRD0221,2022-05-30,Changement d'avis,1,67.53,en_traitement
RET02384,VNT006235,CLT05557,PRD0311,2022-07-19,Mauvaise taille,1,148.4,remboursé
RET02385,VNT027692,CLT04642,PRD0256,2023-03-11,Produit défectueux,2,836.21,remboursé
RET02386,VNT015240,CLT02766,PRD0352,2024-05-28,Changement d'avis,1,481.33,remboursé
RET02387,VNT020506,CLT07507,PRD0060,2023-04-23,Produit défectueux,1,798.14,remboursé
RET02388,VNT022050,CLT02666,PRD0151,2023-04-28,Ne correspond pas à la description,1,1277.05,remboursé
RET02389,VNT044565,CLT10955,PRD0284,2024-05-13,Ne correspond pas à la description,1,46.64,remboursé
RET02390,VNT029569,CLT01121,PRD0042,2025-01-01,Mauvaise taille,2,6264.0,en_traitement
RET02391,VNT036791,CLT00074,PRD0284,2024-03-26,Ne correspond pas à la description,1,212.88,en_traitement
RET02392,VNT001994,CLT08077,PRD0098,2024-02-11,Produit défectueux,2,1419.49,remboursé
RET02393,VNT000926,CLT06544,PRD0095,2022-05-30,Changement d'avis,1,450.31,en_traitement
RET02394,VNT049462,CLT06666,PRD0364,2024-04-22,Ne correspond pas à la description,1,213.27,remboursé
RET02395,VNT005683,CLT04173,PRD0378,2022-07-28,Mauvaise taille,1,1949.64,remboursé
RET02396,VNT032343,CLT00197,PRD0119,2022-09-02,Mauvaise taille,1,66.43,en_traitement
RET02397,VNT053127,CLT00326,PRD0207,2022-10-02,Arrivé endommagé,5,4944.84,remboursé
RET02398,VNT040262,CLT05164,PRD0227,2023-09-11,Ne correspond pas à la description,1,3096.79,remboursé
RET02399,VNT010241,CLT02887,PRD0068,2022-09-30,Doublon de commande,1,413.68,refusé
RET02400,VNT045345,CLT07709,PRD0373,2024-06-18,Produit défectueux,1,2847.61,en_traitement
RET02401,VNT009980,CLT11403,PRD0319,2024-03-08,Ne correspond pas à la description,2,348.85,remboursé
RET02402,VNT028687,CLT03831,PRD0151,2023-04-23,Ne correspond pas à la description,1,598.29,remboursé
RET02403,VNT006973,CLT09178,PRD0293,2023-12-15,Arrivé endommagé,3,1135.39,remboursé
RET02404,VNT017390,CLT00628,PRD0330,2024-12-13,Produit défectueux,1,41.01,remboursé
RET02405,VNT016872,CLT10225,PRD0388,2022-12-21,Produit défectueux,2,903.95,remboursé
RET02406,VNT036205,CLT06151,PRD0194,2024-11-02,Produit défectueux,2,617.51,remboursé
RET02407,VNT037898,CLT11571,PRD0378,2024-06-06,Ne correspond pas à la description,2,1769.46,remboursé
RET02408,VNT004931,CLT03357,PRD0113,2023-05-31,Mauvaise taille,2,176.59,en_traitement
RET02409,VNT053952,CLT03155,PRD0398,2023-10-08,Doublon de commande,2,814.19,en_traitement
RET02410,VNT027294,CLT07700,PRD0006,2022-07-01,Ne correspond pas à la description,3,2052.36,remboursé
RET02411,VNT051064,CLT06234,PRD0001,2023-06-06,Arrivé endommagé,1,3040.12,remboursé
RET02412,VNT051495,CLT00490,PRD0136,2023-03-19,Ne correspond pas à la description,1,258.78,remboursé
RET02413,VNT009080,CLT00771,PRD0236,2022-02-28,Changement d'avis,2,3387.98,en_traitement
RET02414,VNT015258,CLT07742,PRD0297,2024-09-17,Produit défectueux,1,688.38,remboursé
RET02415,VNT040951,CLT10852,PRD0163,2023-10-23,Arrivé endommagé,1,739.71,en_traitement
RET02416,VNT038333,CLT10954,PRD0358,2023-07-06,Produit défectueux,1,81.85,remboursé
RET02417,VNT023878,CLT01497,PRD0196,2024-01-18,Qualité insuffisante,2,297.88,remboursé
RET02418,VNT028992,CLT11139,PRD0034,2022-12-07,Ne correspond pas à la description,1,3331.31,remboursé
RET02419,VNT007740,CLT06114,PRD0026,2023-07-10,Ne correspond pas à la description,1,3824.65,remboursé
RET02420,VNT005417,CLT09198,PRD0205,2023-11-30,Produit défectueux,2,1450.32,refusé
RET02421,VNT007911,CLT10699,PRD0145,2023-10-29,Produit défectueux,1,9.65,remboursé
RET02422,VNT030300,CLT09305,PRD0264,2023-01-13,Mauvaise taille,1,691.99,remboursé
RET02423,VNT049002,CLT02659,PRD0237,2023-10-31,Produit défectueux,1,1674.95,remboursé
RET02424,VNT021166,CLT00562,PRD0222,2022-10-20,Doublon de commande,1,1598.11,remboursé
RET02425,VNT024914,CLT06868,PRD0273,2022-05-15,Ne correspond pas à la description,2,844.78,remboursé
RET02426,VNT023005,CLT00114,PRD0141,2024-10-14,Changement d'avis,3,404.75,refusé
RET02427,VNT042492,CLT10712,PRD0383,2024-05-14,Délai de livraison dépassé,1,272.16,remboursé
RET02428,VNT026712,CLT01405,PRD0331,2023-07-21,Changement d'avis,2,147.17,remboursé
RET02429,VNT015623,CLT05447,PRD0002,2022-03-19,Délai de livraison dépassé,1,2751.96,remboursé
RET02430,VNT013468,CLT00161,PRD0019,2022-05-09,Délai de livraison dépassé,2,4637.95,remboursé
RET02431,VNT000747,CLT07795,PRD0235,2024-10-27,Produit défectueux,1,2374.3,en_traitement
RET02432,VNT049386,CLT07920,PRD0125,2023-10-31,Ne correspond pas à la description,2,110.94,remboursé
RET02433,VNT003215,CLT02325,PRD0014,2023-04-04,Arrivé endommagé,4,16351.22,remboursé
RET02434,VNT035228,CLT04015,PRD0399,2024-11-06,Produit défectueux,5,2359.6,remboursé
RET02435,VNT011974,CLT07063,PRD0115,2023-02-15,Changement d'avis,8,1226.91,refusé
RET02436,VNT021154,CLT00796,PRD0056,2022-07-20,Arrivé endommagé,1,117.0,remboursé
RET02437,VNT039273,CLT02883,PRD0286,2022-09-08,Produit défectueux,2,855.05,refusé
RET02438,VNT036792,CLT01055,PRD0393,2023-04-02,Ne correspond pas à la description,1,1552.64,remboursé
RET02439,VNT029262,CLT04228,PRD0342,2024-04-23,Doublon de commande,4,1078.61,refusé
RET02440,VNT017749,CLT01091,PRD0145,2022-09-11,Produit défectueux,3,44.27,en_traitement
RET02441,VNT042740,CLT03920,PRD0316,2024-10-24,Mauvaise taille,1,161.26,remboursé
RET02442,VNT021350,CLT03621,PRD0061,2022-02-03,Ne correspond pas à la description,6,1335.71,remboursé
RET02443,VNT013104,CLT04033,PRD0033,2024-08-08,Produit défectueux,2,9123.42,remboursé
RET02444,VNT046230,CLT09155,PRD0354,2022-06-03,Changement d'avis,2,227.33,en_traitement
RET02445,VNT032475,CLT05875,PRD0313,2024-02-10,Changement d'avis,2,203.66,remboursé
RET02446,VNT044444,CLT01222,PRD0047,2024-03-23,Arrivé endommagé,2,6007.17,remboursé
RET02447,VNT000635,CLT02160,PRD0105,2024-03-10,Délai de livraison dépassé,1,16.58,remboursé
RET02448,VNT046355,CLT08508,PRD0113,2024-09-17,Délai de livraison dépassé,1,205.46,remboursé
RET02449,VNT054478,CLT05729,PRD0166,2024-07-08,Doublon de commande,1,430.74,remboursé
RET02450,VNT015010,CLT00342,PRD0161,2022-02-04,Changement d'avis,4,1668.68,en_traitement
RET02451,VNT016852,CLT02724,PRD0151,2025-01-17,Arrivé endommagé,1,519.88,refusé
RET02452,VNT050107,CLT03699,PRD0308,2024-12-04,Changement d'avis,2,292.77,remboursé
RET02453,VNT014246,CLT05242,PRD0361,2024-09-09,Ne correspond pas à la description,1,137.55,remboursé
RET02454,VNT008467,CLT02152,PRD0154,2024-10-18,Mauvaise taille,2,503.87,refusé
RET02455,VNT022561,CLT10285,PRD0277,2024-01-05,Délai de livraison dépassé,1,639.26,en_traitement
RET02456,VNT054515,CLT11361,PRD0275,2024-07-24,Ne correspond pas à la description,1,40.57,en_traitement
RET02457,VNT002160,CLT11814,PRD0241,2022-06-10,Arrivé endommagé,1,2717.83,remboursé
RET02458,VNT021163,CLT00640,PRD0187,2023-10-23,Changement d'avis,3,8454.0,remboursé
RET02459,VNT044763,CLT10919,PRD0255,2022-07-09,Délai de livraison dépassé,1,168.64,refusé
RET02460,VNT021186,CLT01989,PRD0190,2023-06-14,Délai de livraison dépassé,1,2460.85,remboursé
RET02461,VNT044519,CLT06455,PRD0167,2022-08-27,Ne correspond pas à la description,1,539.97,remboursé
RET02462,VNT041248,CLT03854,PRD0374,2022-11-26,Doublon de commande,1,70.1,refusé
RET02463,VNT029051,CLT07468,PRD0276,2024-10-18,Ne correspond pas à la description,2,968.66,remboursé
RET02464,VNT003466,CLT11346,PRD0394,2022-01-22,Mauvaise taille,1,207.18,remboursé
RET02465,VNT035608,CLT05947,PRD0103,2023-04-25,Arrivé endommagé,1,65.09,en_traitement
RET02466,VNT005317,CLT05805,PRD0132,2024-09-27,Arrivé endommagé,1,135.11,remboursé
RET02467,VNT026679,CLT06168,PRD0046,2023-03-15,Arrivé endommagé,1,4953.64,en_traitement
RET02468,VNT026757,CLT08818,PRD0025,2024-11-06,Arrivé endommagé,1,3265.07,remboursé
RET02469,VNT025033,CLT03392,PRD0074,2023-03-20,Doublon de commande,1,154.53,remboursé
RET02470,VNT015117,CLT03533,PRD0314,2024-07-03,Changement d'avis,1,52.78,remboursé
RET02471,VNT002450,CLT11854,PRD0326,2024-04-19,Produit défectueux,2,349.21,remboursé
RET02472,VNT036432,CLT00645,PRD0235,2023-09-10,Arrivé endommagé,2,5456.23,remboursé
RET02473,VNT046522,CLT08206,PRD0391,2022-11-23,Produit défectueux,4,1684.1,remboursé
RET02474,VNT009480,CLT05717,PRD0302,2023-05-09,Ne correspond pas à la description,2,336.4,remboursé
RET02475,VNT052625,CLT00255,PRD0392,2022-06-14,Produit défectueux,1,434.55,en_traitement
RET02476,VNT053392,CLT08548,PRD0270,2023-02-22,Produit défectueux,1,175.15,remboursé
RET02477,VNT022105,CLT05889,PRD0198,2023-04-03,Ne correspond pas à la description,1,315.81,remboursé
RET02478,VNT054173,CLT06908,PRD0137,2023-02-10,Produit défectueux,1,16.88,remboursé
RET02479,VNT021056,CLT06199,PRD0359,2024-04-18,Arrivé endommagé,1,557.39,remboursé
RET02480,VNT036542,CLT02062,PRD0338,2022-04-05,Mauvaise taille,1,95.0,remboursé
RET02481,VNT010680,CLT01315,PRD0367,2023-01-07,Ne correspond pas à la description,1,303.33,remboursé
RET02482,VNT031976,CLT10591,PRD0038,2022-10-04,Changement d'avis,1,796.96,remboursé
RET02483,VNT052804,CLT08670,PRD0332,2022-06-11,Mauvaise taille,1,105.99,en_traitement
RET02484,VNT000947,CLT05858,PRD0320,2023-11-07,Ne correspond pas à la description,1,69.13,remboursé
RET02485,VNT014019,CLT07083,PRD0334,2024-10-11,Ne correspond pas à la description,2,93.6,en_traitement
RET02486,VNT000664,CLT09413,PRD0324,2022-06-29,Arrivé endommagé,1,230.9,remboursé
RET02487,VNT009720,CLT02583,PRD0076,2024-09-09,Produit défectueux,1,124.83,remboursé
RET02488,VNT000751,CLT05494,PRD0092,2022-10-23,Changement d'avis,2,792.51,remboursé
RET02489,VNT014872,CLT07448,PRD0004,2022-08-31,Ne correspond pas à la description,2,526.93,remboursé
RET02490,VNT052123,CLT05308,PRD0124,2024-04-05,Arrivé endommagé,2,165.29,remboursé
RET02491,VNT053098,CLT04695,PRD0059,2024-09-09,Arrivé endommagé,1,834.07,remboursé
RET02492,VNT003688,CLT08691,PRD0380,2023-01-15,Mauvaise taille,1,316.7,remboursé
RET02493,VNT001597,CLT02772,PRD0031,2024-06-19,Produit défectueux,1,5120.66,remboursé
RET02494,VNT034804,CLT09839,PRD0344,2022-03-08,Mauvaise taille,1,441.73,remboursé
RET02495,VNT035084,CLT09892,PRD0090,2024-02-09,Ne correspond pas à la description,3,1305.23,remboursé
RET02496,VNT014236,CLT00689,PRD0277,2023-10-13,Mauvaise taille,1,241.18,remboursé
RET02497,VNT043001,CLT10009,PRD0021,2024-09-15,Ne correspond pas à la description,1,390.53,remboursé
RET02498,VNT012417,CLT08641,PRD0255,2025-01-09,Mauvaise taille,3,763.72,remboursé
RET02499,VNT013434,CLT05047,PRD0070,2024-02-05,Produit défectueux,2,1151.75,remboursé
RET02500,VNT035704,CLT00431,PRD0371,2023-11-04,Produit défectueux,1,307.37,remboursé
RET02501,VNT021365,CLT09747,PRD0089,2022-02-11,Ne correspond pas à la description,1,1952.12,remboursé
RET02502,VNT011089,CLT00726,PRD0280,2023-07-30,Produit défectueux,3,317.79,refusé
RET02503,VNT008958,CLT03697,PRD0355,2023-08-28,Produit défectueux,2,1127.35,refusé
RET02504,VNT023359,CLT04368,PRD0397,2023-06-17,Produit défectueux,1,539.15,remboursé
RET02505,VNT012249,CLT08933,PRD0313,2022-02-03,Mauvaise taille,3,712.72,remboursé
RET02506,VNT034612,CLT09748,PRD0096,2024-02-20,Changement d'avis,2,598.91,remboursé
RET02507,VNT036983,CLT05660,PRD0132,2023-04-20,Ne correspond pas à la description,1,226.48,remboursé
RET02508,VNT044713,CLT04544,PRD0007,2023-01-01,Qualité insuffisante,1,1403.5,remboursé
RET02509,VNT028833,CLT03763,PRD0400,2022-04-04,Mauvaise taille,1,549.21,refusé
RET02510,VNT023929,CLT09393,PRD0105,2022-05-26,Qualité insuffisante,2,47.61,remboursé
RET02511,VNT009444,CLT06568,PRD0316,2022-02-28,Arrivé endommagé,1,126.17,remboursé
RET02512,VNT032293,CLT07265,PRD0391,2023-05-07,Arrivé endommagé,1,1786.41,remboursé
RET02513,VNT049389,CLT11906,PRD0203,2024-11-01,Produit défectueux,1,1521.12,remboursé
RET02514,VNT020604,CLT05128,PRD0069,2022-08-29,Doublon de commande,2,692.16,remboursé
RET02515,VNT006353,CLT10630,PRD0015,2022-05-13,Délai de livraison dépassé,1,5095.9,en_traitement
RET02516,VNT042437,CLT11671,PRD0144,2024-11-04,Ne correspond pas à la description,4,875.47,remboursé
RET02517,VNT037028,CLT00562,PRD0132,2022-08-03,Ne correspond pas à la description,5,576.17,refusé
RET02518,VNT050247,CLT11258,PRD0178,2022-10-19,Mauvaise taille,3,2198.11,en_traitement
RET02519,VNT048247,CLT00139,PRD0391,2023-08-29,Produit défectueux,1,834.01,remboursé
RET02520,VNT054973,CLT03099,PRD0390,2022-07-30,Produit défectueux,2,109.57,en_traitement
RET02521,VNT021493,CLT00490,PRD0282,2023-01-05,Mauvaise taille,1,93.85,remboursé
RET02522,VNT015669,CLT09779,PRD0020,2022-12-24,Doublon de commande,1,2508.4,remboursé
RET02523,VNT016804,CLT04621,PRD0094,2023-07-27,Ne correspond pas à la description,4,4334.18,remboursé
RET02524,VNT013121,CLT05630,PRD0254,2023-01-04,Ne correspond pas à la description,1,93.73,remboursé
RET02525,VNT009898,CLT01278,PRD0387,2022-06-02,Arrivé endommagé,1,554.75,en_traitement
RET02526,VNT001779,CLT03221,PRD0087,2022-06-17,Produit défectueux,5,3272.09,remboursé
RET02527,VNT035830,CLT03088,PRD0035,2024-05-26,Ne correspond pas à la description,1,2773.77,remboursé
RET02528,VNT024796,CLT08360,PRD0310,2024-07-27,Ne correspond pas à la description,1,182.69,remboursé
RET02529,VNT042955,CLT10945,PRD0389,2023-10-11,Produit défectueux,1,331.09,en_traitement
RET02530,VNT025803,CLT03321,PRD0305,2022-09-15,Doublon de commande,3,586.53,remboursé
RET02531,VNT037879,CLT08208,PRD0368,2023-06-14,Mauvaise taille,1,405.6,remboursé
RET02532,VNT053445,CLT07017,PRD0227,2022-08-21,Délai de livraison dépassé,1,2046.23,remboursé
RET02533,VNT033795,CLT11119,PRD0128,2024-03-02,Doublon de commande,4,1052.15,en_traitement
RET02534,VNT025674,CLT02148,PRD0350,2022-10-10,Mauvaise taille,2,370.74,remboursé
RET02535,VNT045655,CLT02561,PRD0227,2022-11-07,Mauvaise taille,2,4587.03,remboursé
RET02536,VNT022747,CLT11570,PRD0314,2023-08-07,Arrivé endommagé,1,42.92,refusé
RET02537,VNT023395,CLT08582,PRD0042,2022-10-08,Ne correspond pas à la description,4,10903.06,en_traitement
RET02538,VNT051591,CLT11559,PRD0275,2024-01-02,Ne correspond pas à la description,5,217.25,remboursé
RET02539,VNT027870,CLT03475,PRD0326,2022-02-28,Arrivé endommagé,2,237.73,en_traitement
RET02540,VNT020448,CLT03713,PRD0174,2023-11-18,Produit défectueux,2,2308.36,en_traitement
RET02541,VNT037884,CLT00593,PRD0002,2024-07-05,Produit défectueux,1,3418.04,remboursé
RET02542,VNT001236,CLT04756,PRD0188,2022-02-15,Arrivé endommagé,2,183.57,en_traitement
RET02543,VNT016270,CLT10317,PRD0160,2024-10-31,Doublon de commande,1,1791.17,en_traitement
RET02544,VNT023082,CLT00160,PRD0092,2024-10-05,Délai de livraison dépassé,1,240.88,remboursé
RET02545,VNT040332,CLT04779,PRD0299,2025-01-05,Produit défectueux,1,416.08,remboursé
RET02546,VNT014731,CLT01158,PRD0211,2023-01-29,Produit défectueux,2,2420.47,en_traitement
RET02547,VNT040005,CLT07039,PRD0306,2024-07-27,Mauvaise taille,4,1445.64,remboursé
RET02548,VNT019935,CLT06223,PRD0174,2022-08-01,Ne correspond pas à la description,1,1027.12,remboursé
RET02549,VNT042419,CLT08550,PRD0374,2023-02-03,Ne correspond pas à la description,2,157.67,en_traitement
RET02550,VNT025233,CLT07080,PRD0206,2024-11-16,Doublon de commande,1,7520.69,remboursé
RET02551,VNT018878,CLT06884,PRD0085,2022-05-19,Arrivé endommagé,2,873.78,remboursé
RET02552,VNT016570,CLT02444,PRD0041,2022-07-23,Ne correspond pas à la description,1,410.4,remboursé
RET02553,VNT015501,CLT01063,PRD0275,2024-01-09,Qualité insuffisante,2,172.45,remboursé
RET02554,VNT006717,CLT03092,PRD0155,2023-07-04,Arrivé endommagé,1,362.43,remboursé
RET02555,VNT012263,CLT04021,PRD0141,2023-03-15,Arrivé endommagé,1,128.76,remboursé
RET02556,VNT023831,CLT11331,PRD0077,2022-07-31,Arrivé endommagé,2,1461.71,remboursé
RET02557,VNT004015,CLT02568,PRD0081,2024-07-13,Changement d'avis,1,1063.93,remboursé
RET02558,VNT036863,CLT00487,PRD0229,2023-08-13,Ne correspond pas à la description,1,4182.69,remboursé
RET02559,VNT019559,CLT01924,PRD0191,2022-08-19,Produit défectueux,1,804.6,remboursé
RET02560,VNT017396,CLT02560,PRD0006,2024-03-09,Ne correspond pas à la description,1,1076.88,remboursé
RET02561,VNT023901,CLT09635,PRD0394,2023-07-15,Arrivé endommagé,3,685.51,remboursé
RET02562,VNT045090,CLT06061,PRD0314,2022-01-15,Mauvaise taille,3,238.52,remboursé
RET02563,VNT017868,CLT11776,PRD0244,2022-01-13,Ne correspond pas à la description,2,3901.91,remboursé
RET02564,VNT025328,CLT01399,PRD0063,2022-12-30,Doublon de commande,4,1975.87,refusé
RET02565,VNT001842,CLT10927,PRD0151,2024-02-06,Délai de livraison dépassé,2,1104.7,en_traitement
RET02566,VNT038540,CLT06292,PRD0265,2024-12-15,Ne correspond pas à la description,2,1836.25,remboursé
RET02567,VNT027428,CLT09309,PRD0095,2023-11-19,Ne correspond pas à la description,1,464.65,remboursé
RET02568,VNT051219,CLT05339,PRD0173,2022-04-27,Ne correspond pas à la description,1,293.39,en_traitement
RET02569,VNT017854,CLT04687,PRD0354,2023-12-28,Produit défectueux,3,283.71,refusé
RET02570,VNT004791,CLT11284,PRD0092,2022-04-11,Mauvaise taille,3,1034.31,remboursé
RET02571,VNT051518,CLT05614,PRD0078,2024-10-19,Doublon de commande,1,511.79,remboursé
RET02572,VNT014518,CLT04579,PRD0347,2022-02-28,Changement d'avis,1,211.77,en_traitement
RET02573,VNT027654,CLT00634,PRD0090,2023-05-19,Ne correspond pas à la description,2,1377.04,remboursé
RET02574,VNT040590,CLT06206,PRD0245,2024-04-07,Ne correspond pas à la description,2,2533.4,remboursé
RET02575,VNT013842,CLT09260,PRD0122,2024-06-06,Délai de livraison dépassé,1,522.17,remboursé
RET02576,VNT013506,CLT06279,PRD0344,2023-05-21,Délai de livraison dépassé,2,619.49,remboursé
RET02577,VNT029878,CLT07432,PRD0394,2022-09-03,Produit défectueux,1,185.93,remboursé
RET02578,VNT005504,CLT00534,PRD0338,2022-11-10,Produit défectueux,1,202.03,en_traitement
RET02579,VNT005064,CLT09800,PRD0176,2024-02-28,Produit défectueux,1,1620.59,remboursé
RET02580,VNT018012,CLT08325,PRD0146,2023-04-14,Doublon de commande,1,77.29,remboursé
RET02581,VNT041326,CLT00846,PRD0229,2024-10-21,Produit défectueux,2,1434.82,remboursé
RET02582,VNT004781,CLT11353,PRD0055,2024-03-09,Produit défectueux,1,1979.26,remboursé
RET02583,VNT038985,CLT04446,PRD0183,2023-04-09,Produit défectueux,1,920.38,remboursé
RET02584,VNT043559,CLT03182,PRD0024,2023-01-13,Doublon de commande,1,659.03,remboursé
RET02585,VNT011335,CLT06980,PRD0112,2023-02-05,Ne correspond pas à la description,1,166.81,remboursé
RET02586,VNT045694,CLT09929,PRD0217,2024-01-17,Changement d'avis,1,738.77,remboursé
RET02587,VNT047289,CLT04924,PRD0213,2024-12-15,Produit défectueux,2,5004.25,en_traitement
RET02588,VNT039039,CLT08142,PRD0115,2023-11-18,Produit défectueux,1,131.97,remboursé
RET02589,VNT052438,CLT03422,PRD0321,2024-04-02,Ne correspond pas à la description,1,442.2,remboursé
RET02590,VNT007147,CLT00453,PRD0047,2024-05-09,Ne correspond pas à la description,2,6099.99,remboursé
RET02591,VNT017382,CLT04898,PRD0378,2022-02-17,Mauvaise taille,1,549.76,en_traitement
RET02592,VNT049580,CLT09749,PRD0281,2022-10-08,Produit défectueux,1,986.91,remboursé
RET02593,VNT014357,CLT04437,PRD0035,2022-12-02,Ne correspond pas à la description,1,5526.7,remboursé
RET02594,VNT024036,CLT06072,PRD0123,2024-08-03,Produit défectueux,1,91.6,remboursé
RET02595,VNT013091,CLT04579,PRD0135,2024-08-15,Qualité insuffisante,1,118.56,refusé
RET02596,VNT044914,CLT09704,PRD0254,2022-01-29,Produit défectueux,2,993.2,remboursé
RET02597,VNT050274,CLT11569,PRD0063,2024-09-11,Ne correspond pas à la description,1,352.05,refusé
RET02598,VNT044597,CLT02585,PRD0079,2022-09-06,Produit défectueux,3,1284.0,remboursé
RET02599,VNT020931,CLT07044,PRD0294,2022-02-17,Ne correspond pas à la description,2,257.45,remboursé
RET02600,VNT005320,CLT06259,PRD0038,2024-07-20,Mauvaise taille,1,803.75,remboursé
RET02601,VNT050522,CLT04737,PRD0032,2023-01-28,Mauvaise taille,3,4955.21,remboursé
RET02602,VNT027648,CLT04419,PRD0118,2024-01-15,Arrivé endommagé,3,535.4,remboursé
RET02603,VNT039719,CLT06649,PRD0396,2023-02-16,Produit défectueux,2,177.99,refusé
RET02604,VNT032880,CLT07693,PRD0268,2022-12-13,Doublon de commande,1,527.82,remboursé
RET02605,VNT039324,CLT07900,PRD0086,2024-02-17,Changement d'avis,1,118.5,remboursé
RET02606,VNT008342,CLT11851,PRD0241,2024-06-24,Produit défectueux,1,1645.29,remboursé
RET02607,VNT051746,CLT11239,PRD0284,2022-08-14,Produit défectueux,2,82.29,refusé
RET02608,VNT032739,CLT04485,PRD0299,2024-03-23,Ne correspond pas à la description,1,210.82,refusé
RET02609,VNT040081,CLT03570,PRD0115,2023-03-03,Produit défectueux,1,132.13,remboursé
RET02610,VNT029352,CLT10131,PRD0048,2022-01-20,Doublon de commande,1,1497.22,remboursé
RET02611,VNT045520,CLT05949,PRD0355,2024-09-08,Arrivé endommagé,1,306.35,en_traitement
RET02612,VNT017378,CLT06819,PRD0055,2024-11-21,Ne correspond pas à la description,4,5738.33,en_traitement
RET02613,VNT034697,CLT10128,PRD0101,2022-11-15,Doublon de commande,1,112.25,en_traitement
RET02614,VNT043317,CLT09500,PRD0108,2024-12-20,Changement d'avis,2,274.6,remboursé
RET02615,VNT054151,CLT07339,PRD0238,2022-10-22,Doublon de commande,1,4066.46,remboursé
RET02616,VNT049882,CLT09246,PRD0020,2024-08-29,Ne correspond pas à la description,1,3232.64,remboursé
RET02617,VNT011143,CLT06434,PRD0317,2023-12-05,Arrivé endommagé,2,310.48,remboursé
RET02618,VNT025506,CLT07791,PRD0153,2023-09-13,Mauvaise taille,1,101.63,remboursé
RET02619,VNT039103,CLT08562,PRD0117,2024-08-12,Mauvaise taille,1,90.74,remboursé
RET02620,VNT001507,CLT07051,PRD0115,2022-07-07,Arrivé endommagé,1,115.42,remboursé
RET02621,VNT035410,CLT01976,PRD0045,2024-12-02,Produit défectueux,1,883.45,refusé
RET02622,VNT008997,CLT02674,PRD0277,2023-06-18,Ne correspond pas à la description,1,470.72,en_traitement
RET02623,VNT000766,CLT04160,PRD0374,2022-08-16,Produit défectueux,2,149.47,en_traitement
RET02624,VNT030193,CLT11477,PRD0397,2024-06-19,Ne correspond pas à la description,1,1313.6,remboursé
RET02625,VNT017608,CLT06519,PRD0225,2023-05-26,Produit défectueux,1,2064.18,remboursé
RET02626,VNT033986,CLT08971,PRD0244,2024-11-20,Produit défectueux,1,5533.04,en_traitement
RET02627,VNT010847,CLT06629,PRD0385,2022-04-27,Produit défectueux,4,1379.71,remboursé
RET02628,VNT041446,CLT09657,PRD0069,2023-03-05,Arrivé endommagé,2,3809.48,en_traitement
RET02629,VNT050860,CLT03804,PRD0079,2024-08-03,Changement d'avis,7,2766.69,remboursé
RET02630,VNT023243,CLT04739,PRD0201,2023-10-17,Mauvaise taille,2,3107.65,remboursé
RET02631,VNT049958,CLT05664,PRD0081,2023-03-12,Changement d'avis,2,1189.3,remboursé
RET02632,VNT029039,CLT08050,PRD0244,2023-04-24,Produit défectueux,3,7907.56,remboursé
RET02633,VNT026217,CLT03504,PRD0220,2023-08-27,Produit défectueux,1,4883.46,remboursé
RET02634,VNT009302,CLT01681,PRD0062,2024-09-01,Changement d'avis,2,866.3,remboursé
RET02635,VNT032995,CLT09705,PRD0078,2024-11-15,Qualité insuffisante,1,686.09,remboursé
RET02636,VNT028149,CLT10186,PRD0093,2024-06-21,Produit défectueux,4,1527.42,refusé
RET02637,VNT027879,CLT11260,PRD0003,2023-10-21,Ne correspond pas à la description,1,382.33,remboursé
RET02638,VNT049019,CLT01997,PRD0273,2022-01-27,Ne correspond pas à la description,1,582.01,remboursé
RET02639,VNT041970,CLT01682,PRD0374,2023-09-27,Ne correspond pas à la description,1,184.52,refusé
RET02640,VNT026001,CLT08168,PRD0265,2022-08-01,Produit défectueux,1,330.4,remboursé
RET02641,VNT014063,CLT02016,PRD0350,2022-10-13,Mauvaise taille,2,352.18,en_traitement
RET02642,VNT024626,CLT04137,PRD0349,2023-12-15,Changement d'avis,1,80.51,en_traitement
RET02643,VNT006854,CLT07889,PRD0236,2022-05-28,Ne correspond pas à la description,2,2009.06,refusé
RET02644,VNT046053,CLT07516,PRD0355,2024-05-02,Changement d'avis,4,1521.87,remboursé
RET02645,VNT016162,CLT10794,PRD0004,2024-08-29,Changement d'avis,2,1327.08,remboursé
RET02646,VNT040647,CLT00995,PRD0185,2023-10-16,Ne correspond pas à la description,1,933.22,refusé
RET02647,VNT043779,CLT00321,PRD0295,2022-05-25,Ne correspond pas à la description,1,201.81,remboursé
RET02648,VNT002162,CLT09378,PRD0132,2024-01-29,Changement d'avis,2,347.74,remboursé
RET02649,VNT024608,CLT06651,PRD0365,2024-03-14,Produit défectueux,5,3165.32,remboursé
RET02650,VNT007339,CLT11360,PRD0324,2023-11-17,Ne correspond pas à la description,1,479.76,remboursé
RET02651,VNT023727,CLT09568,PRD0187,2022-05-17,Ne correspond pas à la description,1,1859.81,refusé
RET02652,VNT048147,CLT04366,PRD0365,2024-05-24,Ne correspond pas à la description,6,3708.94,remboursé
RET02653,VNT022810,CLT04281,PRD0286,2024-06-24,Produit défectueux,4,1776.77,remboursé
RET02654,VNT013263,CLT10769,PRD0321,2023-03-10,Mauvaise taille,1,177.53,en_traitement
RET02655,VNT010108,CLT01497,PRD0064,2022-03-17,Arrivé endommagé,1,80.85,remboursé
RET02656,VNT022456,CLT00811,PRD0045,2024-07-15,Ne correspond pas à la description,1,2635.81,remboursé
RET02657,VNT032354,CLT08655,PRD0021,2022-06-08,Arrivé endommagé,4,2185.49,en_traitement
RET02658,VNT039023,CLT11702,PRD0207,2023-03-31,Produit défectueux,2,1963.28,remboursé
RET02659,VNT026998,CLT11443,PRD0389,2024-01-08,Produit défectueux,2,2401.83,remboursé
RET02660,VNT048350,CLT05111,PRD0344,2023-12-31,Ne correspond pas à la description,1,204.53,remboursé
RET02661,VNT047084,CLT04704,PRD0245,2023-01-18,Arrivé endommagé,1,7566.54,remboursé
RET02662,VNT054617,CLT04831,PRD0077,2023-01-20,Produit défectueux,1,661.29,remboursé
RET02663,VNT045858,CLT11022,PRD0028,2023-01-02,Ne correspond pas à la description,1,5920.42,en_traitement
RET02664,VNT032414,CLT01255,PRD0151,2024-02-12,Mauvaise taille,2,1550.58,en_traitement
RET02665,VNT003965,CLT11518,PRD0178,2024-11-18,Produit défectueux,2,863.49,remboursé
RET02666,VNT052265,CLT08309,PRD0291,2024-09-25,Délai de livraison dépassé,1,354.85,remboursé
RET02667,VNT047000,CLT02228,PRD0208,2024-06-19,Produit défectueux,3,8378.12,remboursé
RET02668,VNT044751,CLT03688,PRD0216,2022-11-08,Mauvaise taille,4,3473.53,remboursé
RET02669,VNT026095,CLT05361,PRD0075,2022-02-13,Ne correspond pas à la description,1,357.49,remboursé
RET02670,VNT054634,CLT10842,PRD0172,2022-10-30,Produit défectueux,1,1480.6,remboursé
RET02671,VNT051042,CLT06120,PRD0026,2024-12-22,Mauvaise taille,1,1050.57,remboursé
RET02672,VNT002165,CLT06449,PRD0035,2022-10-31,Produit défectueux,2,6570.69,remboursé
RET02673,VNT031347,CLT04150,PRD0107,2022-03-09,Ne correspond pas à la description,1,32.62,remboursé
RET02674,VNT039425,CLT06451,PRD0292,2023-08-30,Produit défectueux,1,112.46,refusé
RET02675,VNT008531,CLT05922,PRD0382,2024-03-15,Produit défectueux,2,562.79,remboursé
RET02676,VNT019018,CLT10705,PRD0073,2022-12-02,Ne correspond pas à la description,5,3295.65,remboursé
RET02677,VNT011714,CLT08186,PRD0081,2024-02-22,Ne correspond pas à la description,1,931.21,remboursé
RET02678,VNT038317,CLT06010,PRD0337,2024-10-11,Produit défectueux,1,546.15,remboursé
RET02679,VNT015565,CLT08759,PRD0244,2023-04-01,Délai de livraison dépassé,1,5004.15,remboursé
RET02680,VNT019089,CLT05441,PRD0022,2022-12-15,Produit défectueux,2,1082.43,remboursé
RET02681,VNT012505,CLT11150,PRD0205,2023-05-08,Délai de livraison dépassé,2,2845.95,en_traitement
RET02682,VNT028035,CLT08325,PRD0103,2023-05-05,Ne correspond pas à la description,3,280.41,remboursé
RET02683,VNT014192,CLT02759,PRD0209,2024-10-26,Arrivé endommagé,2,1283.31,remboursé
RET02684,VNT040068,CLT10543,PRD0274,2022-09-22,Ne correspond pas à la description,4,1463.57,refusé
RET02685,VNT024875,CLT06165,PRD0141,2023-03-17,Ne correspond pas à la description,1,277.63,remboursé
RET02686,VNT051826,CLT07335,PRD0023,2022-01-22,Arrivé endommagé,2,2299.96,en_traitement
RET02687,VNT043349,CLT06336,PRD0329,2022-07-14,Ne correspond pas à la description,2,486.73,refusé
RET02688,VNT022271,CLT06067,PRD0145,2024-03-31,Délai de livraison dépassé,1,21.82,remboursé
RET02689,VNT010584,CLT00172,PRD0049,2022-06-28,Produit défectueux,1,7524.73,remboursé
RET02690,VNT024565,CLT03055,PRD0289,2022-03-04,Arrivé endommagé,1,29.15,refusé
RET02691,VNT002749,CLT07955,PRD0201,2024-07-05,Produit défectueux,1,1671.83,remboursé
RET02692,VNT005396,CLT06491,PRD0162,2024-09-01,Produit défectueux,2,1711.05,en_traitement
RET02693,VNT034341,CLT11981,PRD0028,2024-12-12,Produit défectueux,2,4974.0,remboursé
RET02694,VNT025625,CLT09321,PRD0051,2024-12-17,Doublon de commande,1,2612.96,remboursé
RET02695,VNT009613,CLT04031,PRD0105,2024-08-29,Ne correspond pas à la description,4,152.56,remboursé
RET02696,VNT017464,CLT07440,PRD0163,2023-06-01,Produit défectueux,1,857.89,remboursé
RET02697,VNT028357,CLT10751,PRD0397,2023-05-14,Ne correspond pas à la description,5,3128.88,remboursé
RET02698,VNT018653,CLT08302,PRD0209,2024-11-20,Mauvaise taille,1,440.28,remboursé
RET02699,VNT012469,CLT01178,PRD0095,2022-05-21,Doublon de commande,2,928.22,en_traitement
RET02700,VNT022092,CLT04102,PRD0258,2023-03-29,Produit défectueux,3,799.72,refusé
RET02701,VNT012898,CLT11675,PRD0012,2022-04-24,Produit défectueux,1,3136.86,remboursé
RET02702,VNT048534,CLT04750,PRD0391,2024-06-30,Doublon de commande,1,478.26,remboursé
RET02703,VNT047746,CLT02767,PRD0347,2024-08-17,Produit défectueux,2,521.45,remboursé
RET02704,VNT006961,CLT00849,PRD0334,2024-03-14,Arrivé endommagé,1,69.77,remboursé
RET02705,VNT019453,CLT09738,PRD0110,2023-01-26,Qualité insuffisante,1,22.89,refusé
RET02706,VNT005345,CLT09610,PRD0289,2024-04-27,Mauvaise taille,1,23.72,en_traitement
RET02707,VNT038710,CLT03825,PRD0229,2022-05-28,Produit défectueux,1,1766.25,remboursé
RET02708,VNT012219,CLT10202,PRD0088,2023-06-12,Produit défectueux,4,519.77,remboursé
RET02709,VNT024601,CLT00719,PRD0090,2023-02-06,Changement d'avis,2,809.69,remboursé
RET02710,VNT043947,CLT10851,PRD0046,2023-11-27,Produit défectueux,1,5240.5,remboursé
RET02711,VNT020116,CLT07850,PRD0349,2025-01-15,Arrivé endommagé,1,105.68,refusé
RET02712,VNT003071,CLT09640,PRD0169,2024-05-08,Délai de livraison dépassé,1,513.27,remboursé
RET02713,VNT041638,CLT03863,PRD0226,2024-07-31,Ne correspond pas à la description,3,7758.56,remboursé
RET02714,VNT032720,CLT07229,PRD0348,2024-04-30,Mauvaise taille,1,207.68,remboursé
RET02715,VNT012394,CLT07471,PRD0103,2024-04-02,Mauvaise taille,2,315.28,remboursé
RET02716,VNT029301,CLT09737,PRD0186,2022-10-22,Doublon de commande,1,812.76,remboursé
RET02717,VNT040281,CLT03875,PRD0029,2024-10-30,Doublon de commande,3,9408.21,remboursé
RET02718,VNT029766,CLT00465,PRD0030,2022-12-26,Doublon de commande,4,6762.54,remboursé
RET02719,VNT032549,CLT08944,PRD0060,2023-04-04,Produit défectueux,2,670.55,remboursé
RET02720,VNT024216,CLT07089,PRD0082,2022-09-08,Arrivé endommagé,6,3052.29,remboursé
RET02721,VNT001348,CLT06566,PRD0118,2025-01-12,Doublon de commande,2,165.06,en_traitement
RET02722,VNT015431,CLT06924,PRD0125,2022-04-28,Arrivé endommagé,1,36.76,refusé
RET02723,VNT016647,CLT10557,PRD0005,2023-07-27,Doublon de commande,2,2355.17,refusé
RET02724,VNT052819,CLT03179,PRD0284,2022-12-10,Changement d'avis,4,295.31,remboursé
RET02725,VNT014543,CLT03100,PRD0031,2023-05-27,Mauvaise taille,5,18318.54,en_traitement
RET02726,VNT029738,CLT08251,PRD0272,2022-10-13,Ne correspond pas à la description,1,178.04,en_traitement
RET02727,VNT026564,CLT04357,PRD0124,2022-01-23,Arrivé endommagé,2,210.6,remboursé
RET02728,VNT035227,CLT03123,PRD0344,2023-09-15,Ne correspond pas à la description,1,610.68,remboursé
RET02729,VNT040774,CLT05661,PRD0363,2024-06-21,Mauvaise taille,1,322.03,refusé
RET02730,VNT025583,CLT00029,PRD0334,2022-10-03,Doublon de commande,3,158.54,remboursé
RET02731,VNT003338,CLT11142,PRD0085,2022-08-11,Ne correspond pas à la description,1,253.43,remboursé
RET02732,VNT015642,CLT07604,PRD0361,2022-05-01,Mauvaise taille,3,415.93,remboursé
RET02733,VNT028135,CLT07540,PRD0305,2023-06-28,Doublon de commande,1,654.32,en_traitement
RET02734,VNT045609,CLT11436,PRD0383,2024-03-17,Produit défectueux,1,275.23,remboursé
RET02735,VNT000118,CLT02492,PRD0179,2022-11-27,Doublon de commande,3,400.9,remboursé
RET02736,VNT021613,CLT10591,PRD0257,2024-01-10,Produit défectueux,1,321.94,en_traitement
RET02737,VNT004013,CLT06948,PRD0219,2022-09-20,Produit défectueux,1,504.39,remboursé
RET02738,VNT050299,CLT07669,PRD0045,2022-06-21,Délai de livraison dépassé,1,933.2,refusé
RET02739,VNT031809,CLT08112,PRD0312,2024-05-06,Ne correspond pas à la description,2,192.68,remboursé
RET02740,VNT008190,CLT08577,PRD0159,2022-06-12,Changement d'avis,2,1096.3,en_traitement
RET02741,VNT040788,CLT04046,PRD0122,2024-08-04,Changement d'avis,5,1160.26,remboursé
RET02742,VNT029043,CLT10431,PRD0187,2022-08-03,Produit défectueux,1,1210.98,remboursé
RET02743,VNT036520,CLT05073,PRD0228,2023-05-17,Ne correspond pas à la description,2,718.74,remboursé
RET02744,VNT051949,CLT00275,PRD0400,2022-07-06,Arrivé endommagé,1,419.33,en_traitement
RET02745,VNT009465,CLT02097,PRD0085,2023-02-22,Ne correspond pas à la description,1,311.15,remboursé
RET02746,VNT024160,CLT10755,PRD0339,2023-04-10,Produit défectueux,2,283.77,remboursé
RET02747,VNT019419,CLT08378,PRD0362,2022-07-29,Arrivé endommagé,1,124.15,refusé
RET02748,VNT032130,CLT07119,PRD0033,2023-08-06,Ne correspond pas à la description,1,4088.52,remboursé
RET02749,VNT032140,CLT04514,PRD0032,2024-07-17,Produit défectueux,3,11241.92,en_traitement
RET02750,VNT023270,CLT07267,PRD0299,2025-01-01,Ne correspond pas à la description,6,1195.37,refusé
RET02751,VNT019477,CLT09961,PRD0351,2023-11-28,Ne correspond pas à la description,1,194.86,refusé
RET02752,VNT029572,CLT07836,PRD0338,2023-01-12,Mauvaise taille,3,311.45,remboursé
RET02753,VNT042759,CLT09266,PRD0109,2023-10-02,Produit défectueux,1,64.84,en_traitement
RET02754,VNT032182,CLT04477,PRD0059,2022-10-18,Changement d'avis,1,814.35,remboursé
RET02755,VNT004963,CLT07993,PRD0200,2023-05-25,Produit défectueux,1,722.47,remboursé
RET02756,VNT024672,CLT06461,PRD0256,2023-07-18,Ne correspond pas à la description,2,741.93,en_traitement
RET02757,VNT031766,CLT00148,PRD0012,2023-08-21,Mauvaise taille,2,11227.68,remboursé
RET02758,VNT050113,CLT07546,PRD0064,2023-01-11,Arrivé endommagé,4,318.07,remboursé
RET02759,VNT015986,CLT04340,PRD0278,2024-03-15,Changement d'avis,1,166.45,remboursé
RET02760,VNT035781,CLT03893,PRD0344,2024-05-13,Produit défectueux,3,974.74,remboursé
RET02761,VNT000520,CLT11255,PRD0238,2022-01-13,Ne correspond pas à la description,1,4136.17,remboursé
RET02762,VNT053898,CLT11505,PRD0319,2022-06-22,Ne correspond pas à la description,2,599.09,en_traitement
RET02763,VNT025020,CLT11030,PRD0036,2022-11-04,Ne correspond pas à la description,3,5454.4,remboursé
RET02764,VNT020631,CLT03586,PRD0383,2024-08-30,Arrivé endommagé,2,552.19,remboursé
RET02765,VNT019759,CLT11565,PRD0126,2024-03-06,Mauvaise taille,1,127.93,remboursé
RET02766,VNT003241,CLT02147,PRD0183,2024-11-26,Produit défectueux,1,828.79,remboursé
RET02767,VNT050621,CLT04239,PRD0110,2023-02-05,Mauvaise taille,1,23.9,remboursé
RET02768,VNT050271,CLT04437,PRD0263,2023-05-16,Mauvaise taille,1,513.49,remboursé
RET02769,VNT047836,CLT05205,PRD0365,2024-07-07,Ne correspond pas à la description,1,824.93,remboursé
RET02770,VNT028264,CLT06920,PRD0390,2022-05-08,Changement d'avis,1,67.89,remboursé
RET02771,VNT051417,CLT07103,PRD0281,2022-02-18,Produit défectueux,2,511.99,remboursé
RET02772,VNT046357,CLT09951,PRD0212,2024-07-12,Ne correspond pas à la description,1,1997.85,remboursé
RET02773,VNT033240,CLT00933,PRD0095,2023-12-14,Mauvaise taille,1,508.33,remboursé
RET02774,VNT020294,CLT05239,PRD0162,2024-03-27,Changement d'avis,3,3394.85,remboursé
RET02775,VNT000163,CLT06407,PRD0133,2022-05-07,Doublon de commande,1,183.08,remboursé
RET02776,VNT051623,CLT07165,PRD0384,2024-03-11,Ne correspond pas à la description,1,601.25,en_traitement
RET02777,VNT000030,CLT11293,PRD0311,2024-07-16,Ne correspond pas à la description,4,307.41,remboursé
RET02778,VNT040071,CLT10964,PRD0356,2023-07-28,Ne correspond pas à la description,1,393.52,remboursé
RET02779,VNT048836,CLT01195,PRD0333,2024-07-31,Qualité insuffisante,4,453.52,remboursé
RET02780,VNT005934,CLT04043,PRD0280,2024-02-19,Ne correspond pas à la description,1,179.31,remboursé
RET02781,VNT023845,CLT10740,PRD0324,2024-11-12,Arrivé endommagé,2,412.36,remboursé
RET02782,VNT053338,CLT11219,PRD0295,2024-03-29,Produit défectueux,1,156.28,remboursé
RET02783,VNT051878,CLT00022,PRD0167,2022-04-08,Délai de livraison dépassé,1,550.92,en_traitement
RET02784,VNT022497,CLT01927,PRD0172,2024-07-24,Produit défectueux,4,2478.73,remboursé
RET02785,VNT003358,CLT03188,PRD0267,2023-08-13,Changement d'avis,1,154.36,remboursé
RET02786,VNT003118,CLT04514,PRD0325,2022-07-29,Changement d'avis,2,406.33,remboursé
RET02787,VNT001701,CLT00961,PRD0184,2024-05-22,Arrivé endommagé,1,637.12,en_traitement
RET02788,VNT021882,CLT11465,PRD0133,2022-02-25,Produit défectueux,1,228.94,remboursé
RET02789,VNT051731,CLT01434,PRD0266,2024-04-25,Changement d'avis,2,226.29,remboursé
RET02790,VNT053920,CLT10812,PRD0045,2022-06-01,Produit défectueux,1,3296.82,en_traitement
RET02791,VNT045830,CLT00922,PRD0113,2024-04-26,Ne correspond pas à la description,1,316.58,remboursé
RET02792,VNT006769,CLT04683,PRD0011,2023-12-01,Produit défectueux,1,2012.47,remboursé
RET02793,VNT034417,CLT08337,PRD0115,2024-08-04,Changement d'avis,1,511.5,remboursé
RET02794,VNT007637,CLT02080,PRD0081,2022-09-21,Doublon de commande,2,997.69,en_traitement
RET02795,VNT014270,CLT02447,PRD0312,2024-09-15,Délai de livraison dépassé,2,184.03,en_traitement
RET02796,VNT002971,CLT10692,PRD0344,2023-10-23,Ne correspond pas à la description,1,553.5,refusé
RET02797,VNT045447,CLT00192,PRD0366,2024-06-25,Mauvaise taille,1,355.42,refusé
RET02798,VNT052848,CLT01498,PRD0147,2023-04-24,Qualité insuffisante,2,206.01,en_traitement
RET02799,VNT003511,CLT01328,PRD0382,2022-08-01,Produit défectueux,2,1142.89,remboursé
RET02800,VNT041518,CLT01317,PRD0341,2024-02-08,Ne correspond pas à la description,2,172.66,en_traitement
RET02801,VNT020343,CLT07356,PRD0367,2024-10-16,Arrivé endommagé,1,1042.36,remboursé
RET02802,VNT016301,CLT09256,PRD0115,2024-04-26,Produit défectueux,1,132.85,remboursé
RET02803,VNT014885,CLT10108,PRD0078,2022-08-27,Changement d'avis,1,701.0,refusé
RET02804,VNT020541,CLT11664,PRD0351,2023-04-27,Délai de livraison dépassé,1,143.39,remboursé
RET02805,VNT033406,CLT06757,PRD0082,2022-03-13,Changement d'avis,1,857.98,en_traitement
RET02806,VNT014064,CLT05984,PRD0061,2024-09-19,Mauvaise taille,1,283.96,en_traitement
RET02807,VNT007165,CLT08951,PRD0281,2022-11-18,Changement d'avis,2,919.92,en_traitement
RET02808,VNT052079,CLT07241,PRD0163,2024-05-17,Ne correspond pas à la description,1,2724.73,remboursé
RET02809,VNT022420,CLT04517,PRD0263,2022-04-01,Doublon de commande,1,598.42,remboursé
RET02810,VNT031185,CLT11480,PRD0257,2023-04-26,Produit défectueux,2,598.47,en_traitement
RET02811,VNT006515,CLT01556,PRD0080,2024-10-31,Produit défectueux,1,1394.92,remboursé
RET02812,VNT007145,CLT05504,PRD0248,2022-11-02,Mauvaise taille,1,697.71,remboursé
RET02813,VNT010676,CLT06752,PRD0331,2022-06-13,Ne correspond pas à la description,1,224.02,refusé
RET02814,VNT048010,CLT06965,PRD0230,2023-06-08,Produit défectueux,1,1048.92,remboursé
RET02815,VNT035732,CLT05891,PRD0190,2024-10-30,Arrivé endommagé,1,2946.44,remboursé
RET02816,VNT014865,CLT03747,PRD0356,2025-01-03,Qualité insuffisante,2,742.54,remboursé
RET02817,VNT025292,CLT00588,PRD0323,2023-10-26,Arrivé endommagé,1,299.74,remboursé
RET02818,VNT035475,CLT04948,PRD0301,2024-01-17,Ne correspond pas à la description,2,362.77,en_traitement
RET02819,VNT033821,CLT08255,PRD0373,2022-08-10,Qualité insuffisante,3,1529.27,refusé
RET02820,VNT033128,CLT08303,PRD0315,2022-06-20,Ne correspond pas à la description,1,625.73,remboursé
RET02821,VNT051477,CLT02052,PRD0115,2022-11-27,Produit défectueux,1,130.96,remboursé
RET02822,VNT017366,CLT09869,PRD0182,2023-12-09,Changement d'avis,2,6778.5,remboursé
RET02823,VNT021996,CLT02356,PRD0156,2022-05-06,Produit défectueux,1,481.64,remboursé
RET02824,VNT041941,CLT01265,PRD0366,2024-08-21,Mauvaise taille,1,1173.29,remboursé
RET02825,VNT012849,CLT06283,PRD0049,2022-12-07,Mauvaise taille,1,3316.8,remboursé
RET02826,VNT052652,CLT08454,PRD0162,2023-06-16,Ne correspond pas à la description,1,1083.44,remboursé
RET02827,VNT042410,CLT08273,PRD0285,2024-01-05,Délai de livraison dépassé,2,231.93,remboursé
RET02828,VNT040561,CLT01329,PRD0161,2023-10-08,Ne correspond pas à la description,1,2367.22,remboursé
RET02829,VNT047263,CLT05145,PRD0259,2023-06-20,Ne correspond pas à la description,1,700.95,remboursé
RET02830,VNT038629,CLT08236,PRD0228,2022-06-10,Changement d'avis,4,4635.06,refusé
RET02831,VNT013819,CLT00871,PRD0368,2023-11-06,Mauvaise taille,1,781.17,en_traitement
RET02832,VNT036975,CLT11111,PRD0148,2022-08-07,Changement d'avis,3,497.58,remboursé
RET02833,VNT051661,CLT11640,PRD0112,2023-05-18,Délai de livraison dépassé,1,137.17,en_traitement
RET02834,VNT039778,CLT02460,PRD0059,2022-05-23,Arrivé endommagé,1,2059.34,remboursé
RET02835,VNT054202,CLT06248,PRD0362,2022-02-19,Arrivé endommagé,1,154.12,remboursé
RET02836,VNT038231,CLT05874,PRD0302,2022-04-11,Produit défectueux,3,835.81,refusé
RET02837,VNT005004,CLT02203,PRD0279,2024-02-24,Ne correspond pas à la description,3,229.18,remboursé
RET02838,VNT042537,CLT04787,PRD0369,2022-10-09,Changement d'avis,1,373.37,remboursé
RET02839,VNT014667,CLT07348,PRD0299,2022-02-01,Délai de livraison dépassé,3,667.17,remboursé
RET02840,VNT043801,CLT11991,PRD0107,2022-08-15,Arrivé endommagé,2,57.4,refusé
RET02841,VNT013955,CLT00458,PRD0124,2024-02-07,Ne correspond pas à la description,1,93.3,en_traitement
RET02842,VNT005324,CLT07720,PRD0055,2024-12-20,Arrivé endommagé,2,1242.32,refusé
RET02843,VNT043103,CLT05807,PRD0229,2024-11-15,Ne correspond pas à la description,1,708.45,remboursé
RET02844,VNT025823,CLT06604,PRD0375,2022-06-16,Mauvaise taille,1,242.85,remboursé
RET02845,VNT049175,CLT04523,PRD0110,2023-11-11,Ne correspond pas à la description,1,25.03,en_traitement
RET02846,VNT005557,CLT08771,PRD0042,2024-07-10,Doublon de commande,2,8594.18,remboursé
RET02847,VNT043654,CLT06781,PRD0102,2023-11-28,Arrivé endommagé,2,192.53,en_traitement
RET02848,VNT024772,CLT10373,PRD0054,2024-06-18,Produit défectueux,1,234.84,remboursé
RET02849,VNT005171,CLT00165,PRD0163,2025-01-20,Qualité insuffisante,1,2179.96,en_traitement
RET02850,VNT030225,CLT05833,PRD0086,2023-06-23,Mauvaise taille,1,289.14,refusé
RET02851,VNT050916,CLT01920,PRD0380,2025-01-05,Ne correspond pas à la description,2,521.75,en_traitement
RET02852,VNT008093,CLT09934,PRD0194,2023-11-16,Produit défectueux,2,582.85,remboursé
RET02853,VNT011690,CLT00604,PRD0395,2023-04-22,Produit défectueux,1,1856.76,en_traitement
RET02854,VNT020633,CLT11058,PRD0341,2024-06-13,Mauvaise taille,2,106.83,en_traitement
RET02855,VNT017120,CLT09157,PRD0154,2023-11-29,Arrivé endommagé,1,221.63,remboursé
RET02856,VNT036773,CLT08918,PRD0334,2024-05-19,Arrivé endommagé,1,125.35,remboursé
RET02857,VNT024292,CLT02490,PRD0181,2023-04-25,Arrivé endommagé,1,1511.37,en_traitement
RET02858,VNT016811,CLT00420,PRD0377,2023-01-29,Arrivé endommagé,1,264.22,remboursé
RET02859,VNT012267,CLT01009,PRD0300,2022-10-23,Délai de livraison dépassé,1,262.84,remboursé
RET02860,VNT009010,CLT08833,PRD0053,2024-07-01,Mauvaise taille,1,474.46,remboursé
RET02861,VNT039011,CLT11610,PRD0382,2024-07-07,Produit défectueux,1,347.61,en_traitement
RET02862,VNT012161,CLT10564,PRD0299,2022-05-19,Produit défectueux,3,646.86,remboursé
RET02863,VNT012517,CLT11458,PRD0354,2024-09-24,Doublon de commande,1,119.47,remboursé
RET02864,VNT040973,CLT05999,PRD0038,2024-03-05,Mauvaise taille,3,2454.53,remboursé
RET02865,VNT033544,CLT04834,PRD0281,2022-11-10,Ne correspond pas à la description,3,1581.13,remboursé
RET02866,VNT007826,CLT05660,PRD0148,2024-07-13,Arrivé endommagé,3,436.02,remboursé
RET02867,VNT042443,CLT11041,PRD0323,2022-03-17,Produit défectueux,1,192.02,remboursé
RET02868,VNT004943,CLT10163,PRD0199,2023-07-12,Ne correspond pas à la description,3,1787.97,remboursé
RET02869,VNT000656,CLT02943,PRD0134,2024-02-10,Ne correspond pas à la description,2,172.19,remboursé
RET02870,VNT001531,CLT07924,PRD0074,2024-08-19,Produit défectueux,3,2005.17,remboursé
RET02871,VNT037772,CLT06465,PRD0080,2024-09-27,Produit défectueux,1,647.46,remboursé
RET02872,VNT001946,CLT01342,PRD0305,2024-12-08,Produit défectueux,2,380.03,remboursé
RET02873,VNT052760,CLT11507,PRD0220,2022-06-01,Délai de livraison dépassé,1,10264.61,remboursé
RET02874,VNT023613,CLT11801,PRD0183,2023-11-16,Ne correspond pas à la description,3,1915.63,remboursé
RET02875,VNT038696,CLT05778,PRD0025,2024-08-15,Ne correspond pas à la description,4,18923.39,remboursé
RET02876,VNT050965,CLT11395,PRD0372,2023-05-20,Ne correspond pas à la description,2,1150.8,en_traitement
RET02877,VNT043744,CLT04150,PRD0157,2023-04-26,Doublon de commande,4,865.94,remboursé
RET02878,VNT007142,CLT04883,PRD0295,2023-04-09,Arrivé endommagé,1,82.93,remboursé
RET02879,VNT037549,CLT03698,PRD0294,2023-05-29,Délai de livraison dépassé,2,275.59,remboursé
RET02880,VNT016422,CLT00733,PRD0063,2024-03-14,Produit défectueux,2,788.65,refusé
RET02881,VNT002325,CLT04234,PRD0127,2022-05-24,Doublon de commande,1,157.83,remboursé
RET02882,VNT053465,CLT06441,PRD0061,2024-07-05,Produit défectueux,2,549.3,en_traitement
RET02883,VNT028148,CLT02795,PRD0258,2024-02-03,Produit défectueux,1,263.08,remboursé
RET02884,VNT031154,CLT11340,PRD0041,2022-08-31,Ne correspond pas à la description,1,401.34,remboursé
RET02885,VNT054104,CLT10389,PRD0199,2023-07-26,Produit défectueux,2,1068.21,remboursé
RET02886,VNT002497,CLT00830,PRD0350,2024-01-13,Arrivé endommagé,2,434.55,remboursé
RET02887,VNT045391,CLT10245,PRD0057,2023-08-04,Changement d'avis,1,1292.3,refusé
RET02888,VNT040012,CLT07000,PRD0216,2022-11-10,Doublon de commande,1,2911.26,remboursé
RET02889,VNT005276,CLT09725,PRD0279,2022-08-14,Produit défectueux,1,77.54,remboursé
RET02890,VNT001171,CLT06571,PRD0356,2022-08-18,Ne correspond pas à la description,1,467.47,remboursé
RET02891,VNT027739,CLT03043,PRD0119,2023-03-19,Changement d'avis,3,180.04,remboursé
RET02892,VNT048266,CLT09712,PRD0191,2023-11-06,Mauvaise taille,1,908.87,refusé
RET02893,VNT003269,CLT09295,PRD0171,2024-09-09,Produit défectueux,1,2016.11,en_traitement
RET02894,VNT025607,CLT03061,PRD0025,2023-07-12,Qualité insuffisante,1,3312.47,remboursé
RET02895,VNT011660,CLT04884,PRD0028,2024-04-18,Produit défectueux,5,17711.28,remboursé
RET02896,VNT046262,CLT01346,PRD0004,2022-12-06,Produit défectueux,2,1207.73,en_traitement
RET02897,VNT050990,CLT01369,PRD0244,2024-08-07,Produit défectueux,1,2947.8,remboursé
RET02898,VNT038471,CLT06883,PRD0178,2022-11-10,Arrivé endommagé,1,354.62,en_traitement
RET02899,VNT008991,CLT01336,PRD0238,2024-10-18,Délai de livraison dépassé,1,4575.58,en_traitement
RET02900,VNT003465,CLT02737,PRD0222,2024-12-11,Arrivé endommagé,1,1269.92,remboursé
RET02901,VNT050907,CLT09654,PRD0124,2023-12-11,Arrivé endommagé,3,216.56,remboursé
RET02902,VNT034470,CLT05949,PRD0096,2023-07-01,Arrivé endommagé,1,704.1,remboursé
RET02903,VNT036806,CLT10828,PRD0194,2022-12-22,Délai de livraison dépassé,2,1365.33,refusé
RET02904,VNT034493,CLT08139,PRD0288,2024-04-11,Arrivé endommagé,1,272.39,en_traitement
RET02905,VNT033902,CLT03036,PRD0253,2024-02-23,Ne correspond pas à la description,4,839.09,remboursé
RET02906,VNT011479,CLT00642,PRD0067,2024-04-20,Arrivé endommagé,1,660.21,remboursé
RET02907,VNT052406,CLT11879,PRD0394,2024-04-30,Produit défectueux,1,216.31,en_traitement
RET02908,VNT032783,CLT11179,PRD0114,2022-08-07,Qualité insuffisante,1,122.99,remboursé
RET02909,VNT053491,CLT03196,PRD0378,2022-07-01,Ne correspond pas à la description,1,552.64,remboursé
RET02910,VNT009096,CLT05776,PRD0228,2022-11-02,Arrivé endommagé,4,1587.97,remboursé
RET02911,VNT022124,CLT07662,PRD0100,2022-11-30,Mauvaise taille,1,1077.56,remboursé
RET02912,VNT034543,CLT09688,PRD0043,2022-09-16,Ne correspond pas à la description,2,7916.0,en_traitement
RET02913,VNT049121,CLT09347,PRD0328,2024-10-19,Mauvaise taille,1,65.92,remboursé
RET02914,VNT037100,CLT00068,PRD0149,2024-11-19,Produit défectueux,1,122.01,remboursé
RET02915,VNT048237,CLT10468,PRD0072,2024-07-05,Ne correspond pas à la description,1,340.08,remboursé
RET02916,VNT028662,CLT05275,PRD0249,2023-12-25,Doublon de commande,2,1783.65,remboursé
RET02917,VNT054726,CLT05981,PRD0356,2024-03-10,Produit défectueux,1,359.15,remboursé
RET02918,VNT044459,CLT08145,PRD0351,2022-09-07,Produit défectueux,1,73.29,remboursé
RET02919,VNT017218,CLT09852,PRD0225,2023-01-06,Produit défectueux,1,1676.67,en_traitement
RET02920,VNT029498,CLT01566,PRD0241,2024-10-28,Mauvaise taille,1,1656.45,remboursé
RET02921,VNT003521,CLT04183,PRD0375,2024-06-27,Arrivé endommagé,1,202.25,remboursé
RET02922,VNT048270,CLT01702,PRD0195,2022-10-07,Arrivé endommagé,7,4659.62,remboursé
RET02923,VNT010324,CLT11513,PRD0168,2023-09-13,Produit défectueux,1,1139.84,remboursé
RET02924,VNT049788,CLT10337,PRD0386,2023-05-10,Ne correspond pas à la description,3,259.85,remboursé
RET02925,VNT004011,CLT01018,PRD0279,2023-09-04,Mauvaise taille,1,197.92,remboursé
RET02926,VNT019967,CLT01108,PRD0169,2023-01-22,Produit défectueux,6,1258.82,remboursé
RET02927,VNT045431,CLT09919,PRD0137,2023-07-11,Produit défectueux,1,67.37,remboursé
RET02928,VNT004474,CLT04625,PRD0230,2023-12-10,Doublon de commande,2,3177.64,remboursé
RET02929,VNT007968,CLT01909,PRD0300,2022-08-02,Délai de livraison dépassé,1,102.03,remboursé
RET02930,VNT024645,CLT08512,PRD0387,2024-09-14,Arrivé endommagé,1,1113.99,remboursé
RET02931,VNT015050,CLT07412,PRD0136,2022-04-13,Ne correspond pas à la description,1,105.91,remboursé
RET02932,VNT010110,CLT00682,PRD0102,2024-03-04,Doublon de commande,1,78.82,remboursé
RET02933,VNT053016,CLT09987,PRD0302,2023-10-31,Arrivé endommagé,1,616.26,remboursé
RET02934,VNT026855,CLT10283,PRD0122,2023-01-10,Mauvaise taille,3,1053.26,en_traitement
RET02935,VNT029776,CLT02413,PRD0229,2023-10-11,Qualité insuffisante,4,3050.42,remboursé
RET02936,VNT043382,CLT00393,PRD0030,2024-03-16,Produit défectueux,4,6440.53,en_traitement
RET02937,VNT016248,CLT07467,PRD0142,2024-07-13,Arrivé endommagé,1,38.1,remboursé
RET02938,VNT021820,CLT02816,PRD0021,2024-12-26,Ne correspond pas à la description,1,400.82,remboursé
RET02939,VNT052518,CLT10114,PRD0327,2023-03-01,Délai de livraison dépassé,6,1144.38,remboursé
RET02940,VNT002459,CLT01146,PRD0325,2022-08-23,Changement d'avis,2,577.28,remboursé
RET02941,VNT039872,CLT02486,PRD0349,2022-03-09,Ne correspond pas à la description,1,274.36,remboursé
RET02942,VNT003831,CLT07712,PRD0069,2022-03-16,Mauvaise taille,5,2193.36,remboursé
RET02943,VNT034443,CLT02572,PRD0084,2024-04-29,Mauvaise taille,1,709.37,remboursé
RET02944,VNT051281,CLT02921,PRD0375,2024-08-05,Mauvaise taille,2,405.03,remboursé
RET02945,VNT043033,CLT00376,PRD0392,2022-09-19,Doublon de commande,1,367.57,remboursé
RET02946,VNT025103,CLT02926,PRD0070,2024-10-14,Ne correspond pas à la description,1,1559.32,en_traitement
RET02947,VNT011123,CLT09509,PRD0220,2022-05-01,Produit défectueux,1,2757.1,remboursé
RET02948,VNT006837,CLT10875,PRD0369,2023-02-03,Arrivé endommagé,1,174.43,en_traitement
RET02949,VNT042854,CLT03260,PRD0338,2024-09-22,Produit défectueux,5,677.84,en_traitement
RET02950,VNT004555,CLT10410,PRD0274,2024-12-12,Produit défectueux,1,282.92,en_traitement
RET02951,VNT048601,CLT03036,PRD0208,2023-06-10,Mauvaise taille,8,15132.72,en_traitement
RET02952,VNT009690,CLT04544,PRD0127,2023-08-24,Produit défectueux,2,346.01,remboursé
RET02953,VNT026599,CLT10784,PRD0186,2024-10-14,Doublon de commande,1,814.63,remboursé
RET02954,VNT002704,CLT10597,PRD0092,2023-02-23,Doublon de commande,1,234.63,en_traitement
RET02955,VNT023327,CLT06542,PRD0355,2023-04-21,Mauvaise taille,1,682.87,remboursé
RET02956,VNT020460,CLT11367,PRD0143,2024-11-05,Mauvaise taille,5,266.78,remboursé
RET02957,VNT034324,CLT06324,PRD0276,2022-03-12,Ne correspond pas à la description,2,1028.86,remboursé
RET02958,VNT045481,CLT05865,PRD0191,2023-01-11,Ne correspond pas à la description,1,778.02,remboursé
RET02959,VNT014739,CLT03187,PRD0006,2022-03-29,Changement d'avis,5,2639.92,remboursé
RET02960,VNT019739,CLT08758,PRD0257,2023-01-15,Arrivé endommagé,1,277.12,remboursé
RET02961,VNT039635,CLT06413,PRD0080,2022-04-06,Produit défectueux,1,425.45,refusé
RET02962,VNT012265,CLT01132,PRD0377,2024-12-04,Mauvaise taille,1,648.79,remboursé
RET02963,VNT000959,CLT09083,PRD0391,2022-05-30,Produit défectueux,1,938.22,en_traitement
RET02964,VNT011540,CLT01964,PRD0063,2024-09-18,Mauvaise taille,1,1361.08,refusé
RET02965,VNT051785,CLT03439,PRD0066,2022-06-08,Arrivé endommagé,1,1010.48,remboursé
RET02966,VNT034984,CLT10601,PRD0183,2024-09-08,Changement d'avis,1,651.88,en_traitement
RET02967,VNT000516,CLT07382,PRD0360,2023-08-29,Changement d'avis,3,1673.74,remboursé
RET02968,VNT034482,CLT04119,PRD0210,2024-10-04,Produit défectueux,3,311.94,remboursé
RET02969,VNT042455,CLT03439,PRD0213,2024-10-23,Produit défectueux,2,6654.58,remboursé
RET02970,VNT022659,CLT06956,PRD0196,2023-05-01,Arrivé endommagé,2,313.53,en_traitement
RET02971,VNT021115,CLT09196,PRD0328,2022-08-09,Doublon de commande,2,109.7,remboursé
RET02972,VNT024243,CLT00426,PRD0335,2022-09-09,Arrivé endommagé,1,346.19,refusé
RET02973,VNT019830,CLT11026,PRD0211,2024-07-15,Arrivé endommagé,2,2309.54,refusé
RET02974,VNT051083,CLT09609,PRD0383,2024-01-07,Produit défectueux,2,592.78,remboursé
RET02975,VNT001710,CLT01678,PRD0389,2022-03-07,Arrivé endommagé,1,584.44,remboursé
RET02976,VNT041007,CLT06764,PRD0330,2022-07-15,Arrivé endommagé,2,103.6,remboursé
RET02977,VNT025797,CLT09096,PRD0114,2024-01-28,Arrivé endommagé,2,414.18,refusé
RET02978,VNT034413,CLT04133,PRD0398,2025-01-02,Délai de livraison dépassé,1,359.41,remboursé
RET02979,VNT021781,CLT08578,PRD0131,2024-06-01,Produit défectueux,1,108.86,remboursé
RET02980,VNT048018,CLT08099,PRD0217,2024-06-01,Mauvaise taille,1,508.96,en_traitement
RET02981,VNT027789,CLT09108,PRD0220,2022-07-22,Doublon de commande,8,16283.3,en_traitement
RET02982,VNT009779,CLT05139,PRD0151,2023-01-31,Doublon de commande,1,1953.11,en_traitement
RET02983,VNT018209,CLT08765,PRD0231,2024-06-20,Doublon de commande,1,1664.22,remboursé
RET02984,VNT026411,CLT10923,PRD0332,2023-03-19,Produit défectueux,1,91.65,en_traitement
RET02985,VNT021478,CLT05412,PRD0265,2023-02-24,Produit défectueux,1,547.47,remboursé
RET02986,VNT045938,CLT04604,PRD0011,2024-06-28,Changement d'avis,1,1935.35,remboursé
RET02987,VNT011583,CLT01319,PRD0293,2023-10-06,Délai de livraison dépassé,1,436.95,remboursé
RET02988,VNT017742,CLT01472,PRD0359,2022-04-22,Délai de livraison dépassé,1,481.09,remboursé
RET02989,VNT020821,CLT00468,PRD0133,2024-02-09,Délai de livraison dépassé,2,308.47,remboursé
RET02990,VNT005089,CLT01487,PRD0305,2022-03-09,Ne correspond pas à la description,2,432.5,remboursé
RET02991,VNT052374,CLT05523,PRD0325,2023-12-12,Doublon de commande,1,243.88,remboursé
RET02992,VNT025932,CLT04626,PRD0321,2023-06-15,Ne correspond pas à la description,2,525.0,remboursé
RET02993,VNT021684,CLT04231,PRD0098,2022-09-25,Arrivé endommagé,2,1454.81,remboursé
RET02994,VNT004751,CLT02187,PRD0297,2022-04-18,Délai de livraison dépassé,4,1360.08,remboursé
RET02995,VNT005644,CLT08854,PRD0307,2023-01-05,Ne correspond pas à la description,1,99.69,remboursé
RET02996,VNT034340,CLT02912,PRD0011,2024-12-10,Ne correspond pas à la description,4,15327.35,remboursé
RET02997,VNT030805,CLT07861,PRD0202,2023-11-11,Ne correspond pas à la description,2,1913.3,remboursé
RET02998,VNT053056,CLT02359,PRD0265,2023-10-15,Arrivé endommagé,2,665.18,remboursé
RET02999,VNT042153,CLT00905,PRD0212,2024-01-25,Arrivé endommagé,1,4666.43,remboursé
RET03000,VNT038870,CLT04654,PRD0344,2024-06-27,Ne correspond pas à la description,1,277.63,remboursé
RET03001,VNT013509,CLT00891,PRD0285,2024-04-28,Doublon de commande,1,126.58,remboursé
RET03002,VNT031727,CLT11114,PRD0318,2022-06-16,Produit défectueux,1,209.7,remboursé
RET03003,VNT004059,CLT04060,PRD0197,2022-11-19,Ne correspond pas à la description,5,1916.88,en_traitement
RET03004,VNT017285,CLT01635,PRD0288,2025-01-24,Arrivé endommagé,2,683.96,remboursé
RET03005,VNT024139,CLT09321,PRD0370,2022-09-07,Produit défectueux,2,1294.75,refusé
RET03006,VNT049029,CLT01852,PRD0069,2023-12-07,Arrivé endommagé,2,706.87,remboursé
RET03007,VNT023891,CLT06177,PRD0255,2024-04-03,Arrivé endommagé,3,410.37,en_traitement
RET03008,VNT018471,CLT11477,PRD0099,2024-11-12,Changement d'avis,1,313.66,remboursé
RET03009,VNT041170,CLT03783,PRD0228,2022-02-17,Mauvaise taille,2,2326.36,remboursé
RET03010,VNT015073,CLT09360,PRD0184,2022-01-26,Arrivé endommagé,3,1004.91,en_traitement
RET03011,VNT007647,CLT06973,PRD0303,2022-12-30,Doublon de commande,2,328.63,remboursé
RET03012,VNT042780,CLT11434,PRD0343,2024-05-09,Produit défectueux,1,164.59,en_traitement
RET03013,VNT030348,CLT07412,PRD0304,2022-03-10,Arrivé endommagé,2,202.92,remboursé
RET03014,VNT004956,CLT06465,PRD0185,2023-08-20,Ne correspond pas à la description,1,1364.04,remboursé
RET03015,VNT006928,CLT05293,PRD0196,2023-03-06,Ne correspond pas à la description,3,1522.45,remboursé
RET03016,VNT040670,CLT03295,PRD0233,2023-09-23,Ne correspond pas à la description,1,6800.19,remboursé
RET03017,VNT003572,CLT11050,PRD0090,2023-06-03,Mauvaise taille,1,427.54,en_traitement
RET03018,VNT054175,CLT02921,PRD0051,2024-11-14,Doublon de commande,1,2803.1,en_traitement
RET03019,VNT021993,CLT09487,PRD0365,2022-07-29,Mauvaise taille,3,1278.46,remboursé
RET03020,VNT039862,CLT01936,PRD0103,2023-12-08,Arrivé endommagé,2,163.46,en_traitement
RET03021,VNT019431,CLT04111,PRD0237,2023-04-07,Mauvaise taille,2,4442.43,remboursé
RET03022,VNT020571,CLT07468,PRD0320,2023-01-20,Changement d'avis,2,123.72,refusé
RET03023,VNT015980,CLT04781,PRD0281,2024-09-08,Doublon de commande,1,331.11,remboursé
RET03024,VNT029548,CLT00296,PRD0237,2022-03-11,Mauvaise taille,1,1689.42,remboursé
RET03025,VNT054999,CLT09555,PRD0311,2023-05-01,Produit défectueux,3,245.31,remboursé
RET03026,VNT037837,CLT11619,PRD0043,2024-08-29,Produit défectueux,1,7265.16,remboursé
RET03027,VNT013234,CLT06182,PRD0380,2023-02-18,Produit défectueux,2,537.28,en_traitement
RET03028,VNT024550,CLT09451,PRD0244,2024-11-16,Doublon de commande,1,2435.57,remboursé
RET03029,VNT032574,CLT07569,PRD0113,2022-08-02,Produit défectueux,1,85.49,remboursé
RET03030,VNT001405,CLT09881,PRD0054,2023-05-24,Délai de livraison dépassé,2,642.16,remboursé
RET03031,VNT027740,CLT00589,PRD0361,2023-07-01,Produit défectueux,2,256.61,remboursé
RET03032,VNT042427,CLT01886,PRD0274,2024-12-09,Produit défectueux,5,1355.61,en_traitement
RET03033,VNT033977,CLT00359,PRD0171,2022-05-24,Qualité insuffisante,1,522.87,en_traitement
RET03034,VNT049555,CLT03259,PRD0149,2024-08-09,Produit défectueux,1,292.22,remboursé
RET03035,VNT026571,CLT09001,PRD0354,2024-12-02,Ne correspond pas à la description,1,387.92,remboursé
RET03036,VNT046349,CLT04490,PRD0145,2022-11-10,Ne correspond pas à la description,2,59.37,en_traitement
RET03037,VNT041254,CLT01598,PRD0275,2023-06-01,Changement d'avis,1,50.53,remboursé
RET03038,VNT033352,CLT00492,PRD0015,2022-01-27,Doublon de commande,1,3107.39,refusé
RET03039,VNT043420,CLT08512,PRD0059,2022-11-05,Changement d'avis,1,874.53,en_traitement
RET03040,VNT002258,CLT04899,PRD0371,2024-08-15,Ne correspond pas à la description,1,339.78,en_traitement
RET03041,VNT030616,CLT10571,PRD0189,2023-09-02,Changement d'avis,1,92.83,remboursé
RET03042,VNT029844,CLT08337,PRD0024,2024-06-09,Ne correspond pas à la description,1,654.11,remboursé
RET03043,VNT023413,CLT06340,PRD0071,2022-07-18,Délai de livraison dépassé,1,1360.25,en_traitement
RET03044,VNT031709,CLT09847,PRD0061,2024-07-18,Ne correspond pas à la description,1,332.1,remboursé
RET03045,VNT025350,CLT01332,PRD0039,2022-05-24,Doublon de commande,2,4778.58,en_traitement
RET03046,VNT002650,CLT03978,PRD0252,2023-01-29,Changement d'avis,1,213.36,refusé
RET03047,VNT044165,CLT06706,PRD0052,2022-09-29,Doublon de commande,1,1168.81,remboursé
RET03048,VNT030086,CLT09365,PRD0369,2023-04-21,Doublon de commande,1,221.73,en_traitement
RET03049,VNT035179,CLT03521,PRD0367,2023-10-16,Arrivé endommagé,3,967.47,remboursé
RET03050,VNT041828,CLT10177,PRD0387,2023-12-13,Mauvaise taille,1,544.87,remboursé
RET03051,VNT034715,CLT00399,PRD0216,2022-08-16,Produit défectueux,1,810.92,remboursé
RET03052,VNT047826,CLT06359,PRD0013,2024-04-24,Mauvaise taille,2,1683.17,remboursé
RET03053,VNT039342,CLT11789,PRD0249,2024-07-12,Doublon de commande,2,2140.42,en_traitement
RET03054,VNT042442,CLT02722,PRD0326,2023-01-28,Arrivé endommagé,2,246.64,remboursé
RET03055,VNT002381,CLT07113,PRD0218,2023-09-26,Arrivé endommagé,1,255.69,remboursé
RET03056,VNT038353,CLT01829,PRD0239,2022-07-15,Produit défectueux,1,2031.71,en_traitement
RET03057,VNT024161,CLT02248,PRD0323,2022-08-17,Produit défectueux,3,519.03,remboursé
RET03058,VNT054533,CLT00097,PRD0299,2023-08-08,Arrivé endommagé,1,194.69,remboursé
RET03059,VNT021593,CLT07656,PRD0392,2023-01-13,Changement d'avis,1,941.16,remboursé
RET03060,VNT013875,CLT08463,PRD0203,2024-01-07,Délai de livraison dépassé,2,3495.82,remboursé
RET03061,VNT037027,CLT07815,PRD0206,2022-03-09,Produit défectueux,1,1929.58,en_traitement
RET03062,VNT026160,CLT06253,PRD0125,2023-01-07,Produit défectueux,4,131.52,remboursé
RET03063,VNT040130,CLT09165,PRD0044,2023-01-13,Produit défectueux,5,11963.6,remboursé
RET03064,VNT039026,CLT01239,PRD0028,2023-12-30,Mauvaise taille,1,2900.88,remboursé
RET03065,VNT052530,CLT04360,PRD0193,2024-01-02,Produit défectueux,1,1465.23,remboursé
RET03066,VNT050012,CLT02156,PRD0215,2024-12-12,Délai de livraison dépassé,3,4854.61,remboursé
RET03067,VNT007347,CLT04800,PRD0109,2022-08-12,Mauvaise taille,3,287.8,refusé
RET03068,VNT018114,CLT11098,PRD0114,2023-01-18,Changement d'avis,2,566.15,refusé
RET03069,VNT004695,CLT09930,PRD0183,2024-04-04,Changement d'avis,6,5220.48,en_traitement
RET03070,VNT009136,CLT07924,PRD0235,2023-05-12,Produit défectueux,1,4505.29,refusé
RET03071,VNT004366,CLT10235,PRD0289,2022-05-29,Doublon de commande,2,58.55,remboursé
RET03072,VNT041252,CLT03371,PRD0304,2023-01-08,Arrivé endommagé,1,56.02,remboursé
RET03073,VNT024738,CLT07521,PRD0065,2022-09-19,Délai de livraison dépassé,1,690.06,en_traitement
RET03074,VNT034598,CLT07412,PRD0355,2023-02-02,Délai de livraison dépassé,5,1609.11,refusé
RET03075,VNT026033,CLT01994,PRD0300,2024-10-21,Arrivé endommagé,1,216.74,refusé
RET03076,VNT022663,CLT04677,PRD0232,2023-01-14,Produit défectueux,2,6140.01,en_traitement
RET03077,VNT014582,CLT05797,PRD0210,2024-09-05,Arrivé endommagé,1,84.09,en_traitement
RET03078,VNT052168,CLT04773,PRD0142,2023-09-27,Produit défectueux,1,12.35,en_traitement
RET03079,VNT039686,CLT00484,PRD0308,2022-09-17,Produit défectueux,1,893.82,remboursé
RET03080,VNT047744,CLT08938,PRD0286,2025-01-02,Ne correspond pas à la description,1,794.46,remboursé
RET03081,VNT030163,CLT10026,PRD0207,2022-05-22,Changement d'avis,5,4273.98,refusé
RET03082,VNT014278,CLT04079,PRD0203,2024-08-30,Ne correspond pas à la description,2,7175.89,refusé
RET03083,VNT038604,CLT06550,PRD0257,2024-12-02,Délai de livraison dépassé,1,722.27,en_traitement
RET03084,VNT042761,CLT03285,PRD0142,2024-12-09,Arrivé endommagé,2,42.83,remboursé
RET03085,VNT029280,CLT11867,PRD0228,2022-06-28,Arrivé endommagé,4,1570.63,remboursé
RET03086,VNT006716,CLT03271,PRD0206,2024-07-13,Changement d'avis,1,4499.01,en_traitement
RET03087,VNT049731,CLT10152,PRD0077,2023-01-20,Produit défectueux,3,2240.16,refusé
RET03088,VNT034268,CLT07746,PRD0088,2022-03-27,Ne correspond pas à la description,1,101.47,remboursé
RET03089,VNT019964,CLT05980,PRD0178,2024-07-25,Produit défectueux,1,481.24,en_traitement
RET03090,VNT005739,CLT04103,PRD0342,2023-08-28,Arrivé endommagé,1,117.77,en_traitement
RET03091,VNT015055,CLT05022,PRD0102,2022-08-31,Produit défectueux,1,71.63,remboursé
RET03092,VNT053391,CLT05372,PRD0161,2023-05-06,Changement d'avis,2,932.24,refusé
RET03093,VNT023511,CLT11369,PRD0381,2023-08-26,Produit défectueux,3,1808.79,remboursé
RET03094,VNT021982,CLT05687,PRD0087,2023-05-27,Changement d'avis,2,2779.95,remboursé
RET03095,VNT034255,CLT04941,PRD0370,2024-07-17,Ne correspond pas à la description,1,117.97,en_traitement
RET03096,VNT001808,CLT05856,PRD0068,2022-12-12,Arrivé endommagé,1,411.45,en_traitement
RET03097,VNT036687,CLT11067,PRD0364,2024-07-06,Arrivé endommagé,2,432.0,refusé
RET03098,VNT007590,CLT02499,PRD0123,2024-01-22,Produit défectueux,6,530.33,remboursé
RET03099,VNT038861,CLT00105,PRD0087,2023-08-21,Ne correspond pas à la description,1,1276.38,remboursé
RET03100,VNT049311,CLT06917,PRD0189,2024-01-22,Produit défectueux,1,151.79,remboursé
RET03101,VNT002132,CLT06251,PRD0194,2024-11-09,Changement d'avis,2,687.92,remboursé
RET03102,VNT009664,CLT08660,PRD0272,2024-02-06,Ne correspond pas à la description,1,157.3,remboursé
RET03103,VNT046958,CLT06726,PRD0381,2023-02-17,Ne correspond pas à la description,1,514.46,en_traitement
RET03104,VNT001844,CLT04027,PRD0154,2024-09-08,Ne correspond pas à la description,1,425.53,remboursé
RET03105,VNT041819,CLT06045,PRD0091,2022-10-28,Ne correspond pas à la description,1,230.03,remboursé
RET03106,VNT014303,CLT02375,PRD0122,2022-08-28,Produit défectueux,1,164.32,en_traitement
RET03107,VNT003782,CLT04432,PRD0058,2022-07-20,Produit défectueux,1,502.84,remboursé
RET03108,VNT048106,CLT03531,PRD0157,2023-08-16,Ne correspond pas à la description,1,205.91,remboursé
RET03109,VNT018226,CLT07109,PRD0356,2023-12-31,Mauvaise taille,3,1405.31,remboursé
RET03110,VNT003883,CLT01286,PRD0139,2024-01-23,Ne correspond pas à la description,1,162.76,remboursé
RET03111,VNT007038,CLT05083,PRD0257,2023-10-09,Arrivé endommagé,1,343.79,remboursé
RET03112,VNT032405,CLT07748,PRD0187,2023-07-25,Ne correspond pas à la description,1,1247.91,remboursé
RET03113,VNT014952,CLT02209,PRD0107,2023-09-16,Arrivé endommagé,1,68.72,remboursé
RET03114,VNT027256,CLT10255,PRD0124,2022-11-16,Mauvaise taille,2,187.52,remboursé
RET03115,VNT041408,CLT03242,PRD0384,2024-03-10,Changement d'avis,1,707.93,remboursé
RET03116,VNT049850,CLT00028,PRD0381,2024-08-18,Mauvaise taille,1,433.38,remboursé
RET03117,VNT051537,CLT03195,PRD0061,2024-10-17,Changement d'avis,1,429.35,refusé
RET03118,VNT036496,CLT11591,PRD0184,2023-10-01,Arrivé endommagé,1,286.23,remboursé
RET03119,VNT002972,CLT11859,PRD0377,2022-07-26,Doublon de commande,1,228.25,remboursé
RET03120,VNT024454,CLT05803,PRD0231,2025-01-15,Arrivé endommagé,1,497.78,remboursé
RET03121,VNT051773,CLT04765,PRD0279,2023-06-29,Doublon de commande,1,83.99,remboursé
RET03122,VNT004264,CLT00244,PRD0386,2023-07-17,Ne correspond pas à la description,2,254.93,remboursé
RET03123,VNT004117,CLT08116,PRD0026,2023-07-09,Arrivé endommagé,5,5824.16,remboursé
RET03124,VNT024801,CLT11294,PRD0148,2022-09-03,Mauvaise taille,1,172.98,remboursé
RET03125,VNT029678,CLT07499,PRD0065,2023-09-17,Arrivé endommagé,1,590.91,en_traitement
RET03126,VNT033869,CLT06555,PRD0196,2023-09-19,Produit défectueux,2,305.54,remboursé
RET03127,VNT025861,CLT07732,PRD0134,2023-07-23,Ne correspond pas à la description,3,260.16,remboursé
RET03128,VNT040773,CLT05341,PRD0295,2023-11-17,Produit défectueux,1,76.48,remboursé
RET03129,VNT051945,CLT08322,PRD0200,2023-01-25,Mauvaise taille,1,806.49,remboursé
RET03130,VNT047614,CLT08602,PRD0222,2022-12-16,Produit défectueux,3,10139.38,remboursé
RET03131,VNT039865,CLT01288,PRD0206,2023-01-14,Doublon de commande,1,2115.42,refusé
RET03132,VNT015603,CLT07278,PRD0221,2024-06-28,Ne correspond pas à la description,1,70.5,remboursé
RET03133,VNT043754,CLT02531,PRD0059,2024-11-07,Ne correspond pas à la description,1,2197.65,remboursé
RET03134,VNT025034,CLT11163,PRD0362,2024-06-03,Doublon de commande,3,828.45,remboursé
RET03135,VNT024140,CLT06838,PRD0333,2023-05-27,Arrivé endommagé,1,88.99,remboursé
RET03136,VNT045905,CLT04296,PRD0074,2024-04-10,Produit défectueux,1,643.19,en_traitement
RET03137,VNT015178,CLT02248,PRD0079,2024-04-30,Changement d'avis,1,587.79,remboursé
RET03138,VNT043215,CLT07815,PRD0280,2022-08-06,Arrivé endommagé,2,176.75,remboursé
RET03139,VNT028497,CLT09638,PRD0015,2023-06-10,Doublon de commande,1,2896.59,remboursé
RET03140,VNT049645,CLT07659,PRD0348,2024-03-18,Ne correspond pas à la description,1,155.67,remboursé
RET03141,VNT049530,CLT10376,PRD0247,2022-02-08,Ne correspond pas à la description,1,89.96,remboursé
RET03142,VNT038013,CLT04892,PRD0134,2022-03-13,Mauvaise taille,1,92.59,remboursé
RET03143,VNT005986,CLT06982,PRD0258,2024-12-26,Ne correspond pas à la description,2,971.68,remboursé
RET03144,VNT037374,CLT04924,PRD0225,2022-10-16,Mauvaise taille,2,10029.2,remboursé
RET03145,VNT030606,CLT06133,PRD0256,2022-01-13,Arrivé endommagé,4,2178.6,remboursé
RET03146,VNT013075,CLT04963,PRD0281,2022-10-05,Changement d'avis,2,1165.46,remboursé
RET03147,VNT017543,CLT09583,PRD0212,2023-06-26,Ne correspond pas à la description,1,8377.65,remboursé
RET03148,VNT012309,CLT01232,PRD0115,2023-02-22,Mauvaise taille,1,140.52,remboursé
RET03149,VNT004258,CLT05807,PRD0110,2023-06-09,Changement d'avis,2,81.01,remboursé
RET03150,VNT015727,CLT00875,PRD0273,2024-11-25,Ne correspond pas à la description,2,1715.3,remboursé
RET03151,VNT038159,CLT05974,PRD0363,2022-12-23,Produit défectueux,1,530.74,remboursé
RET03152,VNT034486,CLT01365,PRD0075,2023-06-16,Arrivé endommagé,2,2892.43,remboursé
RET03153,VNT042017,CLT10190,PRD0292,2022-04-07,Délai de livraison dépassé,1,113.42,remboursé
RET03154,VNT033972,CLT10520,PRD0373,2022-09-01,Produit défectueux,1,368.06,en_traitement
RET03155,VNT019926,CLT02604,PRD0054,2024-02-25,Produit défectueux,2,294.34,remboursé
RET03156,VNT020579,CLT00489,PRD0112,2024-03-20,Arrivé endommagé,1,138.07,en_traitement
RET03157,VNT013929,CLT04713,PRD0196,2022-03-19,Mauvaise taille,2,535.49,remboursé
RET03158,VNT019055,CLT11627,PRD0088,2022-09-02,Produit défectueux,1,140.14,remboursé
RET03159,VNT023145,CLT08435,PRD0121,2022-09-06,Produit défectueux,1,148.72,remboursé
RET03160,VNT002527,CLT08624,PRD0395,2023-01-03,Changement d'avis,3,1243.54,remboursé
RET03161,VNT034459,CLT01626,PRD0060,2023-02-09,Produit défectueux,8,2363.1,remboursé
RET03162,VNT009365,CLT00212,PRD0085,2024-12-28,Mauvaise taille,1,219.54,remboursé
RET03163,VNT001172,CLT04880,PRD0342,2023-12-13,Arrivé endommagé,2,296.09,remboursé
RET03164,VNT005078,CLT11448,PRD0321,2022-12-16,Changement d'avis,3,707.8,remboursé
RET03165,VNT034235,CLT02238,PRD0216,2022-08-16,Produit défectueux,1,693.37,remboursé
RET03166,VNT011582,CLT00214,PRD0348,2023-09-26,Changement d'avis,2,423.01,remboursé
RET03167,VNT006207,CLT10439,PRD0352,2022-03-24,Arrivé endommagé,9,5611.16,remboursé
RET03168,VNT030069,CLT11536,PRD0093,2022-08-15,Ne correspond pas à la description,4,1178.53,remboursé
RET03169,VNT054772,CLT01994,PRD0163,2024-06-29,Produit défectueux,2,1686.22,remboursé
RET03170,VNT030695,CLT07338,PRD0175,2022-03-20,Arrivé endommagé,4,2212.28,remboursé
RET03171,VNT008251,CLT08148,PRD0363,2024-02-02,Mauvaise taille,2,498.61,remboursé
RET03172,VNT039088,CLT07104,PRD0239,2022-10-06,Mauvaise taille,1,4139.71,remboursé
RET03173,VNT035547,CLT03270,PRD0250,2022-11-24,Produit défectueux,2,214.66,remboursé
RET03174,VNT008636,CLT08708,PRD0015,2024-05-30,Arrivé endommagé,1,1401.77,remboursé
RET03175,VNT000143,CLT07475,PRD0209,2024-12-07,Ne correspond pas à la description,1,395.41,remboursé
RET03176,VNT036866,CLT01790,PRD0178,2022-05-20,Produit défectueux,2,884.81,remboursé
RET03177,VNT050254,CLT02617,PRD0145,2023-08-13,Ne correspond pas à la description,3,46.97,remboursé
RET03178,VNT038071,CLT02567,PRD0167,2022-11-14,Mauvaise taille,1,638.1,en_traitement
RET03179,VNT040084,CLT09884,PRD0365,2022-10-23,Produit défectueux,1,377.7,en_traitement
RET03180,VNT040919,CLT09474,PRD0197,2023-07-30,Ne correspond pas à la description,1,342.96,remboursé
RET03181,VNT013717,CLT03189,PRD0021,2024-09-19,Produit défectueux,1,486.3,en_traitement
RET03182,VNT039297,CLT03244,PRD0307,2022-06-29,Délai de livraison dépassé,4,475.35,en_traitement
RET03183,VNT004461,CLT01629,PRD0199,2024-05-16,Produit défectueux,1,553.13,remboursé
RET03184,VNT009287,CLT01643,PRD0372,2024-06-22,Mauvaise taille,1,1526.19,remboursé
RET03185,VNT028939,CLT01801,PRD0120,2024-06-11,Arrivé endommagé,1,300.5,en_traitement
RET03186,VNT050335,CLT08653,PRD0040,2022-09-12,Qualité insuffisante,5,4844.23,remboursé
RET03187,VNT020907,CLT01757,PRD0001,2023-08-01,Produit défectueux,2,5959.32,en_traitement
RET03188,VNT030968,CLT04797,PRD0350,2024-07-07,Doublon de commande,4,1190.08,remboursé
RET03189,VNT025299,CLT09588,PRD0287,2024-12-31,Arrivé endommagé,1,77.08,remboursé
RET03190,VNT020188,CLT06512,PRD0094,2024-01-30,Ne correspond pas à la description,3,3402.39,refusé
RET03191,VNT036737,CLT02017,PRD0152,2022-05-07,Ne correspond pas à la description,1,719.7,remboursé
RET03192,VNT021483,CLT11936,PRD0038,2025-01-02,Produit défectueux,1,911.35,en_traitement
RET03193,VNT022519,CLT07628,PRD0059,2023-02-06,Ne correspond pas à la description,1,729.82,remboursé
RET03194,VNT005219,CLT06982,PRD0278,2024-06-11,Ne correspond pas à la description,1,457.55,remboursé
RET03195,VNT053118,CLT03154,PRD0123,2024-05-04,Produit défectueux,1,426.22,en_traitement
RET03196,VNT049072,CLT08398,PRD0218,2022-05-22,Mauvaise taille,2,940.01,remboursé
RET03197,VNT037752,CLT11086,PRD0023,2024-08-17,Arrivé endommagé,1,1470.5,en_traitement
RET03198,VNT029163,CLT04115,PRD0310,2023-03-16,Arrivé endommagé,1,312.35,remboursé
RET03199,VNT054482,CLT09720,PRD0090,2023-11-05,Qualité insuffisante,1,837.51,remboursé
RET03200,VNT031420,CLT00093,PRD0278,2024-08-31,Ne correspond pas à la description,1,182.45,refusé
RET03201,VNT004947,CLT01229,PRD0327,2023-10-20,Mauvaise taille,2,341.71,en_traitement
RET03202,VNT027370,CLT08777,PRD0145,2024-01-07,Produit défectueux,1,12.38,remboursé
RET03203,VNT017607,CLT02954,PRD0333,2023-12-05,Arrivé endommagé,1,99.85,en_traitement
RET03204,VNT018007,CLT03964,PRD0390,2022-08-23,Délai de livraison dépassé,1,52.47,remboursé
RET03205,VNT000735,CLT11872,PRD0255,2022-01-28,Mauvaise taille,3,413.02,remboursé
RET03206,VNT046339,CLT01092,PRD0236,2024-07-15,Ne correspond pas à la description,1,2515.48,remboursé
RET03207,VNT036926,CLT02433,PRD0100,2024-06-29,Mauvaise taille,2,3650.01,remboursé
RET03208,VNT035483,CLT02781,PRD0119,2024-01-10,Arrivé endommagé,1,68.32,en_traitement
RET03209,VNT021201,CLT05269,PRD0108,2023-08-17,Produit défectueux,1,162.03,remboursé
RET03210,VNT045956,CLT01762,PRD0283,2022-03-22,Produit défectueux,3,745.63,remboursé
RET03211,VNT009611,CLT11427,PRD0200,2024-10-09,Ne correspond pas à la description,4,2462.0,remboursé
RET03212,VNT008622,CLT08030,PRD0119,2022-04-27,Produit défectueux,1,46.88,en_traitement
RET03213,VNT014545,CLT09447,PRD0082,2024-03-16,Ne correspond pas à la description,1,478.94,en_traitement
RET03214,VNT043053,CLT07098,PRD0070,2022-01-21,Produit défectueux,1,917.03,remboursé
RET03215,VNT014746,CLT06125,PRD0137,2024-06-27,Doublon de commande,2,83.38,en_traitement
RET03216,VNT046550,CLT06830,PRD0260,2023-09-26,Ne correspond pas à la description,1,128.86,remboursé
RET03217,VNT021129,CLT01780,PRD0394,2022-12-18,Produit défectueux,2,425.34,remboursé
RET03218,VNT015468,CLT08334,PRD0370,2024-02-10,Délai de livraison dépassé,1,102.4,remboursé
RET03219,VNT040747,CLT07830,PRD0302,2024-07-10,Doublon de commande,6,1039.36,remboursé
RET03220,VNT031762,CLT00420,PRD0184,2023-10-14,Ne correspond pas à la description,1,290.28,en_traitement
RET03221,VNT011601,CLT06113,PRD0177,2024-09-01,Produit défectueux,2,2451.23,remboursé
RET03222,VNT033908,CLT10255,PRD0291,2024-02-12,Mauvaise taille,1,247.74,remboursé
RET03223,VNT033038,CLT03177,PRD0132,2022-08-31,Mauvaise taille,3,339.39,refusé
RET03224,VNT045216,CLT09851,PRD0136,2023-06-28,Mauvaise taille,2,259.7,remboursé
RET03225,VNT016347,CLT08539,PRD0005,2023-12-12,Produit défectueux,1,1520.44,remboursé
RET03226,VNT046166,CLT00442,PRD0206,2023-08-25,Produit défectueux,1,1893.81,refusé
RET03227,VNT027908,CLT11047,PRD0147,2023-11-09,Arrivé endommagé,1,56.94,en_traitement
RET03228,VNT031997,CLT03685,PRD0267,2022-05-26,Produit défectueux,3,407.94,en_traitement
RET03229,VNT016790,CLT03533,PRD0145,2023-02-23,Ne correspond pas à la description,1,10.88,en_traitement
RET03230,VNT005909,CLT03773,PRD0021,2024-08-22,Qualité insuffisante,1,1077.15,en_traitement
RET03231,VNT048743,CLT11444,PRD0114,2024-12-26,Arrivé endommagé,1,310.11,refusé
RET03232,VNT053184,CLT06055,PRD0283,2022-02-18,Ne correspond pas à la description,1,266.52,en_traitement
RET03233,VNT014037,CLT05436,PRD0263,2022-03-19,Mauvaise taille,1,212.61,remboursé
RET03234,VNT050360,CLT03148,PRD0379,2023-08-22,Arrivé endommagé,6,3112.97,refusé
RET03235,VNT014367,CLT02162,PRD0236,2024-09-26,Arrivé endommagé,4,4260.19,remboursé
RET03236,VNT029236,CLT11569,PRD0297,2024-04-08,Arrivé endommagé,2,1013.45,remboursé
RET03237,VNT029731,CLT11966,PRD0361,2024-10-15,Produit défectueux,3,413.03,remboursé
RET03238,VNT050788,CLT06714,PRD0013,2023-09-12,Produit défectueux,3,4976.28,remboursé
RET03239,VNT025925,CLT06729,PRD0032,2023-11-27,Arrivé endommagé,1,2421.74,remboursé
RET03240,VNT050957,CLT00251,PRD0176,2023-10-20,Arrivé endommagé,4,6075.99,refusé
RET03241,VNT045303,CLT10664,PRD0043,2023-05-08,Doublon de commande,1,20115.82,en_traitement
RET03242,VNT027690,CLT01936,PRD0376,2023-03-03,Changement d'avis,2,892.27,remboursé
RET03243,VNT041863,CLT10601,PRD0304,2022-02-18,Ne correspond pas à la description,1,57.44,en_traitement
RET03244,VNT033693,CLT01173,PRD0321,2022-08-24,Produit défectueux,1,215.22,remboursé
RET03245,VNT025016,CLT00400,PRD0051,2022-08-02,Produit défectueux,10,7039.21,en_traitement
RET03246,VNT052337,CLT08983,PRD0370,2023-06-22,Changement d'avis,4,600.62,remboursé
RET03247,VNT027448,CLT00860,PRD0383,2024-08-12,Changement d'avis,1,554.6,en_traitement
RET03248,VNT022903,CLT11787,PRD0192,2023-11-24,Changement d'avis,1,4320.26,remboursé
RET03249,VNT019735,CLT05474,PRD0265,2022-05-05,Arrivé endommagé,2,745.72,remboursé
RET03250,VNT054289,CLT02593,PRD0087,2022-11-08,Mauvaise taille,1,1410.16,refusé
RET03251,VNT010590,CLT03449,PRD0027,2022-07-01,Qualité insuffisante,1,4088.14,remboursé
RET03252,VNT042356,CLT03761,PRD0043,2024-04-24,Arrivé endommagé,2,12061.47,en_traitement
RET03253,VNT025680,CLT06708,PRD0163,2024-10-25,Produit défectueux,1,782.03,en_traitement
RET03254,VNT036574,CLT06091,PRD0257,2024-04-14,Changement d'avis,1,674.31,remboursé
RET03255,VNT050746,CLT08557,PRD0096,2024-09-28,Produit défectueux,3,954.83,en_traitement
RET03256,VNT050259,CLT07758,PRD0297,2023-09-22,Doublon de commande,3,817.48,remboursé
RET03257,VNT045472,CLT05551,PRD0319,2024-05-27,Mauvaise taille,1,207.53,remboursé
RET03258,VNT037520,CLT11077,PRD0169,2023-09-19,Arrivé endommagé,1,199.95,remboursé
RET03259,VNT038072,CLT10945,PRD0184,2022-11-16,Produit défectueux,1,1220.58,en_traitement
RET03260,VNT037756,CLT06677,PRD0170,2024-04-07,Délai de livraison dépassé,1,872.18,en_traitement
RET03261,VNT047079,CLT03410,PRD0230,2022-08-12,Changement d'avis,1,2955.21,remboursé
RET03262,VNT014930,CLT06580,PRD0360,2024-08-23,Mauvaise taille,1,486.21,remboursé
RET03263,VNT014605,CLT08467,PRD0256,2023-08-14,Produit défectueux,3,658.35,remboursé
RET03264,VNT020803,CLT11607,PRD0314,2023-12-07,Ne correspond pas à la description,1,50.69,refusé
RET03265,VNT032324,CLT02886,PRD0169,2022-02-01,Produit défectueux,2,1050.52,remboursé
RET03266,VNT022235,CLT06904,PRD0193,2022-06-12,Produit défectueux,5,5249.37,remboursé
RET03267,VNT031099,CLT08832,PRD0243,2023-03-23,Arrivé endommagé,5,11734.35,remboursé
RET03268,VNT052259,CLT09492,PRD0203,2023-11-23,Mauvaise taille,1,3433.48,remboursé
RET03269,VNT029842,CLT00713,PRD0317,2023-03-18,Qualité insuffisante,1,274.1,remboursé
RET03270,VNT021803,CLT01437,PRD0391,2024-02-04,Mauvaise taille,1,433.38,remboursé
RET03271,VNT027794,CLT07564,PRD0144,2023-11-20,Produit défectueux,3,1068.82,en_traitement
RET03272,VNT011463,CLT03556,PRD0152,2023-08-20,Arrivé endommagé,1,654.8,remboursé
RET03273,VNT015080,CLT08494,PRD0169,2022-07-29,Produit défectueux,1,264.93,remboursé
RET03274,VNT016070,CLT04232,PRD0187,2023-06-20,Produit défectueux,1,1128.53,remboursé
RET03275,VNT031096,CLT05973,PRD0153,2022-02-27,Arrivé endommagé,6,858.99,en_traitement
RET03276,VNT015753,CLT09587,PRD0373,2024-08-03,Mauvaise taille,3,2154.63,remboursé
RET03277,VNT003064,CLT07247,PRD0106,2022-11-19,Qualité insuffisante,2,327.33,remboursé
RET03278,VNT038303,CLT10390,PRD0318,2022-09-15,Arrivé endommagé,1,201.63,remboursé
RET03279,VNT005698,CLT07909,PRD0231,2023-08-24,Changement d'avis,1,1372.11,remboursé
RET03280,VNT009761,CLT10691,PRD0026,2024-02-25,Produit défectueux,6,6201.7,remboursé
RET03281,VNT021601,CLT06081,PRD0125,2022-11-25,Produit défectueux,1,35.97,remboursé
RET03282,VNT021535,CLT11745,PRD0270,2025-01-05,Changement d'avis,3,642.37,remboursé
RET03283,VNT034250,CLT03985,PRD0029,2024-01-23,Ne correspond pas à la description,1,5761.27,remboursé
RET03284,VNT007558,CLT09799,PRD0356,2022-09-28,Mauvaise taille,1,294.0,remboursé
RET03285,VNT016626,CLT01511,PRD0223,2024-03-29,Mauvaise taille,3,4797.2,en_traitement
RET03286,VNT009470,CLT10559,PRD0098,2023-10-15,Produit défectueux,2,1275.18,remboursé
RET03287,VNT051229,CLT08507,PRD0247,2022-05-22,Délai de livraison dépassé,1,180.41,remboursé
RET03288,VNT052351,CLT07270,PRD0312,2024-07-09,Mauvaise taille,1,163.43,en_traitement
RET03289,VNT019520,CLT10779,PRD0051,2022-10-28,Mauvaise taille,1,1112.36,remboursé
RET03290,VNT050428,CLT03759,PRD0391,2023-01-25,Ne correspond pas à la description,6,2127.11,remboursé
RET03291,VNT017755,CLT03888,PRD0390,2023-05-04,Produit défectueux,1,131.04,en_traitement
RET03292,VNT000029,CLT11077,PRD0056,2023-07-11,Produit défectueux,1,110.47,en_traitement
RET03293,VNT041683,CLT03923,PRD0351,2023-12-30,Arrivé endommagé,1,53.5,remboursé
RET03294,VNT029499,CLT11598,PRD0213,2023-09-05,Ne correspond pas à la description,2,4582.42,remboursé
RET03295,VNT012693,CLT02230,PRD0081,2022-12-28,Délai de livraison dépassé,1,1159.22,remboursé
RET03296,VNT004482,CLT07685,PRD0153,2024-06-13,Produit défectueux,1,85.15,en_traitement
RET03297,VNT040384,CLT08588,PRD0138,2024-11-08,Mauvaise taille,2,253.08,remboursé
RET03298,VNT002455,CLT07564,PRD0043,2024-01-13,Mauvaise taille,1,3329.3,remboursé
RET03299,VNT016642,CLT02590,PRD0393,2024-12-06,Ne correspond pas à la description,1,2080.54,en_traitement
RET03300,VNT011129,CLT05612,PRD0208,2023-10-24,Ne correspond pas à la description,5,10384.6,remboursé
RET03301,VNT015894,CLT09686,PRD0061,2022-08-25,Changement d'avis,5,1257.83,remboursé
RET03302,VNT031917,CLT03515,PRD0299,2022-04-04,Doublon de commande,1,201.64,refusé
RET03303,VNT050220,CLT06920,PRD0172,2024-03-27,Produit défectueux,1,995.52,remboursé
RET03304,VNT047013,CLT08679,PRD0193,2022-05-09,Produit défectueux,1,1874.29,remboursé
RET03305,VNT033568,CLT05107,PRD0260,2024-06-29,Changement d'avis,3,412.54,remboursé
RET03306,VNT013040,CLT01867,PRD0082,2024-03-01,Produit défectueux,7,3654.06,remboursé
RET03307,VNT022183,CLT11070,PRD0192,2024-02-06,Produit défectueux,3,2585.97,remboursé
RET03308,VNT051138,CLT05941,PRD0173,2024-09-14,Produit défectueux,1,407.48,remboursé
RET03309,VNT003865,CLT05919,PRD0163,2024-10-12,Doublon de commande,2,1804.72,remboursé
RET03310,VNT003808,CLT11054,PRD0201,2024-11-20,Délai de livraison dépassé,3,10938.33,en_traitement
RET03311,VNT028286,CLT08615,PRD0148,2024-01-06,Produit défectueux,1,379.86,refusé
RET03312,VNT026644,CLT02539,PRD0253,2024-06-25,Changement d'avis,2,472.36,remboursé
RET03313,VNT012453,CLT08482,PRD0284,2022-07-04,Produit défectueux,1,80.15,en_traitement
RET03314,VNT028418,CLT10473,PRD0371,2024-07-24,Doublon de commande,1,806.82,remboursé
RET03315,VNT022680,CLT02804,PRD0327,2022-08-25,Arrivé endommagé,1,176.71,en_traitement
RET03316,VNT017667,CLT06783,PRD0384,2022-09-12,Mauvaise taille,2,1835.22,remboursé
RET03317,VNT022941,CLT11287,PRD0043,2023-04-25,Mauvaise taille,1,2522.3,remboursé
RET03318,VNT033115,CLT03606,PRD0322,2024-02-07,Changement d'avis,1,108.07,remboursé
RET03319,VNT049863,CLT02027,PRD0399,2024-06-29,Ne correspond pas à la description,1,617.09,remboursé
RET03320,VNT022033,CLT10812,PRD0078,2022-07-05,Mauvaise taille,2,2315.01,remboursé
RET03321,VNT013720,CLT01924,PRD0155,2023-01-11,Produit défectueux,3,999.05,remboursé
RET03322,VNT035552,CLT03282,PRD0018,2022-10-17,Ne correspond pas à la description,1,2942.85,remboursé
RET03323,VNT024958,CLT07571,PRD0332,2022-06-20,Arrivé endommagé,2,202.85,en_traitement
RET03324,VNT039882,CLT09616,PRD0059,2023-01-11,Ne correspond pas à la description,2,1418.41,remboursé
RET03325,VNT039096,CLT11388,PRD0085,2023-12-27,Mauvaise taille,2,1217.22,remboursé
RET03326,VNT019398,CLT01543,PRD0077,2023-05-15,Produit défectueux,1,523.46,remboursé
RET03327,VNT035974,CLT11395,PRD0373,2022-08-13,Produit défectueux,1,412.79,remboursé
RET03328,VNT001192,CLT05071,PRD0070,2024-01-10,Ne correspond pas à la description,3,1473.95,remboursé
RET03329,VNT026804,CLT03846,PRD0158,2022-06-21,Mauvaise taille,1,217.55,remboursé
RET03330,VNT008568,CLT07543,PRD0298,2022-12-02,Mauvaise taille,1,579.66,remboursé
RET03331,VNT052542,CLT00438,PRD0168,2024-09-29,Ne correspond pas à la description,1,414.39,remboursé
RET03332,VNT002095,CLT02177,PRD0284,2023-06-02,Produit défectueux,2,98.42,remboursé
RET03333,VNT033087,CLT08813,PRD0119,2024-07-09,Produit défectueux,2,130.69,remboursé
RET03334,VNT043598,CLT11014,PRD0098,2024-11-03,Produit défectueux,1,474.29,remboursé
RET03335,VNT038150,CLT02563,PRD0366,2024-02-27,Changement d'avis,3,891.57,remboursé
RET03336,VNT000423,CLT05654,PRD0334,2023-01-17,Arrivé endommagé,2,90.2,remboursé
RET03337,VNT037294,CLT09119,PRD0079,2022-08-12,Arrivé endommagé,1,1705.95,remboursé
RET03338,VNT045912,CLT10711,PRD0391,2022-12-23,Ne correspond pas à la description,2,721.83,remboursé
RET03339,VNT025369,CLT04711,PRD0023,2022-11-09,Arrivé endommagé,2,3503.86,refusé
RET03340,VNT022324,CLT09314,PRD0257,2024-10-29,Ne correspond pas à la description,1,713.27,remboursé
RET03341,VNT053956,CLT10842,PRD0054,2023-03-02,Produit défectueux,3,725.11,en_traitement
RET03342,VNT038239,CLT04812,PRD0087,2023-01-21,Changement d'avis,1,786.28,remboursé
RET03343,VNT054953,CLT07854,PRD0248,2022-11-30,Ne correspond pas à la description,2,911.15,remboursé
RET03344,VNT037407,CLT05894,PRD0206,2023-08-27,Délai de livraison dépassé,1,4521.39,remboursé
RET03345,VNT026367,CLT11077,PRD0085,2023-01-24,Produit défectueux,4,2490.18,en_traitement
RET03346,VNT014791,CLT06131,PRD0386,2022-09-27,Doublon de commande,1,78.81,remboursé
RET03347,VNT012328,CLT02494,PRD0262,2023-10-11,Produit défectueux,1,246.13,en_traitement
RET03348,VNT035651,CLT05815,PRD0259,2022-06-12,Changement d'avis,1,614.28,refusé
RET03349,VNT014719,CLT03328,PRD0038,2023-01-16,Arrivé endommagé,1,908.89,remboursé
RET03350,VNT048369,CLT07946,PRD0308,2023-05-15,Doublon de commande,1,149.54,remboursé
RET03351,VNT036740,CLT02570,PRD0290,2022-03-08,Ne correspond pas à la description,2,164.82,refusé
RET03352,VNT036220,CLT03457,PRD0222,2024-06-03,Ne correspond pas à la description,3,5131.95,en_traitement
RET03353,VNT004113,CLT05871,PRD0106,2024-03-27,Ne correspond pas à la description,1,174.12,remboursé
RET03354,VNT006767,CLT00521,PRD0248,2024-07-03,Arrivé endommagé,2,755.46,en_traitement
RET03355,VNT033243,CLT05489,PRD0289,2024-06-25,Doublon de commande,2,74.8,remboursé
RET03356,VNT048693,CLT02089,PRD0229,2023-12-30,Ne correspond pas à la description,4,2535.93,en_traitement
RET03357,VNT044072,CLT07585,PRD0127,2022-10-13,Ne correspond pas à la description,1,137.8,remboursé
RET03358,VNT032902,CLT03739,PRD0151,2022-09-30,Arrivé endommagé,1,2897.57,remboursé
RET03359,VNT038455,CLT10854,PRD0303,2024-12-15,Mauvaise taille,1,964.17,remboursé
RET03360,VNT014799,CLT00785,PRD0303,2023-12-25,Doublon de commande,1,927.07,remboursé
RET03361,VNT006964,CLT01152,PRD0081,2023-06-21,Ne correspond pas à la description,2,3238.48,remboursé
RET03362,VNT019949,CLT01846,PRD0396,2022-12-28,Délai de livraison dépassé,1,81.94,remboursé
RET03363,VNT013176,CLT07500,PRD0075,2024-12-10,Changement d'avis,1,713.8,en_traitement
RET03364,VNT027155,CLT06146,PRD0400,2024-05-25,Doublon de commande,1,463.36,remboursé
RET03365,VNT038121,CLT11287,PRD0293,2022-09-23,Mauvaise taille,1,411.96,remboursé
RET03366,VNT017660,CLT05638,PRD0234,2023-09-10,Mauvaise taille,3,1632.06,remboursé
RET03367,VNT049560,CLT07200,PRD0381,2023-07-31,Arrivé endommagé,1,1250.64,en_traitement
RET03368,VNT000768,CLT10711,PRD0222,2022-02-02,Ne correspond pas à la description,1,1345.64,en_traitement
RET03369,VNT001319,CLT07654,PRD0362,2022-07-16,Qualité insuffisante,3,520.15,remboursé
RET03370,VNT027672,CLT11072,PRD0372,2023-03-08,Arrivé endommagé,1,556.54,remboursé
RET03371,VNT053774,CLT07639,PRD0371,2022-09-06,Arrivé endommagé,1,316.93,remboursé
RET03372,VNT016109,CLT02148,PRD0330,2024-01-06,Produit défectueux,2,156.5,remboursé
RET03373,VNT036061,CLT04350,PRD0199,2025-01-06,Qualité insuffisante,1,615.82,remboursé
RET03374,VNT049578,CLT07761,PRD0016,2024-05-06,Ne correspond pas à la description,1,33195.52,remboursé
RET03375,VNT012105,CLT04910,PRD0048,2022-07-09,Arrivé endommagé,1,1332.58,refusé
RET03376,VNT009396,CLT07564,PRD0227,2024-09-05,Ne correspond pas à la description,2,9493.3,en_traitement
RET03377,VNT052887,CLT09547,PRD0397,2022-01-20,Ne correspond pas à la description,1,1345.37,remboursé
RET03378,VNT024599,CLT11056,PRD0012,2023-10-04,Arrivé endommagé,1,3141.81,refusé
RET03379,VNT042671,CLT01087,PRD0310,2025-01-19,Ne correspond pas à la description,1,458.13,remboursé
RET03380,VNT031422,CLT05539,PRD0283,2024-03-08,Changement d'avis,2,492.37,refusé
RET03381,VNT045664,CLT10020,PRD0339,2024-09-21,Mauvaise taille,2,280.54,en_traitement
RET03382,VNT007681,CLT02318,PRD0256,2024-10-04,Changement d'avis,3,659.01,remboursé
RET03383,VNT050710,CLT11949,PRD0225,2023-10-25,Arrivé endommagé,1,2261.25,refusé
RET03384,VNT048408,CLT03410,PRD0349,2023-12-10,Arrivé endommagé,1,173.5,remboursé
RET03385,VNT017065,CLT07120,PRD0082,2023-01-13,Produit défectueux,1,538.26,remboursé
RET03386,VNT010557,CLT08677,PRD0124,2022-05-05,Arrivé endommagé,1,174.75,refusé
RET03387,VNT053115,CLT02303,PRD0058,2024-06-05,Produit défectueux,2,898.37,en_traitement
RET03388,VNT014122,CLT04579,PRD0083,2022-04-29,Arrivé endommagé,1,422.58,en_traitement
RET03389,VNT033209,CLT11897,PRD0331,2022-07-07,Arrivé endommagé,1,67.19,remboursé
RET03390,VNT051630,CLT10010,PRD0323,2023-09-11,Mauvaise taille,3,686.62,remboursé
RET03391,VNT043956,CLT08659,PRD0006,2023-07-30,Arrivé endommagé,1,400.15,remboursé
RET03392,VNT050298,CLT02845,PRD0099,2022-12-22,Produit défectueux,1,341.83,en_traitement
RET03393,VNT032581,CLT00959,PRD0291,2022-12-31,Ne correspond pas à la description,2,389.59,remboursé
RET03394,VNT024527,CLT02237,PRD0362,2023-08-11,Mauvaise taille,1,132.16,en_traitement
RET03395,VNT007875,CLT08606,PRD0286,2024-11-29,Produit défectueux,1,311.56,remboursé
RET03396,VNT046918,CLT00920,PRD0168,2023-12-15,Changement d'avis,2,3102.29,en_traitement
RET03397,VNT014015,CLT01505,PRD0379,2022-07-17,Mauvaise taille,2,1176.98,remboursé
RET03398,VNT012185,CLT05036,PRD0378,2022-03-06,Ne correspond pas à la description,7,3834.44,remboursé
RET03399,VNT043540,CLT04432,PRD0176,2022-08-10,Produit défectueux,1,736.83,remboursé
RET03400,VNT044303,CLT07898,PRD0367,2024-08-06,Changement d'avis,1,785.26,remboursé
RET03401,VNT028366,CLT08233,PRD0134,2023-05-21,Produit défectueux,2,128.39,remboursé
RET03402,VNT002734,CLT08011,PRD0146,2023-02-12,Produit défectueux,1,117.94,remboursé
RET03403,VNT004599,CLT01407,PRD0354,2022-12-05,Produit défectueux,1,113.68,en_traitement
RET03404,VNT007753,CLT10367,PRD0095,2023-11-18,Qualité insuffisante,1,1099.07,remboursé
RET03405,VNT043730,CLT11734,PRD0190,2023-04-29,Produit défectueux,3,4525.85,remboursé
RET03406,VNT001937,CLT08896,PRD0235,2022-10-13,Ne correspond pas à la description,1,2012.74,remboursé
RET03407,VNT045807,CLT10243,PRD0047,2024-05-22,Mauvaise taille,3,7889.62,remboursé
RET03408,VNT015802,CLT00858,PRD0098,2023-12-03,Ne correspond pas à la description,1,1409.88,en_traitement
RET03409,VNT049980,CLT07543,PRD0320,2023-12-31,Ne correspond pas à la description,2,146.78,remboursé
RET03410,VNT017839,CLT09642,PRD0039,2022-06-21,Ne correspond pas à la description,1,4269.32,refusé
RET03411,VNT041839,CLT11323,PRD0358,2023-04-11,Mauvaise taille,1,40.21,remboursé
RET03412,VNT024824,CLT11735,PRD0095,2023-08-11,Produit défectueux,1,885.65,remboursé
RET03413,VNT026472,CLT10147,PRD0163,2023-05-07,Arrivé endommagé,3,3594.88,remboursé
RET03414,VNT025449,CLT10525,PRD0364,2024-03-30,Arrivé endommagé,3,855.23,en_traitement
RET03415,VNT043787,CLT10398,PRD0201,2023-05-31,Qualité insuffisante,1,1801.85,refusé
RET03416,VNT045164,CLT03279,PRD0338,2022-12-13,Doublon de commande,3,441.91,remboursé
RET03417,VNT008628,CLT11365,PRD0107,2024-08-21,Arrivé endommagé,1,74.81,remboursé
RET03418,VNT037697,CLT05643,PRD0384,2024-04-26,Mauvaise taille,1,605.05,remboursé
RET03419,VNT040085,CLT06690,PRD0157,2024-04-26,Arrivé endommagé,1,354.44,remboursé
RET03420,VNT021585,CLT09649,PRD0036,2024-04-15,Qualité insuffisante,1,781.42,remboursé
RET03421,VNT028288,CLT07880,PRD0101,2022-06-04,Produit défectueux,1,196.23,remboursé
RET03422,VNT051877,CLT08570,PRD0347,2022-09-12,Arrivé endommagé,3,619.5,remboursé
RET03423,VNT027732,CLT06908,PRD0370,2024-03-30,Ne correspond pas à la description,1,211.56,en_traitement
RET03424,VNT019726,CLT11996,PRD0140,2024-01-22,Ne correspond pas à la description,3,430.55,remboursé
RET03425,VNT020519,CLT00038,PRD0299,2022-03-17,Produit défectueux,1,678.82,refusé
RET03426,VNT000134,CLT00929,PRD0329,2024-06-05,Changement d'avis,6,2863.35,remboursé
RET03427,VNT014660,CLT10271,PRD0383,2024-05-23,Mauvaise taille,6,1693.75,remboursé
RET03428,VNT038365,CLT06222,PRD0043,2022-02-15,Arrivé endommagé,1,3618.04,remboursé
RET03429,VNT007923,CLT09340,PRD0114,2024-01-31,Mauvaise taille,3,464.05,remboursé
RET03430,VNT005984,CLT10853,PRD0034,2024-06-08,Produit défectueux,4,10759.64,en_traitement
RET03431,VNT003908,CLT00523,PRD0376,2022-08-14,Produit défectueux,6,2508.25,remboursé
RET03432,VNT030417,CLT00279,PRD0226,2023-10-28,Doublon de commande,2,7159.91,remboursé
RET03433,VNT048014,CLT09324,PRD0161,2023-10-11,Arrivé endommagé,2,1036.53,remboursé
RET03434,VNT050206,CLT02274,PRD0072,2024-10-15,Mauvaise taille,1,264.91,remboursé
RET03435,VNT000482,CLT07754,PRD0076,2022-05-01,Doublon de commande,1,137.01,refusé
RET03436,VNT012945,CLT10495,PRD0291,2023-09-07,Arrivé endommagé,2,674.22,refusé
RET03437,VNT044154,CLT08841,PRD0188,2023-11-27,Produit défectueux,1,160.68,en_traitement
RET03438,VNT006121,CLT09533,PRD0193,2023-07-28,Produit défectueux,2,2006.74,refusé
RET03439,VNT005492,CLT05347,PRD0276,2024-10-23,Arrivé endommagé,1,1026.74,remboursé
RET03440,VNT037585,CLT08011,PRD0009,2024-12-05,Ne correspond pas à la description,5,11572.24,remboursé
RET03441,VNT054991,CLT07884,PRD0388,2023-05-15,Changement d'avis,1,378.54,remboursé
RET03442,VNT027738,CLT04198,PRD0331,2022-08-02,Produit défectueux,1,85.36,en_traitement
RET03443,VNT043999,CLT01308,PRD0259,2023-09-24,Produit défectueux,1,329.44,remboursé
RET03444,VNT018631,CLT07747,PRD0036,2024-10-19,Produit défectueux,3,2450.69,remboursé
RET03445,VNT025340,CLT07368,PRD0355,2023-06-20,Arrivé endommagé,1,384.1,remboursé
RET03446,VNT054818,CLT07692,PRD0168,2022-12-08,Produit défectueux,1,394.49,remboursé
RET03447,VNT016644,CLT08215,PRD0389,2024-12-22,Produit défectueux,5,2780.1,en_traitement
RET03448,VNT006673,CLT08845,PRD0211,2023-09-07,Arrivé endommagé,1,1482.19,remboursé
RET03449,VNT053287,CLT03337,PRD0313,2025-01-04,Ne correspond pas à la description,1,144.29,remboursé
RET03450,VNT016330,CLT01008,PRD0351,2024-11-01,Produit défectueux,4,234.52,remboursé
RET03451,VNT054879,CLT00022,PRD0080,2024-02-10,Ne correspond pas à la description,1,380.77,remboursé
RET03452,VNT050486,CLT01808,PRD0227,2024-04-08,Doublon de commande,5,9268.44,remboursé
RET03453,VNT006350,CLT02294,PRD0052,2023-01-06,Arrivé endommagé,1,375.78,remboursé
RET03454,VNT025188,CLT00260,PRD0243,2023-09-17,Ne correspond pas à la description,4,14003.5,remboursé
RET03455,VNT045490,CLT03270,PRD0337,2022-02-01,Ne correspond pas à la description,2,804.26,en_traitement
RET03456,VNT023502,CLT06485,PRD0218,2024-06-14,Changement d'avis,1,267.4,remboursé
RET03457,VNT027115,CLT06890,PRD0294,2024-08-26,Arrivé endommagé,1,82.63,remboursé
RET03458,VNT018670,CLT00712,PRD0198,2024-05-30,Produit défectueux,4,1550.01,remboursé
RET03459,VNT024691,CLT04918,PRD0105,2025-01-20,Produit défectueux,4,58.24,remboursé
RET03460,VNT033606,CLT10369,PRD0045,2024-08-02,Mauvaise taille,1,746.01,refusé
RET03461,VNT041525,CLT06724,PRD0237,2024-03-29,Délai de livraison dépassé,4,5997.61,remboursé
RET03462,VNT008394,CLT08545,PRD0222,2022-11-24,Ne correspond pas à la description,2,6638.37,remboursé
RET03463,VNT009431,CLT09007,PRD0218,2022-02-04,Produit défectueux,2,490.57,en_traitement
RET03464,VNT021674,CLT11533,PRD0382,2022-08-27,Produit défectueux,2,756.77,remboursé
RET03465,VNT028782,CLT07546,PRD0388,2023-05-21,Ne correspond pas à la description,3,2118.88,remboursé
RET03466,VNT002050,CLT01651,PRD0062,2023-11-11,Produit défectueux,2,682.52,remboursé
RET03467,VNT053663,CLT10776,PRD0283,2022-07-17,Changement d'avis,1,509.82,remboursé
RET03468,VNT005717,CLT09354,PRD0011,2023-06-09,Ne correspond pas à la description,1,2184.96,en_traitement
RET03469,VNT051012,CLT02272,PRD0300,2023-03-25,Produit défectueux,1,187.77,remboursé
RET03470,VNT013123,CLT06194,PRD0231,2024-05-18,Produit défectueux,1,465.32,remboursé
RET03471,VNT027052,CLT09271,PRD0220,2022-02-22,Mauvaise taille,1,2481.62,remboursé
RET03472,VNT009370,CLT06422,PRD0360,2024-03-16,Mauvaise taille,1,2046.44,remboursé
RET03473,VNT014428,CLT08391,PRD0154,2022-06-15,Arrivé endommagé,2,723.34,en_traitement
RET03474,VNT043862,CLT07509,PRD0129,2022-08-24,Mauvaise taille,4,231.76,refusé
RET03475,VNT051174,CLT05821,PRD0171,2023-12-20,Mauvaise taille,1,904.54,remboursé
RET03476,VNT017719,CLT02427,PRD0340,2023-12-15,Changement d'avis,1,225.84,remboursé
RET03477,VNT041370,CLT10498,PRD0229,2024-02-10,Mauvaise taille,1,1879.47,remboursé
RET03478,VNT031211,CLT08964,PRD0010,2022-09-29,Ne correspond pas à la description,1,2327.15,en_traitement
RET03479,VNT049068,CLT01587,PRD0225,2022-02-02,Mauvaise taille,3,10306.95,remboursé
RET03480,VNT035669,CLT01150,PRD0055,2024-03-20,Changement d'avis,2,1124.84,remboursé
RET03481,VNT008385,CLT10998,PRD0282,2024-04-07,Produit défectueux,1,70.88,en_traitement
RET03482,VNT014502,CLT08384,PRD0303,2023-04-15,Arrivé endommagé,1,562.98,remboursé
RET03483,VNT029094,CLT01167,PRD0318,2022-08-14,Produit défectueux,5,1855.57,en_traitement
RET03484,VNT029366,CLT01691,PRD0005,2023-12-23,Arrivé endommagé,3,3494.25,en_traitement
RET03485,VNT047825,CLT11391,PRD0246,2023-04-27,Ne correspond pas à la description,1,2425.34,refusé
RET03486,VNT009689,CLT02197,PRD0118,2024-12-09,Produit défectueux,2,366.69,remboursé
RET03487,VNT038802,CLT04889,PRD0150,2024-04-24,Délai de livraison dépassé,1,93.6,remboursé
RET03488,VNT044005,CLT10238,PRD0232,2024-04-12,Délai de livraison dépassé,1,2360.85,remboursé
RET03489,VNT008733,CLT04946,PRD0220,2022-07-23,Ne correspond pas à la description,3,6804.08,remboursé
RET03490,VNT040455,CLT03123,PRD0382,2024-11-27,Produit défectueux,1,1576.85,remboursé
RET03491,VNT015805,CLT06990,PRD0164,2023-02-22,Arrivé endommagé,1,1179.21,en_traitement
RET03492,VNT029008,CLT02282,PRD0377,2022-12-10,Mauvaise taille,1,1027.1,refusé
RET03493,VNT022067,CLT02390,PRD0255,2024-01-27,Doublon de commande,1,375.38,refusé
RET03494,VNT012970,CLT07587,PRD0366,2023-12-11,Délai de livraison dépassé,3,1140.51,remboursé
RET03495,VNT033163,CLT01933,PRD0254,2022-09-18,Ne correspond pas à la description,1,114.51,refusé
RET03496,VNT034408,CLT11692,PRD0346,2024-10-28,Qualité insuffisante,2,799.2,en_traitement
RET03497,VNT017631,CLT06432,PRD0118,2024-02-25,Ne correspond pas à la description,3,401.98,en_traitement
RET03498,VNT002823,CLT11426,PRD0056,2022-03-06,Ne correspond pas à la description,2,219.46,remboursé
RET03499,VNT029624,CLT04853,PRD0030,2024-08-09,Mauvaise taille,2,2878.25,remboursé
RET03500,VNT013685,CLT06570,PRD0280,2022-05-20,Arrivé endommagé,2,386.21,remboursé
RET03501,VNT050372,CLT00190,PRD0015,2023-11-09,Arrivé endommagé,2,3562.38,en_traitement
RET03502,VNT044971,CLT05852,PRD0032,2022-09-23,Délai de livraison dépassé,1,1102.92,remboursé
RET03503,VNT040899,CLT02720,PRD0331,2022-01-10,Ne correspond pas à la description,3,255.98,remboursé
RET03504,VNT025051,CLT07561,PRD0130,2023-01-11,Changement d'avis,1,73.03,en_traitement
RET03505,VNT030745,CLT07212,PRD0087,2023-03-27,Ne correspond pas à la description,2,2367.21,remboursé
RET03506,VNT022031,CLT11481,PRD0179,2024-06-23,Mauvaise taille,1,102.39,remboursé
RET03507,VNT048433,CLT05954,PRD0296,2022-03-31,Délai de livraison dépassé,1,179.8,remboursé
RET03508,VNT028127,CLT09246,PRD0318,2024-03-11,Produit défectueux,1,477.14,remboursé
RET03509,VNT041749,CLT04395,PRD0239,2025-01-17,Produit défectueux,2,3272.27,remboursé
RET03510,VNT028423,CLT04215,PRD0047,2024-01-23,Changement d'avis,1,6393.34,en_traitement
RET03511,VNT051608,CLT02914,PRD0330,2024-11-14,Produit défectueux,3,153.64,refusé
RET03512,VNT044574,CLT00865,PRD0028,2023-11-23,Délai de livraison dépassé,1,12461.37,remboursé
RET03513,VNT034403,CLT09875,PRD0138,2023-02-09,Qualité insuffisante,5,1146.7,remboursé
RET03514,VNT045074,CLT11732,PRD0013,2024-01-06,Ne correspond pas à la description,3,2870.35,en_traitement
RET03515,VNT052768,CLT06216,PRD0333,2022-03-19,Doublon de commande,1,377.09,remboursé
RET03516,VNT036884,CLT02914,PRD0189,2023-11-20,Produit défectueux,1,259.38,remboursé
RET03517,VNT053483,CLT08756,PRD0302,2024-10-26,Ne correspond pas à la description,1,304.55,remboursé
RET03518,VNT037237,CLT00738,PRD0268,2024-11-16,Mauvaise taille,1,319.24,remboursé
RET03519,VNT017801,CLT00855,PRD0015,2022-12-26,Produit défectueux,3,6848.19,remboursé
RET03520,VNT021167,CLT07593,PRD0327,2022-07-18,Produit défectueux,1,831.53,remboursé
RET03521,VNT048892,CLT01596,PRD0147,2023-03-14,Arrivé endommagé,5,592.16,remboursé
RET03522,VNT009448,CLT07446,PRD0223,2023-05-12,Ne correspond pas à la description,1,5493.41,remboursé
RET03523,VNT020517,CLT09118,PRD0055,2024-01-11,Arrivé endommagé,4,3428.32,en_traitement
RET03524,VNT048629,CLT03895,PRD0344,2024-10-19,Ne correspond pas à la description,1,229.68,remboursé
RET03525,VNT013911,CLT10951,PRD0261,2022-05-01,Ne correspond pas à la description,2,507.48,remboursé
RET03526,VNT052329,CLT11904,PRD0187,2022-08-19,Ne correspond pas à la description,2,1889.57,remboursé
RET03527,VNT051921,CLT00144,PRD0293,2023-01-20,Produit défectueux,1,444.56,remboursé
RET03528,VNT015970,CLT11442,PRD0188,2023-07-05,Ne correspond pas à la description,1,72.25,refusé
RET03529,VNT038392,CLT01025,PRD0077,2024-05-25,Produit défectueux,1,1890.25,remboursé
RET03530,VNT035565,CLT03233,PRD0206,2022-07-30,Doublon de commande,2,3282.61,refusé
RET03531,VNT018373,CLT03154,PRD0314,2024-06-22,Doublon de commande,1,97.15,remboursé
RET03532,VNT010380,CLT07337,PRD0215,2023-06-29,Doublon de commande,2,2482.39,remboursé
RET03533,VNT028956,CLT02545,PRD0239,2024-11-15,Ne correspond pas à la description,2,19137.59,remboursé
RET03534,VNT040245,CLT07086,PRD0213,2023-02-11,Délai de livraison dépassé,1,15116.59,refusé
RET03535,VNT046525,CLT08186,PRD0014,2024-02-13,Produit défectueux,2,3191.21,remboursé
RET03536,VNT001467,CLT05588,PRD0342,2022-02-13,Produit défectueux,1,173.1,remboursé
RET03537,VNT009164,CLT11818,PRD0154,2024-07-19,Délai de livraison dépassé,2,910.27,remboursé
RET03538,VNT042712,CLT00188,PRD0048,2023-10-25,Doublon de commande,5,8603.38,refusé
RET03539,VNT051823,CLT06714,PRD0392,2023-06-07,Mauvaise taille,2,1005.97,refusé
RET03540,VNT004294,CLT00631,PRD0398,2023-04-25,Produit défectueux,1,393.54,remboursé
RET03541,VNT025875,CLT06495,PRD0386,2024-11-07,Arrivé endommagé,1,76.0,remboursé
RET03542,VNT014292,CLT05403,PRD0163,2022-10-24,Changement d'avis,1,1621.87,remboursé
RET03543,VNT014374,CLT02861,PRD0360,2023-12-02,Produit défectueux,1,1136.86,refusé
RET03544,VNT045836,CLT05508,PRD0333,2022-04-21,Ne correspond pas à la description,5,761.69,remboursé
RET03545,VNT035841,CLT09286,PRD0337,2024-04-15,Changement d'avis,1,213.66,remboursé
RET03546,VNT043383,CLT07313,PRD0214,2024-06-07,Ne correspond pas à la description,2,6030.61,remboursé
RET03547,VNT044973,CLT00610,PRD0032,2022-10-10,Produit défectueux,1,2889.13,remboursé
RET03548,VNT016384,CLT04201,PRD0358,2024-07-06,Doublon de commande,1,185.11,remboursé
RET03549,VNT053946,CLT05453,PRD0156,2023-01-15,Produit défectueux,3,1908.19,remboursé
RET03550,VNT026155,CLT07075,PRD0215,2023-02-02,Arrivé endommagé,1,2464.54,en_traitement
RET03551,VNT041776,CLT00188,PRD0182,2023-11-22,Qualité insuffisante,4,6258.25,remboursé
RET03552,VNT027093,CLT10216,PRD0378,2023-07-20,Ne correspond pas à la description,1,1226.39,remboursé
RET03553,VNT045513,CLT08772,PRD0126,2023-04-19,Produit défectueux,1,149.19,remboursé
RET03554,VNT007033,CLT10992,PRD0319,2022-01-18,Délai de livraison dépassé,2,407.59,remboursé
RET03555,VNT039410,CLT09069,PRD0346,2023-01-03,Mauvaise taille,1,713.33,refusé
RET03556,VNT001747,CLT01540,PRD0057,2022-08-28,Mauvaise taille,4,3112.91,remboursé
RET03557,VNT049255,CLT07042,PRD0260,2022-04-25,Arrivé endommagé,1,143.78,en_traitement
RET03558,VNT027058,CLT01415,PRD0083,2022-07-04,Doublon de commande,4,2292.45,remboursé
RET03559,VNT030590,CLT03209,PRD0173,2024-05-25,Changement d'avis,1,343.6,remboursé
RET03560,VNT014954,CLT08213,PRD0203,2024-12-08,Mauvaise taille,1,5516.6,remboursé
RET03561,VNT042320,CLT10030,PRD0251,2024-07-05,Arrivé endommagé,1,123.92,remboursé
RET03562,VNT027469,CLT06631,PRD0002,2024-03-23,Ne correspond pas à la description,2,6839.11,refusé
RET03563,VNT032968,CLT05635,PRD0104,2023-01-28,Arrivé endommagé,1,91.56,remboursé
RET03564,VNT027619,CLT07455,PRD0027,2024-12-12,Arrivé endommagé,1,3331.15,en_traitement
RET03565,VNT008802,CLT03541,PRD0330,2022-08-01,Produit défectueux,1,46.06,remboursé
RET03566,VNT041302,CLT11568,PRD0377,2023-06-21,Mauvaise taille,2,510.72,remboursé
RET03567,VNT006979,CLT09607,PRD0375,2022-03-12,Ne correspond pas à la description,1,150.99,remboursé
RET03568,VNT052979,CLT05064,PRD0195,2023-05-06,Arrivé endommagé,1,498.33,remboursé
RET03569,VNT017979,CLT01568,PRD0389,2022-08-07,Doublon de commande,8,2791.46,remboursé
RET03570,VNT040694,CLT09515,PRD0053,2022-06-21,Ne correspond pas à la description,1,1086.06,remboursé
RET03571,VNT054572,CLT11999,PRD0014,2022-03-28,Arrivé endommagé,2,3055.33,remboursé
RET03572,VNT022257,CLT11950,PRD0137,2023-06-09,Changement d'avis,1,30.44,remboursé
RET03573,VNT021200,CLT09818,PRD0013,2022-06-05,Arrivé endommagé,1,1011.66,remboursé
RET03574,VNT038748,CLT04176,PRD0051,2022-04-07,Arrivé endommagé,2,2103.91,remboursé
RET03575,VNT008502,CLT11849,PRD0007,2022-11-14,Doublon de commande,1,384.46,remboursé
RET03576,VNT004687,CLT09825,PRD0279,2022-09-17,Arrivé endommagé,2,188.34,en_traitement
RET03577,VNT041713,CLT04318,PRD0182,2024-06-23,Arrivé endommagé,3,5131.94,remboursé
RET03578,VNT024993,CLT00111,PRD0109,2024-12-03,Ne correspond pas à la description,1,99.08,remboursé
RET03579,VNT013848,CLT10832,PRD0102,2022-07-05,Changement d'avis,1,117.43,en_traitement
RET03580,VNT022315,CLT08959,PRD0054,2024-02-05,Qualité insuffisante,1,439.1,remboursé
RET03581,VNT042436,CLT10747,PRD0054,2022-05-03,Arrivé endommagé,1,615.22,remboursé
RET03582,VNT024288,CLT06979,PRD0222,2024-12-24,Mauvaise taille,1,5165.17,remboursé
RET03583,VNT040441,CLT07173,PRD0308,2022-08-17,Produit défectueux,1,215.2,remboursé
RET03584,VNT008243,CLT08003,PRD0167,2023-12-10,Produit défectueux,1,1311.96,remboursé
RET03585,VNT007684,CLT00474,PRD0395,2024-06-04,Produit défectueux,1,437.16,remboursé
RET03586,VNT051037,CLT03046,PRD0309,2024-01-05,Produit défectueux,2,493.64,remboursé
RET03587,VNT025905,CLT11062,PRD0202,2024-07-21,Doublon de commande,1,779.31,remboursé
RET03588,VNT054356,CLT05552,PRD0029,2023-08-10,Changement d'avis,1,5017.29,remboursé
RET03589,VNT047450,CLT04568,PRD0362,2022-07-04,Changement d'avis,1,123.88,remboursé
RET03590,VNT021706,CLT06995,PRD0006,2022-02-15,Doublon de commande,1,367.75,remboursé
RET03591,VNT041504,CLT11339,PRD0013,2023-01-25,Changement d'avis,2,3685.07,remboursé
RET03592,VNT052492,CLT09289,PRD0240,2023-09-20,Ne correspond pas à la description,1,1436.02,remboursé
RET03593,VNT043883,CLT04487,PRD0100,2024-07-23,Mauvaise taille,2,1156.33,remboursé
RET03594,VNT040461,CLT11527,PRD0055,2023-01-03,Arrivé endommagé,2,1628.46,remboursé
RET03595,VNT054812,CLT02874,PRD0120,2024-02-20,Mauvaise taille,1,65.74,remboursé
RET03596,VNT006532,CLT09184,PRD0205,2023-08-08,Qualité insuffisante,1,1487.26,en_traitement
RET03597,VNT026549,CLT05226,PRD0146,2022-08-16,Produit défectueux,3,154.33,remboursé
RET03598,VNT026478,CLT09685,PRD0061,2022-11-05,Délai de livraison dépassé,1,546.04,remboursé
RET03599,VNT036480,CLT01210,PRD0397,2023-11-12,Arrivé endommagé,4,3465.83,remboursé
RET03600,VNT041862,CLT06458,PRD0224,2024-04-19,Ne correspond pas à la description,3,4724.55,remboursé
RET03601,VNT020292,CLT00316,PRD0389,2024-04-17,Mauvaise taille,1,349.5,remboursé
RET03602,VNT016624,CLT00893,PRD0104,2024-02-27,Doublon de commande,2,458.34,remboursé
RET03603,VNT029744,CLT09152,PRD0392,2023-05-14,Produit défectueux,4,1894.37,remboursé
RET03604,VNT018494,CLT00728,PRD0319,2022-06-11,Mauvaise taille,1,161.25,remboursé
RET03605,VNT016190,CLT07531,PRD0382,2024-07-01,Mauvaise taille,1,872.67,en_traitement
RET03606,VNT020451,CLT06004,PRD0350,2023-01-04,Arrivé endommagé,3,896.06,remboursé
RET03607,VNT000614,CLT09418,PRD0070,2023-03-26,Délai de livraison dépassé,2,1678.68,remboursé
RET03608,VNT040485,CLT05631,PRD0146,2022-12-26,Changement d'avis,3,173.59,remboursé
RET03609,VNT039055,CLT09253,PRD0251,2024-09-13,Produit défectueux,2,399.32,remboursé
RET03610,VNT042642,CLT00498,PRD0053,2024-08-31,Produit défectueux,2,1023.37,remboursé
RET03611,VNT018840,CLT08920,PRD0271,2025-01-13,Ne correspond pas à la description,1,408.98,remboursé
RET03612,VNT053434,CLT08776,PRD0280,2025-01-12,Ne correspond pas à la description,3,359.59,en_traitement
RET03613,VNT025590,CLT03256,PRD0208,2023-03-23,Changement d'avis,4,13480.64,remboursé
RET03614,VNT028566,CLT00658,PRD0301,2023-04-15,Mauvaise taille,1,157.93,en_traitement
RET03615,VNT050221,CLT00039,PRD0025,2024-03-21,Qualité insuffisante,2,9120.54,remboursé
RET03616,VNT053265,CLT08624,PRD0278,2022-04-06,Arrivé endommagé,1,183.77,en_traitement
RET03617,VNT053505,CLT02165,PRD0035,2022-03-30,Produit défectueux,2,5318.83,remboursé
RET03618,VNT019572,CLT02503,PRD0127,2022-02-01,Changement d'avis,6,1667.71,remboursé
RET03619,VNT044607,CLT09471,PRD0350,2022-05-15,Arrivé endommagé,2,1070.33,remboursé
RET03620,VNT013912,CLT08300,PRD0358,2025-01-03,Arrivé endommagé,1,79.45,remboursé
RET03621,VNT007885,CLT11034,PRD0153,2024-06-30,Arrivé endommagé,2,150.07,en_traitement
RET03622,VNT028485,CLT04681,PRD0274,2024-04-08,Produit défectueux,5,3300.68,remboursé
RET03623,VNT029523,CLT07826,PRD0025,2024-12-22,Ne correspond pas à la description,1,3016.18,remboursé
RET03624,VNT016246,CLT09826,PRD0146,2022-03-19,Doublon de commande,6,380.06,remboursé
RET03625,VNT042150,CLT07177,PRD0111,2024-04-18,Doublon de commande,1,196.35,remboursé
RET03626,VNT035059,CLT07174,PRD0232,2022-03-19,Arrivé endommagé,1,2062.75,remboursé
RET03627,VNT007854,CLT08395,PRD0292,2022-03-30,Arrivé endommagé,1,155.71,remboursé
RET03628,VNT040619,CLT08013,PRD0280,2022-08-08,Produit défectueux,1,194.57,en_traitement
RET03629,VNT040728,CLT04222,PRD0388,2024-10-06,Arrivé endommagé,2,705.97,remboursé
RET03630,VNT035832,CLT03370,PRD0334,2023-02-20,Arrivé endommagé,1,42.17,remboursé
RET03631,VNT051702,CLT11589,PRD0130,2024-10-10,Arrivé endommagé,3,239.56,remboursé
RET03632,VNT005768,CLT05430,PRD0274,2024-02-04,Mauvaise taille,4,1168.15,remboursé
RET03633,VNT051340,CLT00874,PRD0159,2024-11-12,Produit défectueux,1,553.08,remboursé
RET03634,VNT053543,CLT01734,PRD0203,2022-07-18,Mauvaise taille,1,1747.44,remboursé
RET03635,VNT043544,CLT09183,PRD0394,2024-10-14,Arrivé endommagé,1,180.79,en_traitement
RET03636,VNT030789,CLT05105,PRD0033,2024-05-30,Arrivé endommagé,1,2347.53,remboursé
RET03637,VNT017452,CLT11357,PRD0325,2024-04-26,Doublon de commande,3,630.42,remboursé
RET03638,VNT007566,CLT03648,PRD0325,2022-04-07,Délai de livraison dépassé,1,174.62,refusé
RET03639,VNT022081,CLT03630,PRD0181,2022-02-19,Ne correspond pas à la description,1,1807.82,remboursé
RET03640,VNT034195,CLT01964,PRD0160,2024-11-30,Qualité insuffisante,1,1014.04,remboursé
RET03641,VNT019362,CLT11978,PRD0376,2024-08-02,Mauvaise taille,2,1127.58,remboursé
RET03642,VNT021517,CLT07850,PRD0198,2022-06-11,Qualité insuffisante,5,2270.64,remboursé
RET03643,VNT028581,CLT04344,PRD0144,2024-01-17,Produit défectueux,1,123.59,remboursé
RET03644,VNT037353,CLT00869,PRD0364,2024-01-13,Arrivé endommagé,1,375.94,en_traitement
RET03645,VNT016097,CLT06312,PRD0036,2022-01-31,Mauvaise taille,3,2730.0,en_traitement
RET03646,VNT038690,CLT06641,PRD0065,2025-01-14,Produit défectueux,1,705.68,remboursé
RET03647,VNT027416,CLT10973,PRD0370,2022-02-11,Ne correspond pas à la description,1,267.44,en_traitement
RET03648,VNT032338,CLT01297,PRD0240,2022-04-17,Ne correspond pas à la description,1,1189.86,remboursé
RET03649,VNT028752,CLT00094,PRD0192,2022-08-09,Ne correspond pas à la description,1,745.27,remboursé
RET03650,VNT006939,CLT04299,PRD0213,2022-08-14,Arrivé endommagé,1,4495.94,remboursé
RET03651,VNT001923,CLT00622,PRD0154,2022-11-16,Mauvaise taille,1,184.55,remboursé
RET03652,VNT001411,CLT00462,PRD0150,2023-11-11,Doublon de commande,1,106.26,remboursé
RET03653,VNT043806,CLT11987,PRD0359,2024-06-06,Produit défectueux,1,544.49,en_traitement
RET03654,VNT045025,CLT09239,PRD0081,2023-09-16,Produit défectueux,1,568.56,remboursé
RET03655,VNT034378,CLT01863,PRD0057,2023-08-14,Produit défectueux,1,577.62,remboursé
RET03656,VNT032032,CLT09391,PRD0232,2022-11-20,Arrivé endommagé,4,8024.23,en_traitement
RET03657,VNT019482,CLT05894,PRD0379,2024-10-13,Produit défectueux,1,1379.32,refusé
RET03658,VNT040129,CLT04249,PRD0329,2022-03-30,Ne correspond pas à la description,1,851.04,remboursé
RET03659,VNT028750,CLT08310,PRD0156,2024-07-03,Ne correspond pas à la description,1,612.27,remboursé
RET03660,VNT014549,CLT10897,PRD0123,2024-05-18,Mauvaise taille,1,86.49,refusé
RET03661,VNT043721,CLT07107,PRD0207,2024-03-23,Changement d'avis,1,3920.75,en_traitement
RET03662,VNT048452,CLT03419,PRD0385,2022-03-17,Arrivé endommagé,1,755.14,remboursé
RET03663,VNT036304,CLT03521,PRD0142,2024-06-09,Ne correspond pas à la description,2,40.81,remboursé
RET03664,VNT011435,CLT02318,PRD0080,2023-01-22,Produit défectueux,1,484.1,remboursé
RET03665,VNT016778,CLT11882,PRD0187,2023-11-29,Ne correspond pas à la description,3,5975.76,remboursé
RET03666,VNT032465,CLT04838,PRD0367,2023-05-13,Ne correspond pas à la description,2,894.59,en_traitement
RET03667,VNT037935,CLT11303,PRD0137,2024-08-22,Produit défectueux,1,18.29,en_traitement
RET03668,VNT031771,CLT01627,PRD0358,2022-04-26,Ne correspond pas à la description,1,43.57,remboursé
RET03669,VNT042637,CLT09664,PRD0308,2024-07-05,Arrivé endommagé,1,141.67,remboursé
RET03670,VNT034878,CLT07807,PRD0091,2022-12-12,Produit défectueux,4,1361.26,en_traitement
RET03671,VNT037528,CLT03342,PRD0176,2023-08-01,Délai de livraison dépassé,3,3859.8,en_traitement
RET03672,VNT033438,CLT04678,PRD0304,2022-10-08,Délai de livraison dépassé,1,126.9,refusé
RET03673,VNT006160,CLT06996,PRD0106,2022-12-12,Produit défectueux,1,182.97,refusé
RET03674,VNT006037,CLT00274,PRD0016,2024-11-26,Produit défectueux,1,14750.8,remboursé
RET03675,VNT019708,CLT08713,PRD0376,2024-05-05,Doublon de commande,1,381.83,remboursé
RET03676,VNT015917,CLT05007,PRD0127,2023-06-24,Délai de livraison dépassé,2,953.77,remboursé
RET03677,VNT010031,CLT08542,PRD0028,2022-09-24,Mauvaise taille,1,4471.24,en_traitement
RET03678,VNT004919,CLT03375,PRD0051,2023-03-17,Délai de livraison dépassé,2,1191.35,remboursé
RET03679,VNT043100,CLT08039,PRD0138,2023-03-16,Ne correspond pas à la description,1,936.21,remboursé
RET03680,VNT044634,CLT05706,PRD0166,2024-04-21,Arrivé endommagé,1,487.68,remboursé
RET03681,VNT016605,CLT01693,PRD0385,2023-02-12,Changement d'avis,2,702.46,remboursé
RET03682,VNT044878,CLT05939,PRD0038,2022-11-29,Arrivé endommagé,1,2066.78,remboursé
RET03683,VNT002409,CLT05620,PRD0019,2023-07-05,Mauvaise taille,1,1839.55,remboursé
RET03684,VNT005826,CLT09387,PRD0022,2024-08-15,Produit défectueux,1,428.13,remboursé
RET03685,VNT038218,CLT06948,PRD0172,2024-01-13,Arrivé endommagé,3,1427.75,en_traitement
RET03686,VNT025568,CLT01561,PRD0324,2024-03-24,Mauvaise taille,2,705.36,en_traitement
RET03687,VNT033877,CLT09727,PRD0334,2024-07-09,Délai de livraison dépassé,1,158.61,en_traitement
RET03688,VNT046507,CLT06006,PRD0321,2024-03-08,Produit défectueux,1,602.24,remboursé
RET03689,VNT006256,CLT06770,PRD0397,2024-11-19,Changement d'avis,1,590.79,remboursé
RET03690,VNT023416,CLT02554,PRD0116,2022-02-22,Produit défectueux,3,437.88,en_traitement
RET03691,VNT029521,CLT08052,PRD0220,2024-05-25,Arrivé endommagé,1,2345.34,refusé
RET03692,VNT015768,CLT01035,PRD0218,2022-01-17,Doublon de commande,4,1242.01,remboursé
RET03693,VNT051213,CLT00979,PRD0036,2024-02-08,Arrivé endommagé,1,3895.44,en_traitement
RET03694,VNT006175,CLT11296,PRD0245,2024-03-27,Ne correspond pas à la description,2,2784.14,remboursé
RET03695,VNT003595,CLT03320,PRD0072,2023-03-11,Doublon de commande,3,1207.66,en_traitement
RET03696,VNT050720,CLT10765,PRD0155,2024-11-11,Mauvaise taille,2,687.37,remboursé
RET03697,VNT032196,CLT06407,PRD0294,2023-11-08,Produit défectueux,1,76.86,en_traitement
RET03698,VNT045765,CLT08887,PRD0135,2022-03-06,Ne correspond pas à la description,1,54.29,remboursé
RET03699,VNT014161,CLT04380,PRD0204,2023-12-22,Délai de livraison dépassé,1,464.47,remboursé
RET03700,VNT014497,CLT09968,PRD0058,2024-04-15,Qualité insuffisante,1,948.78,remboursé
RET03701,VNT031343,CLT04140,PRD0156,2022-06-18,Ne correspond pas à la description,1,2237.83,remboursé
RET03702,VNT032321,CLT08255,PRD0198,2024-03-07,Arrivé endommagé,1,424.18,remboursé
RET03703,VNT033616,CLT11315,PRD0155,2024-06-20,Produit défectueux,1,353.29,remboursé
RET03704,VNT034487,CLT02504,PRD0045,2024-07-20,Doublon de commande,1,709.95,remboursé
RET03705,VNT035390,CLT04576,PRD0298,2023-02-15,Mauvaise taille,1,533.5,en_traitement
RET03706,VNT037842,CLT02883,PRD0058,2023-08-11,Arrivé endommagé,2,794.04,remboursé
RET03707,VNT014535,CLT08611,PRD0181,2023-10-06,Produit défectueux,1,1038.48,remboursé
RET03708,VNT027420,CLT08737,PRD0033,2023-07-11,Produit défectueux,1,1186.81,remboursé
RET03709,VNT040987,CLT07765,PRD0350,2022-09-30,Ne correspond pas à la description,1,402.86,remboursé
RET03710,VNT030661,CLT05463,PRD0126,2022-11-13,Changement d'avis,1,136.03,en_traitement
RET03711,VNT046606,CLT08445,PRD0125,2022-09-15,Mauvaise taille,1,35.24,remboursé
RET03712,VNT011788,CLT01362,PRD0021,2022-09-21,Ne correspond pas à la description,1,1000.8,refusé
RET03713,VNT003184,CLT11129,PRD0221,2023-12-19,Ne correspond pas à la description,2,173.37,refusé
RET03714,VNT024078,CLT11002,PRD0341,2024-07-13,Délai de livraison dépassé,2,147.16,remboursé
RET03715,VNT037784,CLT01492,PRD0191,2023-09-22,Ne correspond pas à la description,3,5743.11,remboursé
RET03716,VNT045012,CLT07003,PRD0345,2022-05-16,Arrivé endommagé,1,164.85,refusé
RET03717,VNT042080,CLT10519,PRD0288,2023-07-07,Délai de livraison dépassé,1,301.18,remboursé
RET03718,VNT008102,CLT08051,PRD0052,2023-11-08,Délai de livraison dépassé,1,201.05,remboursé
RET03719,VNT011279,CLT02715,PRD0345,2023-04-24,Mauvaise taille,1,147.33,en_traitement
RET03720,VNT008615,CLT00836,PRD0272,2025-01-08,Délai de livraison dépassé,1,193.54,remboursé
RET03721,VNT021534,CLT09990,PRD0207,2022-08-27,Produit défectueux,1,953.27,remboursé
RET03722,VNT003165,CLT07443,PRD0298,2024-09-07,Produit défectueux,3,1772.33,refusé
RET03723,VNT029585,CLT05600,PRD0312,2024-04-15,Produit défectueux,2,174.16,remboursé
RET03724,VNT047350,CLT05830,PRD0364,2023-04-10,Changement d'avis,1,195.47,refusé
RET03725,VNT019993,CLT00488,PRD0263,2023-10-11,Ne correspond pas à la description,3,1050.15,remboursé
RET03726,VNT008058,CLT04550,PRD0068,2022-12-02,Changement d'avis,1,790.34,remboursé
RET03727,VNT009446,CLT06196,PRD0269,2023-01-08,Ne correspond pas à la description,1,620.59,remboursé
RET03728,VNT035658,CLT04441,PRD0241,2023-01-09,Produit défectueux,2,2778.02,remboursé
RET03729,VNT006122,CLT10086,PRD0134,2022-08-20,Changement d'avis,1,73.65,en_traitement
RET03730,VNT050211,CLT09459,PRD0174,2023-07-07,Produit défectueux,1,1132.38,refusé
RET03731,VNT027736,CLT10380,PRD0098,2024-11-18,Délai de livraison dépassé,1,1823.55,remboursé
RET03732,VNT023348,CLT07593,PRD0065,2023-05-23,Mauvaise taille,1,1221.62,remboursé
RET03733,VNT004086,CLT01048,PRD0359,2023-09-11,Changement d'avis,2,1440.87,remboursé
RET03734,VNT027579,CLT06684,PRD0278,2023-04-18,Changement d'avis,1,405.47,remboursé
RET03735,VNT031065,CLT06881,PRD0355,2022-12-17,Changement d'avis,1,1283.11,refusé
RET03736,VNT014423,CLT11986,PRD0051,2022-06-27,Produit défectueux,1,456.8,remboursé
RET03737,VNT031340,CLT06568,PRD0340,2024-03-19,Arrivé endommagé,1,1191.79,refusé
RET03738,VNT047449,CLT05728,PRD0391,2023-11-21,Arrivé endommagé,3,1371.44,remboursé
RET03739,VNT020830,CLT05021,PRD0375,2022-11-08,Arrivé endommagé,1,665.3,remboursé
RET03740,VNT020391,CLT11906,PRD0369,2024-09-06,Ne correspond pas à la description,1,225.28,remboursé
RET03741,VNT003879,CLT01319,PRD0373,2023-05-05,Mauvaise taille,2,842.45,remboursé
RET03742,VNT019825,CLT05983,PRD0199,2024-12-22,Ne correspond pas à la description,1,437.33,refusé
RET03743,VNT028360,CLT01174,PRD0167,2022-06-26,Mauvaise taille,2,1961.36,remboursé
RET03744,VNT038043,CLT07795,PRD0120,2022-01-27,Changement d'avis,2,133.63,en_traitement
RET03745,VNT040426,CLT10360,PRD0297,2023-12-31,Mauvaise taille,1,293.55,remboursé
RET03746,VNT037122,CLT03671,PRD0354,2022-08-17,Ne correspond pas à la description,2,218.57,remboursé
RET03747,VNT054075,CLT01981,PRD0192,2024-09-10,Ne correspond pas à la description,4,3100.73,en_traitement
RET03748,VNT019321,CLT09493,PRD0204,2023-01-26,Produit défectueux,1,484.42,remboursé
RET03749,VNT054031,CLT02402,PRD0026,2024-05-06,Arrivé endommagé,2,2096.73,en_traitement
